Name,Date,Site,Timepoint,Tile ID,Aux4,Aux5,Height (cm),Latitude,Longitude,Depth,Camera,Photographer,Water quality,Strobes,Framing gear used,White balance card,Comments,Row,Column,Label code,Label ID
TB_090926_001A.jpeg,2026-09-09,Turtle_Bay,6,001A,,,,,,,,NGS,,,,,,180,357,BTurf,10211
TB_090926_001A.jpeg,2026-09-09,Turtle_Bay,6,001A,,,,,,,,NGS,,,,,,382,132,BTurf,10211
TB_090926_001A.jpeg,2026-09-09,Turtle_Bay,6,001A,,,,,,,,NGS,,,,,,368,815,BTurf,10211
TB_090926_001A.jpeg,2026-09-09,Turtle_Bay,6,001A,,,,,,,,NGS,,,,,,411,505,BTurf,10211
TB_090926_001A.jpeg,2026-09-09,Turtle_Bay,6,001A,,,,,,,,NGS,,,,,,409,690,BTurf,10211
TB_090926_001A.jpeg,2026-09-09,Turtle_Bay,6,001A,,,,,,,,NGS,,,,,,224,998,BTurf,10211
TB_090926_001A.jpeg,2026-09-09,Turtle_Bay,6,001A,,,,,,,,NGS,,,,,,344,960,BTurf,10211
TB_090926_001A.jpeg,2026-09-09,Turtle_Bay,6,001A,,,,,,,,NGS,,,,,,238,898,BTurf,10211
TB_090926_001A.jpeg,2026-09-09,Turtle_Bay,6,001A,,,,,,,,NGS,,,,,,328,880,BTurf,10211
TB_090926_001A.jpeg,2026-09-09,Turtle_Bay,6,001A,,,,,,,,NGS,,,,,,417,1040,BTurf,10211
TB_090926_001A.jpeg,2026-09-09,Turtle_Bay,6,001A,,,,,,,,NGS,,,,,,351,1457,BTurf,10211
TB_090926_001A.jpeg,2026-09-09,Turtle_Bay,6,001A,,,,,,,,NGS,,,,,,356,1386,BTurf,10211
TB_090926_001A.jpeg,2026-09-09,Turtle_Bay,6,001A,,,,,,,,NGS,,,,,,283,1505,BTurf,10211
TB_090926_001A.jpeg,2026-09-09,Turtle_Bay,6,001A,,,,,,,,NGS,,,,,,151,1246,BTurf,10211
TB_090926_001A.jpeg,2026-09-09,Turtle_Bay,6,001A,,,,,,,,NGS,,,,,,222,1440,BTurf,10211
TB_090926_001A.jpeg,2026-09-09,Turtle_Bay,6,001A,,,,,,,,NGS,,,,,,216,1870,BTurf,10211
TB_090926_001A.jpeg,2026-09-09,Turtle_Bay,6,001A,,,,,,,,NGS,,,,,,331,1670,BTurf,10211
TB_090926_001A.jpeg,2026-09-09,Turtle_Bay,6,001A,,,,,,,,NGS,,,,,,748,186,BTurf,10211
TB_090926_001A.jpeg,2026-09-09,Turtle_Bay,6,001A,,,,,,,,NGS,,,,,,803,224,BEA,2533
TB_090926_001A.jpeg,2026-09-09,Turtle_Bay,6,001A,,,,,,,,NGS,,,,,,471,534,BTurf,10211
TB_090926_001A.jpeg,2026-09-09,Turtle_Bay,6,001A,,,,,,,,NGS,,,,,,730,805,BTurf,10211
TB_090926_001A.jpeg,2026-09-09,Turtle_Bay,6,001A,,,,,,,,NGS,,,,,,644,714,BTurf,10211
TB_090926_001A.jpeg,2026-09-09,Turtle_Bay,6,001A,,,,,,,,NGS,,,,,,676,999,BTurf,10211
TB_090926_001A.jpeg,2026-09-09,Turtle_Bay,6,001A,,,,,,,,NGS,,,,,,466,1091,BTurf,10211
TB_090926_001A.jpeg,2026-09-09,Turtle_Bay,6,001A,,,,,,,,NGS,,,,,,644,1009,BTurf,10211
TB_090926_001A.jpeg,2026-09-09,Turtle_Bay,6,001A,,,,,,,,NGS,,,,,,716,1156,BTurf,10211
TB_090926_001A.jpeg,2026-09-09,Turtle_Bay,6,001A,,,,,,,,NGS,,,,,,745,1425,BTurf,10211
TB_090926_001A.jpeg,2026-09-09,Turtle_Bay,6,001A,,,,,,,,NGS,,,,,,614,1445,BTurf,10211
TB_090926_001A.jpeg,2026-09-09,Turtle_Bay,6,001A,,,,,,,,NGS,,,,,,501,1262,BTurf,10211
TB_090926_001A.jpeg,2026-09-09,Turtle_Bay,6,001A,,,,,,,,NGS,,,,,,520,1248,BTurf,10211
TB_090926_001A.jpeg,2026-09-09,Turtle_Bay,6,001A,,,,,,,,NGS,,,,,,532,1402,BTurf,10211
TB_090926_001A.jpeg,2026-09-09,Turtle_Bay,6,001A,,,,,,,,NGS,,,,,,712,1768,BTurf,10211
TB_090926_001A.jpeg,2026-09-09,Turtle_Bay,6,001A,,,,,,,,NGS,,,,,,567,1576,BTurf,10211
TB_090926_001A.jpeg,2026-09-09,Turtle_Bay,6,001A,,,,,,,,NGS,,,,,,772,1722,BTurf,10211
TB_090926_001A.jpeg,2026-09-09,Turtle_Bay,6,001A,,,,,,,,NGS,,,,,,454,1712,BTurf,10211
TB_090926_001A.jpeg,2026-09-09,Turtle_Bay,6,001A,,,,,,,,NGS,,,,,,866,249,BEA,2533
TB_090926_001A.jpeg,2026-09-09,Turtle_Bay,6,001A,,,,,,,,NGS,,,,,,1012,353,BTurf,10211
TB_090926_001A.jpeg,2026-09-09,Turtle_Bay,6,001A,,,,,,,,NGS,,,,,,916,289,BTurf,10211
TB_090926_001A.jpeg,2026-09-09,Turtle_Bay,6,001A,,,,,,,,NGS,,,,,,1035,487,BTurf,10211
TB_090926_001A.jpeg,2026-09-09,Turtle_Bay,6,001A,,,,,,,,NGS,,,,,,909,472,BTurf,10211
TB_090926_001A.jpeg,2026-09-09,Turtle_Bay,6,001A,,,,,,,,NGS,,,,,,1065,786,BTurf,10211
TB_090926_001A.jpeg,2026-09-09,Turtle_Bay,6,001A,,,,,,,,NGS,,,,,,1000,880,BTurf,10211
TB_090926_001A.jpeg,2026-09-09,Turtle_Bay,6,001A,,,,,,,,NGS,,,,,,1101,984,BTurf,10211
TB_090926_001A.jpeg,2026-09-09,Turtle_Bay,6,001A,,,,,,,,NGS,,,,,,1095,1340,BTurf,10211
TB_090926_001A.jpeg,2026-09-09,Turtle_Bay,6,001A,,,,,,,,NGS,,,,,,1049,1209,BTurf,10211
TB_090926_001A.jpeg,2026-09-09,Turtle_Bay,6,001A,,,,,,,,NGS,,,,,,849,1543,BTurf,10211
TB_090926_001A.jpeg,2026-09-09,Turtle_Bay,6,001A,,,,,,,,NGS,,,,,,937,1635,BTurf,10211
TB_090926_001A.jpeg,2026-09-09,Turtle_Bay,6,001A,,,,,,,,NGS,,,,,,827,1878,BTurf,10211
TB_090926_001A.jpeg,2026-09-09,Turtle_Bay,6,001A,,,,,,,,NGS,,,,,,1084,1638,BTurf,10211
TB_090926_001A.jpeg,2026-09-09,Turtle_Bay,6,001A,,,,,,,,NGS,,,,,,1166,154,BTurf,10211
TB_090926_001A.jpeg,2026-09-09,Turtle_Bay,6,001A,,,,,,,,NGS,,,,,,1406,241,BTurf,10211
TB_090926_001A.jpeg,2026-09-09,Turtle_Bay,6,001A,,,,,,,,NGS,,,,,,1446,196,Unk,1647
TB_090926_001A.jpeg,2026-09-09,Turtle_Bay,6,001A,,,,,,,,NGS,,,,,,1509,428,BTurf,10211
TB_090926_001A.jpeg,2026-09-09,Turtle_Bay,6,001A,,,,,,,,NGS,,,,,,1398,635,BTurf,10211
TB_090926_001A.jpeg,2026-09-09,Turtle_Bay,6,001A,,,,,,,,NGS,,,,,,1241,495,BTurf,10211
TB_090926_001A.jpeg,2026-09-09,Turtle_Bay,6,001A,,,,,,,,NGS,,,,,,1421,680,BTurf,10211
TB_090926_001A.jpeg,2026-09-09,Turtle_Bay,6,001A,,,,,,,,NGS,,,,,,1194,576,BTurf,10211
TB_090926_001A.jpeg,2026-09-09,Turtle_Bay,6,001A,,,,,,,,NGS,,,,,,1485,637,BTurf,10211
TB_090926_001A.jpeg,2026-09-09,Turtle_Bay,6,001A,,,,,,,,NGS,,,,,,1334,808,BTurf,10211
TB_090926_001A.jpeg,2026-09-09,Turtle_Bay,6,001A,,,,,,,,NGS,,,,,,1400,853,BTurf,10211
TB_090926_001A.jpeg,2026-09-09,Turtle_Bay,6,001A,,,,,,,,NGS,,,,,,1504,957,BTurf,10211
TB_090926_001A.jpeg,2026-09-09,Turtle_Bay,6,001A,,,,,,,,NGS,,,,,,1214,892,BTurf,10211
TB_090926_001A.jpeg,2026-09-09,Turtle_Bay,6,001A,,,,,,,,NGS,,,,,,1315,912,BTurf,10211
TB_090926_001A.jpeg,2026-09-09,Turtle_Bay,6,001A,,,,,,,,NGS,,,,,,1372,1099,BTurf,10211
TB_090926_001A.jpeg,2026-09-09,Turtle_Bay,6,001A,,,,,,,,NGS,,,,,,1268,1783,BTurf,10211
TB_090926_001A.jpeg,2026-09-09,Turtle_Bay,6,001A,,,,,,,,NGS,,,,,,1245,1711,BTurf,10211
TB_090926_001A.jpeg,2026-09-09,Turtle_Bay,6,001A,,,,,,,,NGS,,,,,,1289,1800,BTurf,10211
TB_090926_001A.jpeg,2026-09-09,Turtle_Bay,6,001A,,,,,,,,NGS,,,,,,1342,1911,BTurf,10211
TB_090926_001A.jpeg,2026-09-09,Turtle_Bay,6,001A,,,,,,,,NGS,,,,,,1582,103,BEA,2533
TB_090926_001A.jpeg,2026-09-09,Turtle_Bay,6,001A,,,,,,,,NGS,,,,,,1658,250,BEA,2533
TB_090926_001A.jpeg,2026-09-09,Turtle_Bay,6,001A,,,,,,,,NGS,,,,,,1711,244,BEA,2533
TB_090926_001A.jpeg,2026-09-09,Turtle_Bay,6,001A,,,,,,,,NGS,,,,,,1839,888,BTurf,10211
TB_090926_001A.jpeg,2026-09-09,Turtle_Bay,6,001A,,,,,,,,NGS,,,,,,1759,1822,BTurf,10211
TB_090926_001A.jpeg,2026-09-09,Turtle_Bay,6,001A,,,,,,,,NGS,,,,,,1633,1820,BTurf,10211
TB_090926_001A.jpeg,2026-09-09,Turtle_Bay,6,001A,,,,,,,,NGS,,,,,,1522,1786,BTurf,10211
TB_090926_001B.jpeg,2026-09-09,Turtle_Bay,6,001B,,,,,,,,NGS,,,,,,328,161,BTurf,10211
TB_090926_001B.jpeg,2026-09-09,Turtle_Bay,6,001B,,,,,,,,NGS,,,,,,191,264,BTurf,10211
TB_090926_001B.jpeg,2026-09-09,Turtle_Bay,6,001B,,,,,,,,NGS,,,,,,242,211,BTurf,10211
TB_090926_001B.jpeg,2026-09-09,Turtle_Bay,6,001B,,,,,,,,NGS,,,,,,491,718,BTurf,10211
TB_090926_001B.jpeg,2026-09-09,Turtle_Bay,6,001B,,,,,,,,NGS,,,,,,300,642,BTurf,10211
TB_090926_001B.jpeg,2026-09-09,Turtle_Bay,6,001B,,,,,,,,NGS,,,,,,123,995,BTurf,10211
TB_090926_001B.jpeg,2026-09-09,Turtle_Bay,6,001B,,,,,,,,NGS,,,,,,290,1665,BTurf,10211
TB_090926_001B.jpeg,2026-09-09,Turtle_Bay,6,001B,,,,,,,,NGS,,,,,,432,1656,BTurf,10211
TB_090926_001B.jpeg,2026-09-09,Turtle_Bay,6,001B,,,,,,,,NGS,,,,,,451,1562,BTurf,10211
TB_090926_001B.jpeg,2026-09-09,Turtle_Bay,6,001B,,,,,,,,NGS,,,,,,452,1409,BTurf,10211
TB_090926_001B.jpeg,2026-09-09,Turtle_Bay,6,001B,,,,,,,,NGS,,,,,,252,2114,BTurf,10211
TB_090926_001B.jpeg,2026-09-09,Turtle_Bay,6,001B,,,,,,,,NGS,,,,,,151,2006,BTurf,10211
TB_090926_001B.jpeg,2026-09-09,Turtle_Bay,6,001B,,,,,,,,NGS,,,,,,242,1949,BTurf,10211
TB_090926_001B.jpeg,2026-09-09,Turtle_Bay,6,001B,,,,,,,,NGS,,,,,,392,1765,BTurf,10211
TB_090926_001B.jpeg,2026-09-09,Turtle_Bay,6,001B,,,,,,,,NGS,,,,,,368,1882,BTurf,10211
TB_090926_001B.jpeg,2026-09-09,Turtle_Bay,6,001B,,,,,,,,NGS,,,,,,538,402,BTurf,10211
TB_090926_001B.jpeg,2026-09-09,Turtle_Bay,6,001B,,,,,,,,NGS,,,,,,543,357,BEA,2533
TB_090926_001B.jpeg,2026-09-09,Turtle_Bay,6,001B,,,,,,,,NGS,,,,,,910,518,BTurf,10211
TB_090926_001B.jpeg,2026-09-09,Turtle_Bay,6,001B,,,,,,,,NGS,,,,,,697,920,ABREV,3727
TB_090926_001B.jpeg,2026-09-09,Turtle_Bay,6,001B,,,,,,,,NGS,,,,,,760,1082,BTurf,10211
TB_090926_001B.jpeg,2026-09-09,Turtle_Bay,6,001B,,,,,,,,NGS,,,,,,866,1374,BTurf,10211
TB_090926_001B.jpeg,2026-09-09,Turtle_Bay,6,001B,,,,,,,,NGS,,,,,,712,1409,BTurf,10211
TB_090926_001B.jpeg,2026-09-09,Turtle_Bay,6,001B,,,,,,,,NGS,,,,,,647,1326,BTurf,10211
TB_090926_001B.jpeg,2026-09-09,Turtle_Bay,6,001B,,,,,,,,NGS,,,,,,851,1770,ABREV,3727
TB_090926_001B.jpeg,2026-09-09,Turtle_Bay,6,001B,,,,,,,,NGS,,,,,,814,1973,BTurf,10211
TB_090926_001B.jpeg,2026-09-09,Turtle_Bay,6,001B,,,,,,,,NGS,,,,,,715,1901,BTurf,10211
TB_090926_001B.jpeg,2026-09-09,Turtle_Bay,6,001B,,,,,,,,NGS,,,,,,669,1747,BTurf,10211
TB_090926_001B.jpeg,2026-09-09,Turtle_Bay,6,001B,,,,,,,,NGS,,,,,,701,1935,BTurf,10211
TB_090926_001B.jpeg,2026-09-09,Turtle_Bay,6,001B,,,,,,,,NGS,,,,,,1156,218,BTurf,10211
TB_090926_001B.jpeg,2026-09-09,Turtle_Bay,6,001B,,,,,,,,NGS,,,,,,1330,342,BTurf,10211
TB_090926_001B.jpeg,2026-09-09,Turtle_Bay,6,001B,,,,,,,,NGS,,,,,,1110,947,BTurf,10211
TB_090926_001B.jpeg,2026-09-09,Turtle_Bay,6,001B,,,,,,,,NGS,,,,,,1008,1120,BTurf,10211
TB_090926_001B.jpeg,2026-09-09,Turtle_Bay,6,001B,,,,,,,,NGS,,,,,,1142,1266,BTurf,10211
TB_090926_001B.jpeg,2026-09-09,Turtle_Bay,6,001B,,,,,,,,NGS,,,,,,1188,1561,BTurf,10211
TB_090926_001B.jpeg,2026-09-09,Turtle_Bay,6,001B,,,,,,,,NGS,,,,,,1324,1909,BTurf,10211
TB_090926_001B.jpeg,2026-09-09,Turtle_Bay,6,001B,,,,,,,,NGS,,,,,,1289,2055,BTurf,10211
TB_090926_001B.jpeg,2026-09-09,Turtle_Bay,6,001B,,,,,,,,NGS,,,,,,1158,1969,BTurf,10211
TB_090926_001B.jpeg,2026-09-09,Turtle_Bay,6,001B,,,,,,,,NGS,,,,,,1044,1965,BTurf,10211
TB_090926_001B.jpeg,2026-09-09,Turtle_Bay,6,001B,,,,,,,,NGS,,,,,,1027,1761,ABREV,3727
TB_090926_001B.jpeg,2026-09-09,Turtle_Bay,6,001B,,,,,,,,NGS,,,,,,1098,1908,BTurf,10211
TB_090926_001B.jpeg,2026-09-09,Turtle_Bay,6,001B,,,,,,,,NGS,,,,,,1007,1838,BTurf,10211
TB_090926_001B.jpeg,2026-09-09,Turtle_Bay,6,001B,,,,,,,,NGS,,,,,,1737,210,BTurf,10211
TB_090926_001B.jpeg,2026-09-09,Turtle_Bay,6,001B,,,,,,,,NGS,,,,,,1466,193,BTurf,10211
TB_090926_001B.jpeg,2026-09-09,Turtle_Bay,6,001B,,,,,,,,NGS,,,,,,1412,536,BTurf,10211
TB_090926_001B.jpeg,2026-09-09,Turtle_Bay,6,001B,,,,,,,,NGS,,,,,,1739,826,BTurf,10211
TB_090926_001B.jpeg,2026-09-09,Turtle_Bay,6,001B,,,,,,,,NGS,,,,,,1657,797,BTurf,10211
TB_090926_001B.jpeg,2026-09-09,Turtle_Bay,6,001B,,,,,,,,NGS,,,,,,1382,1281,BTurf,10211
TB_090926_001B.jpeg,2026-09-09,Turtle_Bay,6,001B,,,,,,,,NGS,,,,,,1613,1108,BTurf,10211
TB_090926_001B.jpeg,2026-09-09,Turtle_Bay,6,001B,,,,,,,,NGS,,,,,,1708,1028,BTurf,10211
TB_090926_001B.jpeg,2026-09-09,Turtle_Bay,6,001B,,,,,,,,NGS,,,,,,1479,1695,BTurf,10211
TB_090926_001B.jpeg,2026-09-09,Turtle_Bay,6,001B,,,,,,,,NGS,,,,,,1699,1419,BTurf,10211
TB_090926_001B.jpeg,2026-09-09,Turtle_Bay,6,001B,,,,,,,,NGS,,,,,,1587,1987,BTurf,10211
TB_090926_001B.jpeg,2026-09-09,Turtle_Bay,6,001B,,,,,,,,NGS,,,,,,1708,1960,BTurf,10211
TB_090926_001B.jpeg,2026-09-09,Turtle_Bay,6,001B,,,,,,,,NGS,,,,,,1585,1862,BTurf,10211
TB_090926_001B.jpeg,2026-09-09,Turtle_Bay,6,001B,,,,,,,,NGS,,,,,,1537,1968,BTurf,10211
TB_090926_001B.jpeg,2026-09-09,Turtle_Bay,6,001B,,,,,,,,NGS,,,,,,1486,2039,BTurf,10211
TB_090926_001B.jpeg,2026-09-09,Turtle_Bay,6,001B,,,,,,,,NGS,,,,,,1640,1971,BTurf,10211
TB_090926_001B.jpeg,2026-09-09,Turtle_Bay,6,001B,,,,,,,,NGS,,,,,,1498,1798,BTurf,10211
TB_090926_001B.jpeg,2026-09-09,Turtle_Bay,6,001B,,,,,,,,NGS,,,,,,1460,2112,BTurf,10211
TB_090926_001B.jpeg,2026-09-09,Turtle_Bay,6,001B,,,,,,,,NGS,,,,,,1387,1746,BTurf,10211
TB_090926_001B.jpeg,2026-09-09,Turtle_Bay,6,001B,,,,,,,,NGS,,,,,,1963,359,BTurf,10211
TB_090926_001B.jpeg,2026-09-09,Turtle_Bay,6,001B,,,,,,,,NGS,,,,,,1976,310,BTurf,10211
TB_090926_001B.jpeg,2026-09-09,Turtle_Bay,6,001B,,,,,,,,NGS,,,,,,1913,185,BTurf,10211
TB_090926_001B.jpeg,2026-09-09,Turtle_Bay,6,001B,,,,,,,,NGS,,,,,,2085,792,BTurf,10211
TB_090926_001B.jpeg,2026-09-09,Turtle_Bay,6,001B,,,,,,,,NGS,,,,,,1752,1111,BTurf,10211
TB_090926_001B.jpeg,2026-09-09,Turtle_Bay,6,001B,,,,,,,,NGS,,,,,,2005,1235,BTurf,10211
TB_090926_001B.jpeg,2026-09-09,Turtle_Bay,6,001B,,,,,,,,NGS,,,,,,2106,1593,BTurf,10211
TB_090926_001B.jpeg,2026-09-09,Turtle_Bay,6,001B,,,,,,,,NGS,,,,,,1856,1633,BTurf,10211
TB_090926_001B.jpeg,2026-09-09,Turtle_Bay,6,001B,,,,,,,,NGS,,,,,,1930,1466,BTurf,10211
TB_090926_001B.jpeg,2026-09-09,Turtle_Bay,6,001B,,,,,,,,NGS,,,,,,2029,1558,BTurf,10211
TB_090926_001B.jpeg,2026-09-09,Turtle_Bay,6,001B,,,,,,,,NGS,,,,,,1882,1945,ABREV,3727
TB_090926_001B.jpeg,2026-09-09,Turtle_Bay,6,001B,,,,,,,,NGS,,,,,,1923,1957,BTurf,10211
TB_090926_001B.jpeg,2026-09-09,Turtle_Bay,6,001B,,,,,,,,NGS,,,,,,1841,1822,BTurf,10211
TB_090926_001B.jpeg,2026-09-09,Turtle_Bay,6,001B,,,,,,,,NGS,,,,,,1879,2046,BTurf,10211
TB_090926_001B.jpeg,2026-09-09,Turtle_Bay,6,001B,,,,,,,,NGS,,,,,,2080,1785,BTurf,10211
TB_090926_002B.jpeg,2026-09-09,Turtle_Bay,6,002B,,,,,,,,NGS,,,,,,238,438,GEA,2534
TB_090926_002B.jpeg,2026-09-09,Turtle_Bay,6,002B,,,,,,,,NGS,,,,,,294,500,GEA,2534
TB_090926_002B.jpeg,2026-09-09,Turtle_Bay,6,002B,,,,,,,,NGS,,,,,,344,216,GEA,2534
TB_090926_002B.jpeg,2026-09-09,Turtle_Bay,6,002B,,,,,,,,NGS,,,,,,274,602,GEA,2534
TB_090926_002B.jpeg,2026-09-09,Turtle_Bay,6,002B,,,,,,,,NGS,,,,,,448,670,BEA,2533
TB_090926_002B.jpeg,2026-09-09,Turtle_Bay,6,002B,,,,,,,,NGS,,,,,,380,532,GEA,2534
TB_090926_002B.jpeg,2026-09-09,Turtle_Bay,6,002B,,,,,,,,NGS,,,,,,259,833,BEA,2533
TB_090926_002B.jpeg,2026-09-09,Turtle_Bay,6,002B,,,,,,,,NGS,,,,,,220,894,GEA,2534
TB_090926_002B.jpeg,2026-09-09,Turtle_Bay,6,002B,,,,,,,,NGS,,,,,,177,976,GEA,2534
TB_090926_002B.jpeg,2026-09-09,Turtle_Bay,6,002B,,,,,,,,NGS,,,,,,495,1285,BEA,2533
TB_090926_002B.jpeg,2026-09-09,Turtle_Bay,6,002B,,,,,,,,NGS,,,,,,397,899,BEA,2533
TB_090926_002B.jpeg,2026-09-09,Turtle_Bay,6,002B,,,,,,,,NGS,,,,,,318,1323,GEA,2534
TB_090926_002B.jpeg,2026-09-09,Turtle_Bay,6,002B,,,,,,,,NGS,,,,,,118,1409,BTurf,10211
TB_090926_002B.jpeg,2026-09-09,Turtle_Bay,6,002B,,,,,,,,NGS,,,,,,172,1466,BTurf,10211
TB_090926_002B.jpeg,2026-09-09,Turtle_Bay,6,002B,,,,,,,,NGS,,,,,,453,1507,BEA,2533
TB_090926_002B.jpeg,2026-09-09,Turtle_Bay,6,002B,,,,,,,,NGS,,,,,,345,1986,BTurf,10211
TB_090926_002B.jpeg,2026-09-09,Turtle_Bay,6,002B,,,,,,,,NGS,,,,,,298,1808,BTurf,10211
TB_090926_002B.jpeg,2026-09-09,Turtle_Bay,6,002B,,,,,,,,NGS,,,,,,396,2049,BEA,2533
TB_090926_002B.jpeg,2026-09-09,Turtle_Bay,6,002B,,,,,,,,NGS,,,,,,657,427,BEA,2533
TB_090926_002B.jpeg,2026-09-09,Turtle_Bay,6,002B,,,,,,,,NGS,,,,,,669,223,GEA,2534
TB_090926_002B.jpeg,2026-09-09,Turtle_Bay,6,002B,,,,,,,,NGS,,,,,,591,680,BEA,2533
TB_090926_002B.jpeg,2026-09-09,Turtle_Bay,6,002B,,,,,,,,NGS,,,,,,646,1018,BTurf,10211
TB_090926_002B.jpeg,2026-09-09,Turtle_Bay,6,002B,,,,,,,,NGS,,,,,,739,1197,BTurf,10211
TB_090926_002B.jpeg,2026-09-09,Turtle_Bay,6,002B,,,,,,,,NGS,,,,,,689,1111,BTurf,10211
TB_090926_002B.jpeg,2026-09-09,Turtle_Bay,6,002B,,,,,,,,NGS,,,,,,843,1418,BTurf,10211
TB_090926_002B.jpeg,2026-09-09,Turtle_Bay,6,002B,,,,,,,,NGS,,,,,,633,1648,GEA,2534
TB_090926_002B.jpeg,2026-09-09,Turtle_Bay,6,002B,,,,,,,,NGS,,,,,,687,1644,GEA,2534
TB_090926_002B.jpeg,2026-09-09,Turtle_Bay,6,002B,,,,,,,,NGS,,,,,,794,1546,BTurf,10211
TB_090926_002B.jpeg,2026-09-09,Turtle_Bay,6,002B,,,,,,,,NGS,,,,,,572,2039,BTurf,10211
TB_090926_002B.jpeg,2026-09-09,Turtle_Bay,6,002B,,,,,,,,NGS,,,,,,534,1760,GEA,2534
TB_090926_002B.jpeg,2026-09-09,Turtle_Bay,6,002B,,,,,,,,NGS,,,,,,766,1781,BTurf,10211
TB_090926_002B.jpeg,2026-09-09,Turtle_Bay,6,002B,,,,,,,,NGS,,,,,,518,1719,GEA,2534
TB_090926_002B.jpeg,2026-09-09,Turtle_Bay,6,002B,,,,,,,,NGS,,,,,,933,190,GEA,2534
TB_090926_002B.jpeg,2026-09-09,Turtle_Bay,6,002B,,,,,,,,NGS,,,,,,1186,331,BTurf,10211
TB_090926_002B.jpeg,2026-09-09,Turtle_Bay,6,002B,,,,,,,,NGS,,,,,,1155,470,GEA,2534
TB_090926_002B.jpeg,2026-09-09,Turtle_Bay,6,002B,,,,,,,,NGS,,,,,,1276,855,BEA,2533
TB_090926_002B.jpeg,2026-09-09,Turtle_Bay,6,002B,,,,,,,,NGS,,,,,,921,637,BTurf,10211
TB_090926_002B.jpeg,2026-09-09,Turtle_Bay,6,002B,,,,,,,,NGS,,,,,,1003,719,BTurf,10211
TB_090926_002B.jpeg,2026-09-09,Turtle_Bay,6,002B,,,,,,,,NGS,,,,,,1201,1441,BTurf,10211
TB_090926_002B.jpeg,2026-09-09,Turtle_Bay,6,002B,,,,,,,,NGS,,,,,,947,1374,BTurf,10211
TB_090926_002B.jpeg,2026-09-09,Turtle_Bay,6,002B,,,,,,,,NGS,,,,,,978,1607,BTurf,10211
TB_090926_002B.jpeg,2026-09-09,Turtle_Bay,6,002B,,,,,,,,NGS,,,,,,1103,1423,BTurf,10211
TB_090926_002B.jpeg,2026-09-09,Turtle_Bay,6,002B,,,,,,,,NGS,,,,,,1023,1842,BTurf,10211
TB_090926_002B.jpeg,2026-09-09,Turtle_Bay,6,002B,,,,,,,,NGS,,,,,,1062,2060,BTurf,10211
TB_090926_002B.jpeg,2026-09-09,Turtle_Bay,6,002B,,,,,,,,NGS,,,,,,1367,627,GEA,2534
TB_090926_002B.jpeg,2026-09-09,Turtle_Bay,6,002B,,,,,,,,NGS,,,,,,1370,774,GEA,2534
TB_090926_002B.jpeg,2026-09-09,Turtle_Bay,6,002B,,,,,,,,NGS,,,,,,1493,917,BTurf,10211
TB_090926_002B.jpeg,2026-09-09,Turtle_Bay,6,002B,,,,,,,,NGS,,,,,,1646,1038,BTurf,10211
TB_090926_002B.jpeg,2026-09-09,Turtle_Bay,6,002B,,,,,,,,NGS,,,,,,1332,1125,BEA,2533
TB_090926_002B.jpeg,2026-09-09,Turtle_Bay,6,002B,,,,,,,,NGS,,,,,,1684,1181,BTurf,10211
TB_090926_002B.jpeg,2026-09-09,Turtle_Bay,6,002B,,,,,,,,NGS,,,,,,1590,1216,BTurf,10211
TB_090926_002B.jpeg,2026-09-09,Turtle_Bay,6,002B,,,,,,,,NGS,,,,,,1337,923,BTurf,10211
TB_090926_002B.jpeg,2026-09-09,Turtle_Bay,6,002B,,,,,,,,NGS,,,,,,1576,1234,BTurf,10211
TB_090926_002B.jpeg,2026-09-09,Turtle_Bay,6,002B,,,,,,,,NGS,,,,,,1575,1345,BEA,2533
TB_090926_002B.jpeg,2026-09-09,Turtle_Bay,6,002B,,,,,,,,NGS,,,,,,1460,1421,BEA,2533
TB_090926_002B.jpeg,2026-09-09,Turtle_Bay,6,002B,,,,,,,,NGS,,,,,,1495,1630,BEA,2533
TB_090926_002B.jpeg,2026-09-09,Turtle_Bay,6,002B,,,,,,,,NGS,,,,,,1652,1576,BEA,2533
TB_090926_002B.jpeg,2026-09-09,Turtle_Bay,6,002B,,,,,,,,NGS,,,,,,1369,2020,BEA,2533
TB_090926_002B.jpeg,2026-09-09,Turtle_Bay,6,002B,,,,,,,,NGS,,,,,,1365,1987,BTurf,10211
TB_090926_002B.jpeg,2026-09-09,Turtle_Bay,6,002B,,,,,,,,NGS,,,,,,1879,435,BTurf,10211
TB_090926_002B.jpeg,2026-09-09,Turtle_Bay,6,002B,,,,,,,,NGS,,,,,,1787,358,BEA,2533
TB_090926_002B.jpeg,2026-09-09,Turtle_Bay,6,002B,,,,,,,,NGS,,,,,,1791,855,GEA,2534
TB_090926_002B.jpeg,2026-09-09,Turtle_Bay,6,002B,,,,,,,,NGS,,,,,,2010,635,GEA,2534
TB_090926_002B.jpeg,2026-09-09,Turtle_Bay,6,002B,,,,,,,,NGS,,,,,,1932,819,GEA,2534
TB_090926_002B.jpeg,2026-09-09,Turtle_Bay,6,002B,,,,,,,,NGS,,,,,,1868,748,GEA,2534
TB_090926_002B.jpeg,2026-09-09,Turtle_Bay,6,002B,,,,,,,,NGS,,,,,,1908,959,BEA,2533
TB_090926_002B.jpeg,2026-09-09,Turtle_Bay,6,002B,,,,,,,,NGS,,,,,,2068,923,BEA,2533
TB_090926_002B.jpeg,2026-09-09,Turtle_Bay,6,002B,,,,,,,,NGS,,,,,,1892,927,BEA,2533
TB_090926_002B.jpeg,2026-09-09,Turtle_Bay,6,002B,,,,,,,,NGS,,,,,,1768,917,BEA,2533
TB_090926_002B.jpeg,2026-09-09,Turtle_Bay,6,002B,,,,,,,,NGS,,,,,,1735,1659,GEA,2534
TB_090926_002B.jpeg,2026-09-09,Turtle_Bay,6,002B,,,,,,,,NGS,,,,,,1978,1555,BEA,2533
TB_090926_002B.jpeg,2026-09-09,Turtle_Bay,6,002B,,,,,,,,NGS,,,,,,1972,1400,BTurf,10211
TB_090926_002B.jpeg,2026-09-09,Turtle_Bay,6,002B,,,,,,,,NGS,,,,,,1948,2045,BEA,2533
TB_090926_002B.jpeg,2026-09-09,Turtle_Bay,6,002B,,,,,,,,NGS,,,,,,2085,1733,BEA,2533
TB_090926_002B.jpeg,2026-09-09,Turtle_Bay,6,002B,,,,,,,,NGS,,,,,,1845,2038,BTurf,10211
TB_090926_003A.jpeg,2026-09-09,Turtle_Bay,6,003A,,,,,,,,NGS,,,,,,200,479,BTurf,10211
TB_090926_003A.jpeg,2026-09-09,Turtle_Bay,6,003A,,,,,,,,NGS,,,,,,240,333,BTurf,10211
TB_090926_003A.jpeg,2026-09-09,Turtle_Bay,6,003A,,,,,,,,NGS,,,,,,441,270,BTurf,10211
TB_090926_003A.jpeg,2026-09-09,Turtle_Bay,6,003A,,,,,,,,NGS,,,,,,282,1114,BTurf,10211
TB_090926_003A.jpeg,2026-09-09,Turtle_Bay,6,003A,,,,,,,,NGS,,,,,,493,1583,BTurf,10211
TB_090926_003A.jpeg,2026-09-09,Turtle_Bay,6,003A,,,,,,,,NGS,,,,,,240,1471,BTurf,10211
TB_090926_003A.jpeg,2026-09-09,Turtle_Bay,6,003A,,,,,,,,NGS,,,,,,153,1346,BEA,2533
TB_090926_003A.jpeg,2026-09-09,Turtle_Bay,6,003A,,,,,,,,NGS,,,,,,239,1697,BEA,2533
TB_090926_003A.jpeg,2026-09-09,Turtle_Bay,6,003A,,,,,,,,NGS,,,,,,116,1730,BTurf,10211
TB_090926_003A.jpeg,2026-09-09,Turtle_Bay,6,003A,,,,,,,,NGS,,,,,,500,1920,BTurf,10211
TB_090926_003A.jpeg,2026-09-09,Turtle_Bay,6,003A,,,,,,,,NGS,,,,,,309,1732,BTurf,10211
TB_090926_003A.jpeg,2026-09-09,Turtle_Bay,6,003A,,,,,,,,NGS,,,,,,239,1963,BTurf,10211
TB_090926_003A.jpeg,2026-09-09,Turtle_Bay,6,003A,,,,,,,,NGS,,,,,,529,403,BTurf,10211
TB_090926_003A.jpeg,2026-09-09,Turtle_Bay,6,003A,,,,,,,,NGS,,,,,,853,318,BTurf,10211
TB_090926_003A.jpeg,2026-09-09,Turtle_Bay,6,003A,,,,,,,,NGS,,,,,,734,452,BTurf,10211
TB_090926_003A.jpeg,2026-09-09,Turtle_Bay,6,003A,,,,,,,,NGS,,,,,,813,242,BTurf,10211
TB_090926_003A.jpeg,2026-09-09,Turtle_Bay,6,003A,,,,,,,,NGS,,,,,,772,321,BTurf,10211
TB_090926_003A.jpeg,2026-09-09,Turtle_Bay,6,003A,,,,,,,,NGS,,,,,,909,717,BTurf,10211
TB_090926_003A.jpeg,2026-09-09,Turtle_Bay,6,003A,,,,,,,,NGS,,,,,,856,780,BTurf,10211
TB_090926_003A.jpeg,2026-09-09,Turtle_Bay,6,003A,,,,,,,,NGS,,,,,,845,768,BTurf,10211
TB_090926_003A.jpeg,2026-09-09,Turtle_Bay,6,003A,,,,,,,,NGS,,,,,,579,554,BTurf,10211
TB_090926_003A.jpeg,2026-09-09,Turtle_Bay,6,003A,,,,,,,,NGS,,,,,,719,1028,BTurf,10211
TB_090926_003A.jpeg,2026-09-09,Turtle_Bay,6,003A,,,,,,,,NGS,,,,,,526,998,BTurf,10211
TB_090926_003A.jpeg,2026-09-09,Turtle_Bay,6,003A,,,,,,,,NGS,,,,,,864,981,ABREV,3727
TB_090926_003A.jpeg,2026-09-09,Turtle_Bay,6,003A,,,,,,,,NGS,,,,,,741,983,BTurf,10211
TB_090926_003A.jpeg,2026-09-09,Turtle_Bay,6,003A,,,,,,,,NGS,,,,,,901,1357,BTurf,10211
TB_090926_003A.jpeg,2026-09-09,Turtle_Bay,6,003A,,,,,,,,NGS,,,,,,738,1315,BTurf,10211
TB_090926_003A.jpeg,2026-09-09,Turtle_Bay,6,003A,,,,,,,,NGS,,,,,,863,1550,BTurf,10211
TB_090926_003A.jpeg,2026-09-09,Turtle_Bay,6,003A,,,,,,,,NGS,,,,,,703,1467,BTurf,10211
TB_090926_003A.jpeg,2026-09-09,Turtle_Bay,6,003A,,,,,,,,NGS,,,,,,857,1541,BTurf,10211
TB_090926_003A.jpeg,2026-09-09,Turtle_Bay,6,003A,,,,,,,,NGS,,,,,,738,2085,BTurf,10211
TB_090926_003A.jpeg,2026-09-09,Turtle_Bay,6,003A,,,,,,,,NGS,,,,,,534,2029,BTurf,10211
TB_090926_003A.jpeg,2026-09-09,Turtle_Bay,6,003A,,,,,,,,NGS,,,,,,811,1793,BTurf,10211
TB_090926_003A.jpeg,2026-09-09,Turtle_Bay,6,003A,,,,,,,,NGS,,,,,,1064,148,BEA,2533
TB_090926_003A.jpeg,2026-09-09,Turtle_Bay,6,003A,,,,,,,,NGS,,,,,,1251,244,BTurf,10211
TB_090926_003A.jpeg,2026-09-09,Turtle_Bay,6,003A,,,,,,,,NGS,,,,,,1178,278,BTurf,10211
TB_090926_003A.jpeg,2026-09-09,Turtle_Bay,6,003A,,,,,,,,NGS,,,,,,1031,686,BTurf,10211
TB_090926_003A.jpeg,2026-09-09,Turtle_Bay,6,003A,,,,,,,,NGS,,,,,,1115,1225,BTurf,10211
TB_090926_003A.jpeg,2026-09-09,Turtle_Bay,6,003A,,,,,,,,NGS,,,,,,1228,1182,BTurf,10211
TB_090926_003A.jpeg,2026-09-09,Turtle_Bay,6,003A,,,,,,,,NGS,,,,,,961,982,BTurf,10211
TB_090926_003A.jpeg,2026-09-09,Turtle_Bay,6,003A,,,,,,,,NGS,,,,,,1266,1149,BTurf,10211
TB_090926_003A.jpeg,2026-09-09,Turtle_Bay,6,003A,,,,,,,,NGS,,,,,,943,1532,BTurf,10211
TB_090926_003A.jpeg,2026-09-09,Turtle_Bay,6,003A,,,,,,,,NGS,,,,,,990,1709,BTurf,10211
TB_090926_003A.jpeg,2026-09-09,Turtle_Bay,6,003A,,,,,,,,NGS,,,,,,1078,1325,BTurf,10211
TB_090926_003A.jpeg,2026-09-09,Turtle_Bay,6,003A,,,,,,,,NGS,,,,,,984,1491,BTurf,10211
TB_090926_003A.jpeg,2026-09-09,Turtle_Bay,6,003A,,,,,,,,NGS,,,,,,1322,228,BTurf,10211
TB_090926_003A.jpeg,2026-09-09,Turtle_Bay,6,003A,,,,,,,,NGS,,,,,,1669,696,BTurf,10211
TB_090926_003A.jpeg,2026-09-09,Turtle_Bay,6,003A,,,,,,,,NGS,,,,,,1695,840,ABREV,3727
TB_090926_003A.jpeg,2026-09-09,Turtle_Bay,6,003A,,,,,,,,NGS,,,,,,1451,688,BTurf,10211
TB_090926_003A.jpeg,2026-09-09,Turtle_Bay,6,003A,,,,,,,,NGS,,,,,,1671,828,BTurf,10211
TB_090926_003A.jpeg,2026-09-09,Turtle_Bay,6,003A,,,,,,,,NGS,,,,,,1412,1161,BTurf,10211
TB_090926_003A.jpeg,2026-09-09,Turtle_Bay,6,003A,,,,,,,,NGS,,,,,,1644,1090,BTurf,10211
TB_090926_003A.jpeg,2026-09-09,Turtle_Bay,6,003A,,,,,,,,NGS,,,,,,1591,1015,BTurf,10211
TB_090926_003A.jpeg,2026-09-09,Turtle_Bay,6,003A,,,,,,,,NGS,,,,,,1336,921,BTurf,10211
TB_090926_003A.jpeg,2026-09-09,Turtle_Bay,6,003A,,,,,,,,NGS,,,,,,1460,912,BTurf,10211
TB_090926_003A.jpeg,2026-09-09,Turtle_Bay,6,003A,,,,,,,,NGS,,,,,,1489,1288,BTurf,10211
TB_090926_003A.jpeg,2026-09-09,Turtle_Bay,6,003A,,,,,,,,NGS,,,,,,1637,1311,BTurf,10211
TB_090926_003A.jpeg,2026-09-09,Turtle_Bay,6,003A,,,,,,,,NGS,,,,,,1488,1632,BTurf,10211
TB_090926_003A.jpeg,2026-09-09,Turtle_Bay,6,003A,,,,,,,,NGS,,,,,,1595,1659,BTurf,10211
TB_090926_003A.jpeg,2026-09-09,Turtle_Bay,6,003A,,,,,,,,NGS,,,,,,1437,1958,BTurf,10211
TB_090926_003A.jpeg,2026-09-09,Turtle_Bay,6,003A,,,,,,,,NGS,,,,,,1389,2108,BTurf,10211
TB_090926_003A.jpeg,2026-09-09,Turtle_Bay,6,003A,,,,,,,,NGS,,,,,,1640,2000,BTurf,10211
TB_090926_003A.jpeg,2026-09-09,Turtle_Bay,6,003A,,,,,,,,NGS,,,,,,1867,323,BTurf,10211
TB_090926_003A.jpeg,2026-09-09,Turtle_Bay,6,003A,,,,,,,,NGS,,,,,,1856,465,BTurf,10211
TB_090926_003A.jpeg,2026-09-09,Turtle_Bay,6,003A,,,,,,,,NGS,,,,,,1762,201,BTurf,10211
TB_090926_003A.jpeg,2026-09-09,Turtle_Bay,6,003A,,,,,,,,NGS,,,,,,1822,709,BTurf,10211
TB_090926_003A.jpeg,2026-09-09,Turtle_Bay,6,003A,,,,,,,,NGS,,,,,,1756,795,BTurf,10211
TB_090926_003A.jpeg,2026-09-09,Turtle_Bay,6,003A,,,,,,,,NGS,,,,,,2081,736,BTurf,10211
TB_090926_003A.jpeg,2026-09-09,Turtle_Bay,6,003A,,,,,,,,NGS,,,,,,1755,1297,BTurf,10211
TB_090926_003A.jpeg,2026-09-09,Turtle_Bay,6,003A,,,,,,,,NGS,,,,,,2018,1153,BTurf,10211
TB_090926_003A.jpeg,2026-09-09,Turtle_Bay,6,003A,,,,,,,,NGS,,,,,,2045,1264,BEA,2533
TB_090926_003A.jpeg,2026-09-09,Turtle_Bay,6,003A,,,,,,,,NGS,,,,,,2056,2044,BEA,2533
TB_090926_003A.jpeg,2026-09-09,Turtle_Bay,6,003A,,,,,,,,NGS,,,,,,2065,1982,BEA,2533
TB_090926_003A.jpeg,2026-09-09,Turtle_Bay,6,003A,,,,,,,,NGS,,,,,,1921,1848,BEA,2533
TB_090926_003A.jpeg,2026-09-09,Turtle_Bay,6,003A,,,,,,,,NGS,,,,,,1986,2034,BEA,2533
TB_090926_003B.jpeg,2026-09-09,Turtle_Bay,6,003B,,,,,,,,NGS,,,,,,226,269,BEA,2533
TB_090926_003B.jpeg,2026-09-09,Turtle_Bay,6,003B,,,,,,,,NGS,,,,,,345,442,CCA,101
TB_090926_003B.jpeg,2026-09-09,Turtle_Bay,6,003B,,,,,,,,NGS,,,,,,388,266,BEA,2533
TB_090926_003B.jpeg,2026-09-09,Turtle_Bay,6,003B,,,,,,,,NGS,,,,,,184,579,GEA,2534
TB_090926_003B.jpeg,2026-09-09,Turtle_Bay,6,003B,,,,,,,,NGS,,,,,,188,867,BEA,2533
TB_090926_003B.jpeg,2026-09-09,Turtle_Bay,6,003B,,,,,,,,NGS,,,,,,328,1311,BEA,2533
TB_090926_003B.jpeg,2026-09-09,Turtle_Bay,6,003B,,,,,,,,NGS,,,,,,278,1651,BEA,2533
TB_090926_003B.jpeg,2026-09-09,Turtle_Bay,6,003B,,,,,,,,NGS,,,,,,274,1484,BEA,2533
TB_090926_003B.jpeg,2026-09-09,Turtle_Bay,6,003B,,,,,,,,NGS,,,,,,209,1385,BEA,2533
TB_090926_003B.jpeg,2026-09-09,Turtle_Bay,6,003B,,,,,,,,NGS,,,,,,242,1872,BEA,2533
TB_090926_003B.jpeg,2026-09-09,Turtle_Bay,6,003B,,,,,,,,NGS,,,,,,289,1791,BTurf,10211
TB_090926_003B.jpeg,2026-09-09,Turtle_Bay,6,003B,,,,,,,,NGS,,,,,,627,373,BTurf,10211
TB_090926_003B.jpeg,2026-09-09,Turtle_Bay,6,003B,,,,,,,,NGS,,,,,,534,335,BTurf,10211
TB_090926_003B.jpeg,2026-09-09,Turtle_Bay,6,003B,,,,,,,,NGS,,,,,,886,486,BTurf,10211
TB_090926_003B.jpeg,2026-09-09,Turtle_Bay,6,003B,,,,,,,,NGS,,,,,,831,371,BEA,2533
TB_090926_003B.jpeg,2026-09-09,Turtle_Bay,6,003B,,,,,,,,NGS,,,,,,632,411,BEA,2533
TB_090926_003B.jpeg,2026-09-09,Turtle_Bay,6,003B,,,,,,,,NGS,,,,,,808,206,BEA,2533
TB_090926_003B.jpeg,2026-09-09,Turtle_Bay,6,003B,,,,,,,,NGS,,,,,,727,335,BEA,2533
TB_090926_003B.jpeg,2026-09-09,Turtle_Bay,6,003B,,,,,,,,NGS,,,,,,580,901,GEA,2534
TB_090926_003B.jpeg,2026-09-09,Turtle_Bay,6,003B,,,,,,,,NGS,,,,,,892,685,BEA,2533
TB_090926_003B.jpeg,2026-09-09,Turtle_Bay,6,003B,,,,,,,,NGS,,,,,,722,707,BTurf,10211
TB_090926_003B.jpeg,2026-09-09,Turtle_Bay,6,003B,,,,,,,,NGS,,,,,,788,1243,BEA,2533
TB_090926_003B.jpeg,2026-09-09,Turtle_Bay,6,003B,,,,,,,,NGS,,,,,,744,1527,BEA,2533
TB_090926_003B.jpeg,2026-09-09,Turtle_Bay,6,003B,,,,,,,,NGS,,,,,,850,1415,BTurf,10211
TB_090926_003B.jpeg,2026-09-09,Turtle_Bay,6,003B,,,,,,,,NGS,,,,,,649,1442,BTurf,10211
TB_090926_003B.jpeg,2026-09-09,Turtle_Bay,6,003B,,,,,,,,NGS,,,,,,761,1344,BTurf,10211
TB_090926_003B.jpeg,2026-09-09,Turtle_Bay,6,003B,,,,,,,,NGS,,,,,,673,2054,BEA,2533
TB_090926_003B.jpeg,2026-09-09,Turtle_Bay,6,003B,,,,,,,,NGS,,,,,,593,1947,BEA,2533
TB_090926_003B.jpeg,2026-09-09,Turtle_Bay,6,003B,,,,,,,,NGS,,,,,,983,382,BEA,2533
TB_090926_003B.jpeg,2026-09-09,Turtle_Bay,6,003B,,,,,,,,NGS,,,,,,1218,418,BTurf,10211
TB_090926_003B.jpeg,2026-09-09,Turtle_Bay,6,003B,,,,,,,,NGS,,,,,,1257,432,BTurf,10211
TB_090926_003B.jpeg,2026-09-09,Turtle_Bay,6,003B,,,,,,,,NGS,,,,,,1182,873,BEA,2533
TB_090926_003B.jpeg,2026-09-09,Turtle_Bay,6,003B,,,,,,,,NGS,,,,,,1300,877,BEA,2533
TB_090926_003B.jpeg,2026-09-09,Turtle_Bay,6,003B,,,,,,,,NGS,,,,,,943,533,BEA,2533
TB_090926_003B.jpeg,2026-09-09,Turtle_Bay,6,003B,,,,,,,,NGS,,,,,,1099,893,GEA,2534
TB_090926_003B.jpeg,2026-09-09,Turtle_Bay,6,003B,,,,,,,,NGS,,,,,,1221,530,BTurf,10211
TB_090926_003B.jpeg,2026-09-09,Turtle_Bay,6,003B,,,,,,,,NGS,,,,,,1103,1096,BEA,2533
TB_090926_003B.jpeg,2026-09-09,Turtle_Bay,6,003B,,,,,,,,NGS,,,,,,1223,936,BTurf,10211
TB_090926_003B.jpeg,2026-09-09,Turtle_Bay,6,003B,,,,,,,,NGS,,,,,,964,1052,BTurf,10211
TB_090926_003B.jpeg,2026-09-09,Turtle_Bay,6,003B,,,,,,,,NGS,,,,,,1229,1033,BTurf,10211
TB_090926_003B.jpeg,2026-09-09,Turtle_Bay,6,003B,,,,,,,,NGS,,,,,,940,1659,BTurf,10211
TB_090926_003B.jpeg,2026-09-09,Turtle_Bay,6,003B,,,,,,,,NGS,,,,,,1245,2022,BEA,2533
TB_090926_003B.jpeg,2026-09-09,Turtle_Bay,6,003B,,,,,,,,NGS,,,,,,1303,1837,BTurf,10211
TB_090926_003B.jpeg,2026-09-09,Turtle_Bay,6,003B,,,,,,,,NGS,,,,,,1140,2057,BEA,2533
TB_090926_003B.jpeg,2026-09-09,Turtle_Bay,6,003B,,,,,,,,NGS,,,,,,1405,289,BTurf,10211
TB_090926_003B.jpeg,2026-09-09,Turtle_Bay,6,003B,,,,,,,,NGS,,,,,,1354,341,BTurf,10211
TB_090926_003B.jpeg,2026-09-09,Turtle_Bay,6,003B,,,,,,,,NGS,,,,,,1381,432,BEA,2533
TB_090926_003B.jpeg,2026-09-09,Turtle_Bay,6,003B,,,,,,,,NGS,,,,,,1620,232,BEA,2533
TB_090926_003B.jpeg,2026-09-09,Turtle_Bay,6,003B,,,,,,,,NGS,,,,,,1611,210,BTurf,10211
TB_090926_003B.jpeg,2026-09-09,Turtle_Bay,6,003B,,,,,,,,NGS,,,,,,1620,781,BTurf,10211
TB_090926_003B.jpeg,2026-09-09,Turtle_Bay,6,003B,,,,,,,,NGS,,,,,,1385,1354,BEA,2533
TB_090926_003B.jpeg,2026-09-09,Turtle_Bay,6,003B,,,,,,,,NGS,,,,,,1615,1461,BTurf,10211
TB_090926_003B.jpeg,2026-09-09,Turtle_Bay,6,003B,,,,,,,,NGS,,,,,,1404,1536,BTurf,10211
TB_090926_003B.jpeg,2026-09-09,Turtle_Bay,6,003B,,,,,,,,NGS,,,,,,1628,1577,BTurf,10211
TB_090926_003B.jpeg,2026-09-09,Turtle_Bay,6,003B,,,,,,,,NGS,,,,,,1512,1486,BEA,2533
TB_090926_003B.jpeg,2026-09-09,Turtle_Bay,6,003B,,,,,,,,NGS,,,,,,1712,2127,BEA,2533
TB_090926_003B.jpeg,2026-09-09,Turtle_Bay,6,003B,,,,,,,,NGS,,,,,,1542,1902,BTurf,10211
TB_090926_003B.jpeg,2026-09-09,Turtle_Bay,6,003B,,,,,,,,NGS,,,,,,1373,2066,BTurf,10211
TB_090926_003B.jpeg,2026-09-09,Turtle_Bay,6,003B,,,,,,,,NGS,,,,,,1413,1966,BEA,2533
TB_090926_003B.jpeg,2026-09-09,Turtle_Bay,6,003B,,,,,,,,NGS,,,,,,1798,470,BTurf,10211
TB_090926_003B.jpeg,2026-09-09,Turtle_Bay,6,003B,,,,,,,,NGS,,,,,,1750,139,BEA,2533
TB_090926_003B.jpeg,2026-09-09,Turtle_Bay,6,003B,,,,,,,,NGS,,,,,,1830,695,BTurf,10211
TB_090926_003B.jpeg,2026-09-09,Turtle_Bay,6,003B,,,,,,,,NGS,,,,,,1800,716,BTurf,10211
TB_090926_003B.jpeg,2026-09-09,Turtle_Bay,6,003B,,,,,,,,NGS,,,,,,1854,623,BTurf,10211
TB_090926_003B.jpeg,2026-09-09,Turtle_Bay,6,003B,,,,,,,,NGS,,,,,,1732,1248,BEA,2533
TB_090926_003B.jpeg,2026-09-09,Turtle_Bay,6,003B,,,,,,,,NGS,,,,,,1830,1451,BTurf,10211
TB_090926_003B.jpeg,2026-09-09,Turtle_Bay,6,003B,,,,,,,,NGS,,,,,,1866,1499,BEA,2533
TB_090926_003B.jpeg,2026-09-09,Turtle_Bay,6,003B,,,,,,,,NGS,,,,,,2119,1913,Outside,6910
TB_090926_003B.jpeg,2026-09-09,Turtle_Bay,6,003B,,,,,,,,NGS,,,,,,1838,1939,BEA,2533
TB_090926_003B.jpeg,2026-09-09,Turtle_Bay,6,003B,,,,,,,,NGS,,,,,,1864,1893,BEA,2533
TB_090926_003B.jpeg,2026-09-09,Turtle_Bay,6,003B,,,,,,,,NGS,,,,,,1851,1933,BEA,2533
TB_090926_003B.jpeg,2026-09-09,Turtle_Bay,6,003B,,,,,,,,NGS,,,,,,1994,2028,BTurf,10211
TB_090926_003B.jpeg,2026-09-09,Turtle_Bay,6,003B,,,,,,,,NGS,,,,,,2051,2087,BEA,2533
TB_090926_003B.jpeg,2026-09-09,Turtle_Bay,6,003B,,,,,,,,NGS,,,,,,2042,1884,BTurf,10211
TB_090926_003B.jpeg,2026-09-09,Turtle_Bay,6,003B,,,,,,,,NGS,,,,,,2057,2050,BTurf,10211
TB_090926_004A.jpeg,2026-09-09,Turtle_Bay,6,004A,,,,,,,,NGS,,,,,,215,473,BEA,2533
TB_090926_004A.jpeg,2026-09-09,Turtle_Bay,6,004A,,,,,,,,NGS,,,,,,308,441,BEA,2533
TB_090926_004A.jpeg,2026-09-09,Turtle_Bay,6,004A,,,,,,,,NGS,,,,,,151,157,Outside,6910
TB_090926_004A.jpeg,2026-09-09,Turtle_Bay,6,004A,,,,,,,,NGS,,,,,,157,389,Outside,6910
TB_090926_004A.jpeg,2026-09-09,Turtle_Bay,6,004A,,,,,,,,NGS,,,,,,452,238,BTurf,10211
TB_090926_004A.jpeg,2026-09-09,Turtle_Bay,6,004A,,,,,,,,NGS,,,,,,294,833,BTurf,10211
TB_090926_004A.jpeg,2026-09-09,Turtle_Bay,6,004A,,,,,,,,NGS,,,,,,138,868,Outside,6910
TB_090926_004A.jpeg,2026-09-09,Turtle_Bay,6,004A,,,,,,,,NGS,,,,,,176,1065,BEA,2533
TB_090926_004A.jpeg,2026-09-09,Turtle_Bay,6,004A,,,,,,,,NGS,,,,,,388,1210,BTurf,10211
TB_090926_004A.jpeg,2026-09-09,Turtle_Bay,6,004A,,,,,,,,NGS,,,,,,329,915,BTurf,10211
TB_090926_004A.jpeg,2026-09-09,Turtle_Bay,6,004A,,,,,,,,NGS,,,,,,299,1740,BTurf,10211
TB_090926_004A.jpeg,2026-09-09,Turtle_Bay,6,004A,,,,,,,,NGS,,,,,,437,1907,BTurf,10211
TB_090926_004A.jpeg,2026-09-09,Turtle_Bay,6,004A,,,,,,,,NGS,,,,,,244,1874,BEA,2533
TB_090926_004A.jpeg,2026-09-09,Turtle_Bay,6,004A,,,,,,,,NGS,,,,,,251,1860,BTurf,10211
TB_090926_004A.jpeg,2026-09-09,Turtle_Bay,6,004A,,,,,,,,NGS,,,,,,431,1884,BTurf,10211
TB_090926_004A.jpeg,2026-09-09,Turtle_Bay,6,004A,,,,,,,,NGS,,,,,,671,281,BEA,2533
TB_090926_004A.jpeg,2026-09-09,Turtle_Bay,6,004A,,,,,,,,NGS,,,,,,521,710,BTurf,10211
TB_090926_004A.jpeg,2026-09-09,Turtle_Bay,6,004A,,,,,,,,NGS,,,,,,610,513,BTurf,10211
TB_090926_004A.jpeg,2026-09-09,Turtle_Bay,6,004A,,,,,,,,NGS,,,,,,565,1006,BTurf,10211
TB_090926_004A.jpeg,2026-09-09,Turtle_Bay,6,004A,,,,,,,,NGS,,,,,,521,1165,BTurf,10211
TB_090926_004A.jpeg,2026-09-09,Turtle_Bay,6,004A,,,,,,,,NGS,,,,,,547,907,BTurf,10211
TB_090926_004A.jpeg,2026-09-09,Turtle_Bay,6,004A,,,,,,,,NGS,,,,,,887,1231,BTurf,10211
TB_090926_004A.jpeg,2026-09-09,Turtle_Bay,6,004A,,,,,,,,NGS,,,,,,829,1848,BTurf,10211
TB_090926_004A.jpeg,2026-09-09,Turtle_Bay,6,004A,,,,,,,,NGS,,,,,,759,1874,BTurf,10211
TB_090926_004A.jpeg,2026-09-09,Turtle_Bay,6,004A,,,,,,,,NGS,,,,,,1028,146,BEA,2533
TB_090926_004A.jpeg,2026-09-09,Turtle_Bay,6,004A,,,,,,,,NGS,,,,,,960,370,BTurf,10211
TB_090926_004A.jpeg,2026-09-09,Turtle_Bay,6,004A,,,,,,,,NGS,,,,,,1243,798,BTurf,10211
TB_090926_004A.jpeg,2026-09-09,Turtle_Bay,6,004A,,,,,,,,NGS,,,,,,1184,694,BTurf,10211
TB_090926_004A.jpeg,2026-09-09,Turtle_Bay,6,004A,,,,,,,,NGS,,,,,,963,884,BEA,2533
TB_090926_004A.jpeg,2026-09-09,Turtle_Bay,6,004A,,,,,,,,NGS,,,,,,1275,1159,BTurf,10211
TB_090926_004A.jpeg,2026-09-09,Turtle_Bay,6,004A,,,,,,,,NGS,,,,,,944,1212,BTurf,10211
TB_090926_004A.jpeg,2026-09-09,Turtle_Bay,6,004A,,,,,,,,NGS,,,,,,1069,938,BTurf,10211
TB_090926_004A.jpeg,2026-09-09,Turtle_Bay,6,004A,,,,,,,,NGS,,,,,,923,928,BTurf,10211
TB_090926_004A.jpeg,2026-09-09,Turtle_Bay,6,004A,,,,,,,,NGS,,,,,,1068,1391,BTurf,10211
TB_090926_004A.jpeg,2026-09-09,Turtle_Bay,6,004A,,,,,,,,NGS,,,,,,1224,1397,BTurf,10211
TB_090926_004A.jpeg,2026-09-09,Turtle_Bay,6,004A,,,,,,,,NGS,,,,,,914,1588,BTurf,10211
TB_090926_004A.jpeg,2026-09-09,Turtle_Bay,6,004A,,,,,,,,NGS,,,,,,954,1556,BEA,2533
TB_090926_004A.jpeg,2026-09-09,Turtle_Bay,6,004A,,,,,,,,NGS,,,,,,1004,1374,BTurf,10211
TB_090926_004A.jpeg,2026-09-09,Turtle_Bay,6,004A,,,,,,,,NGS,,,,,,962,1412,BTurf,10211
TB_090926_004A.jpeg,2026-09-09,Turtle_Bay,6,004A,,,,,,,,NGS,,,,,,1066,1942,BTurf,10211
TB_090926_004A.jpeg,2026-09-09,Turtle_Bay,6,004A,,,,,,,,NGS,,,,,,980,1842,BTurf,10211
TB_090926_004A.jpeg,2026-09-09,Turtle_Bay,6,004A,,,,,,,,NGS,,,,,,1486,255,BTurf,10211
TB_090926_004A.jpeg,2026-09-09,Turtle_Bay,6,004A,,,,,,,,NGS,,,,,,1606,420,BTurf,10211
TB_090926_004A.jpeg,2026-09-09,Turtle_Bay,6,004A,,,,,,,,NGS,,,,,,1461,545,BTurf,10211
TB_090926_004A.jpeg,2026-09-09,Turtle_Bay,6,004A,,,,,,,,NGS,,,,,,1365,602,BTurf,10211
TB_090926_004A.jpeg,2026-09-09,Turtle_Bay,6,004A,,,,,,,,NGS,,,,,,1675,713,BTurf,10211
TB_090926_004A.jpeg,2026-09-09,Turtle_Bay,6,004A,,,,,,,,NGS,,,,,,1689,793,BTurf,10211
TB_090926_004A.jpeg,2026-09-09,Turtle_Bay,6,004A,,,,,,,,NGS,,,,,,1398,1109,BTurf,10211
TB_090926_004A.jpeg,2026-09-09,Turtle_Bay,6,004A,,,,,,,,NGS,,,,,,1575,955,BTurf,10211
TB_090926_004A.jpeg,2026-09-09,Turtle_Bay,6,004A,,,,,,,,NGS,,,,,,1602,987,BTurf,10211
TB_090926_004A.jpeg,2026-09-09,Turtle_Bay,6,004A,,,,,,,,NGS,,,,,,1664,854,BTurf,10211
TB_090926_004A.jpeg,2026-09-09,Turtle_Bay,6,004A,,,,,,,,NGS,,,,,,1548,1370,BTurf,10211
TB_090926_004A.jpeg,2026-09-09,Turtle_Bay,6,004A,,,,,,,,NGS,,,,,,1299,1535,BTurf,10211
TB_090926_004A.jpeg,2026-09-09,Turtle_Bay,6,004A,,,,,,,,NGS,,,,,,1671,1417,BTurf,10211
TB_090926_004A.jpeg,2026-09-09,Turtle_Bay,6,004A,,,,,,,,NGS,,,,,,1473,1655,BEA,2533
TB_090926_004A.jpeg,2026-09-09,Turtle_Bay,6,004A,,,,,,,,NGS,,,,,,1314,1811,BEA,2533
TB_090926_004A.jpeg,2026-09-09,Turtle_Bay,6,004A,,,,,,,,NGS,,,,,,2064,216,BEA,2533
TB_090926_004A.jpeg,2026-09-09,Turtle_Bay,6,004A,,,,,,,,NGS,,,,,,1817,135,BTurf,10211
TB_090926_004A.jpeg,2026-09-09,Turtle_Bay,6,004A,,,,,,,,NGS,,,,,,1840,443,BTurf,10211
TB_090926_004A.jpeg,2026-09-09,Turtle_Bay,6,004A,,,,,,,,NGS,,,,,,2034,120,BTurf,10211
TB_090926_004A.jpeg,2026-09-09,Turtle_Bay,6,004A,,,,,,,,NGS,,,,,,1999,512,BTurf,10211
TB_090926_004A.jpeg,2026-09-09,Turtle_Bay,6,004A,,,,,,,,NGS,,,,,,1910,485,BEA,2533
TB_090926_004A.jpeg,2026-09-09,Turtle_Bay,6,004A,,,,,,,,NGS,,,,,,2026,731,BTurf,10211
TB_090926_004A.jpeg,2026-09-09,Turtle_Bay,6,004A,,,,,,,,NGS,,,,,,2047,945,BTurf,10211
TB_090926_004A.jpeg,2026-09-09,Turtle_Bay,6,004A,,,,,,,,NGS,,,,,,2067,1072,BTurf,10211
TB_090926_004A.jpeg,2026-09-09,Turtle_Bay,6,004A,,,,,,,,NGS,,,,,,2082,1483,BEA,2533
TB_090926_004A.jpeg,2026-09-09,Turtle_Bay,6,004A,,,,,,,,NGS,,,,,,1886,1538,BTurf,10211
TB_090926_004A.jpeg,2026-09-09,Turtle_Bay,6,004A,,,,,,,,NGS,,,,,,2084,1267,BEA,2533
TB_090926_004A.jpeg,2026-09-09,Turtle_Bay,6,004A,,,,,,,,NGS,,,,,,1916,1568,BTurf,10211
TB_090926_004A.jpeg,2026-09-09,Turtle_Bay,6,004A,,,,,,,,NGS,,,,,,1937,1346,BEA,2533
TB_090926_004A.jpeg,2026-09-09,Turtle_Bay,6,004A,,,,,,,,NGS,,,,,,2006,1584,BTurf,10211
TB_090926_004A.jpeg,2026-09-09,Turtle_Bay,6,004A,,,,,,,,NGS,,,,,,2006,1851,BTurf,10211
TB_090926_004A.jpeg,2026-09-09,Turtle_Bay,6,004A,,,,,,,,NGS,,,,,,1812,1638,BTurf,10211
TB_090926_004A.jpeg,2026-09-09,Turtle_Bay,6,004A,,,,,,,,NGS,,,,,,1928,1622,BEA,2533
TB_090926_004A.jpeg,2026-09-09,Turtle_Bay,6,004A,,,,,,,,NGS,,,,,,1746,1618,BTurf,10211
TB_090926_004B.jpeg,2026-09-09,Turtle_Bay,6,004B,,,,,,,,NGS,,,,,,456,186,BTurf,10211
TB_090926_004B.jpeg,2026-09-09,Turtle_Bay,6,004B,,,,,,,,NGS,,,,,,262,540,BTurf,10211
TB_090926_004B.jpeg,2026-09-09,Turtle_Bay,6,004B,,,,,,,,NGS,,,,,,196,833,BTurf,10211
TB_090926_004B.jpeg,2026-09-09,Turtle_Bay,6,004B,,,,,,,,NGS,,,,,,206,746,BTurf,10211
TB_090926_004B.jpeg,2026-09-09,Turtle_Bay,6,004B,,,,,,,,NGS,,,,,,222,529,BTurf,10211
TB_090926_004B.jpeg,2026-09-09,Turtle_Bay,6,004B,,,,,,,,NGS,,,,,,144,862,BEA,2533
TB_090926_004B.jpeg,2026-09-09,Turtle_Bay,6,004B,,,,,,,,NGS,,,,,,406,1020,BTurf,10211
TB_090926_004B.jpeg,2026-09-09,Turtle_Bay,6,004B,,,,,,,,NGS,,,,,,453,961,BTurf,10211
TB_090926_004B.jpeg,2026-09-09,Turtle_Bay,6,004B,,,,,,,,NGS,,,,,,115,953,BTurf,10211
TB_090926_004B.jpeg,2026-09-09,Turtle_Bay,6,004B,,,,,,,,NGS,,,,,,483,1398,BTurf,10211
TB_090926_004B.jpeg,2026-09-09,Turtle_Bay,6,004B,,,,,,,,NGS,,,,,,411,1757,BTurf,10211
TB_090926_004B.jpeg,2026-09-09,Turtle_Bay,6,004B,,,,,,,,NGS,,,,,,248,1707,BTurf,10211
TB_090926_004B.jpeg,2026-09-09,Turtle_Bay,6,004B,,,,,,,,NGS,,,,,,200,1692,BTurf,10211
TB_090926_004B.jpeg,2026-09-09,Turtle_Bay,6,004B,,,,,,,,NGS,,,,,,458,1964,BTurf,10211
TB_090926_004B.jpeg,2026-09-09,Turtle_Bay,6,004B,,,,,,,,NGS,,,,,,795,373,BTurf,10211
TB_090926_004B.jpeg,2026-09-09,Turtle_Bay,6,004B,,,,,,,,NGS,,,,,,651,450,BTurf,10211
TB_090926_004B.jpeg,2026-09-09,Turtle_Bay,6,004B,,,,,,,,NGS,,,,,,794,514,BTurf,10211
TB_090926_004B.jpeg,2026-09-09,Turtle_Bay,6,004B,,,,,,,,NGS,,,,,,775,1086,BTurf,10211
TB_090926_004B.jpeg,2026-09-09,Turtle_Bay,6,004B,,,,,,,,NGS,,,,,,735,1000,BTurf,10211
TB_090926_004B.jpeg,2026-09-09,Turtle_Bay,6,004B,,,,,,,,NGS,,,,,,690,995,BTurf,10211
TB_090926_004B.jpeg,2026-09-09,Turtle_Bay,6,004B,,,,,,,,NGS,,,,,,550,993,BTurf,10211
TB_090926_004B.jpeg,2026-09-09,Turtle_Bay,6,004B,,,,,,,,NGS,,,,,,827,1413,BTurf,10211
TB_090926_004B.jpeg,2026-09-09,Turtle_Bay,6,004B,,,,,,,,NGS,,,,,,746,1446,BTurf,10211
TB_090926_004B.jpeg,2026-09-09,Turtle_Bay,6,004B,,,,,,,,NGS,,,,,,499,1522,BTurf,10211
TB_090926_004B.jpeg,2026-09-09,Turtle_Bay,6,004B,,,,,,,,NGS,,,,,,633,1556,BTurf,10211
TB_090926_004B.jpeg,2026-09-09,Turtle_Bay,6,004B,,,,,,,,NGS,,,,,,730,1993,UnkMacroa,3591
TB_090926_004B.jpeg,2026-09-09,Turtle_Bay,6,004B,,,,,,,,NGS,,,,,,1083,293,BTurf,10211
TB_090926_004B.jpeg,2026-09-09,Turtle_Bay,6,004B,,,,,,,,NGS,,,,,,1051,246,BTurf,10211
TB_090926_004B.jpeg,2026-09-09,Turtle_Bay,6,004B,,,,,,,,NGS,,,,,,1034,278,BTurf,10211
TB_090926_004B.jpeg,2026-09-09,Turtle_Bay,6,004B,,,,,,,,NGS,,,,,,1092,396,BEA,2533
TB_090926_004B.jpeg,2026-09-09,Turtle_Bay,6,004B,,,,,,,,NGS,,,,,,1141,215,BTurf,10211
TB_090926_004B.jpeg,2026-09-09,Turtle_Bay,6,004B,,,,,,,,NGS,,,,,,1195,375,BTurf,10211
TB_090926_004B.jpeg,2026-09-09,Turtle_Bay,6,004B,,,,,,,,NGS,,,,,,999,400,BTurf,10211
TB_090926_004B.jpeg,2026-09-09,Turtle_Bay,6,004B,,,,,,,,NGS,,,,,,960,500,BTurf,10211
TB_090926_004B.jpeg,2026-09-09,Turtle_Bay,6,004B,,,,,,,,NGS,,,,,,1121,578,BTurf,10211
TB_090926_004B.jpeg,2026-09-09,Turtle_Bay,6,004B,,,,,,,,NGS,,,,,,1097,628,BTurf,10211
TB_090926_004B.jpeg,2026-09-09,Turtle_Bay,6,004B,,,,,,,,NGS,,,,,,929,667,BTurf,10211
TB_090926_004B.jpeg,2026-09-09,Turtle_Bay,6,004B,,,,,,,,NGS,,,,,,950,1052,RedTurf,522
TB_090926_004B.jpeg,2026-09-09,Turtle_Bay,6,004B,,,,,,,,NGS,,,,,,1058,1146,BTurf,10211
TB_090926_004B.jpeg,2026-09-09,Turtle_Bay,6,004B,,,,,,,,NGS,,,,,,1131,1265,BEA,2533
TB_090926_004B.jpeg,2026-09-09,Turtle_Bay,6,004B,,,,,,,,NGS,,,,,,1044,1082,BTurf,10211
TB_090926_004B.jpeg,2026-09-09,Turtle_Bay,6,004B,,,,,,,,NGS,,,,,,1080,1256,BTurf,10211
TB_090926_004B.jpeg,2026-09-09,Turtle_Bay,6,004B,,,,,,,,NGS,,,,,,1256,1525,GEA,2534
TB_090926_004B.jpeg,2026-09-09,Turtle_Bay,6,004B,,,,,,,,NGS,,,,,,1210,1519,BEA,2533
TB_090926_004B.jpeg,2026-09-09,Turtle_Bay,6,004B,,,,,,,,NGS,,,,,,1196,1584,CCA,101
TB_090926_004B.jpeg,2026-09-09,Turtle_Bay,6,004B,,,,,,,,NGS,,,,,,1191,1928,BTurf,10211
TB_090926_004B.jpeg,2026-09-09,Turtle_Bay,6,004B,,,,,,,,NGS,,,,,,1613,759,BTurf,10211
TB_090926_004B.jpeg,2026-09-09,Turtle_Bay,6,004B,,,,,,,,NGS,,,,,,1271,523,BTurf,10211
TB_090926_004B.jpeg,2026-09-09,Turtle_Bay,6,004B,,,,,,,,NGS,,,,,,1455,800,BTurf,10211
TB_090926_004B.jpeg,2026-09-09,Turtle_Bay,6,004B,,,,,,,,NGS,,,,,,1330,551,BTurf,10211
TB_090926_004B.jpeg,2026-09-09,Turtle_Bay,6,004B,,,,,,,,NGS,,,,,,1531,870,BTurf,10211
TB_090926_004B.jpeg,2026-09-09,Turtle_Bay,6,004B,,,,,,,,NGS,,,,,,1550,692,GEA,2534
TB_090926_004B.jpeg,2026-09-09,Turtle_Bay,6,004B,,,,,,,,NGS,,,,,,1295,641,BTurf,10211
TB_090926_004B.jpeg,2026-09-09,Turtle_Bay,6,004B,,,,,,,,NGS,,,,,,1306,1054,BTurf,10211
TB_090926_004B.jpeg,2026-09-09,Turtle_Bay,6,004B,,,,,,,,NGS,,,,,,1402,923,BTurf,10211
TB_090926_004B.jpeg,2026-09-09,Turtle_Bay,6,004B,,,,,,,,NGS,,,,,,1643,1083,BEA,2533
TB_090926_004B.jpeg,2026-09-09,Turtle_Bay,6,004B,,,,,,,,NGS,,,,,,1623,1340,BTurf,10211
TB_090926_004B.jpeg,2026-09-09,Turtle_Bay,6,004B,,,,,,,,NGS,,,,,,1615,1558,BTurf,10211
TB_090926_004B.jpeg,2026-09-09,Turtle_Bay,6,004B,,,,,,,,NGS,,,,,,1490,1347,BTurf,10211
TB_090926_004B.jpeg,2026-09-09,Turtle_Bay,6,004B,,,,,,,,NGS,,,,,,1360,1617,BTurf,10211
TB_090926_004B.jpeg,2026-09-09,Turtle_Bay,6,004B,,,,,,,,NGS,,,,,,1489,1857,BTurf,10211
TB_090926_004B.jpeg,2026-09-09,Turtle_Bay,6,004B,,,,,,,,NGS,,,,,,1947,112,BTurf,10211
TB_090926_004B.jpeg,2026-09-09,Turtle_Bay,6,004B,,,,,,,,NGS,,,,,,1942,186,BTurf,10211
TB_090926_004B.jpeg,2026-09-09,Turtle_Bay,6,004B,,,,,,,,NGS,,,,,,1723,299,BTurf,10211
TB_090926_004B.jpeg,2026-09-09,Turtle_Bay,6,004B,,,,,,,,NGS,,,,,,1803,118,BTurf,10211
TB_090926_004B.jpeg,2026-09-09,Turtle_Bay,6,004B,,,,,,,,NGS,,,,,,1957,454,BTurf,10211
TB_090926_004B.jpeg,2026-09-09,Turtle_Bay,6,004B,,,,,,,,NGS,,,,,,1834,470,BEA,2533
TB_090926_004B.jpeg,2026-09-09,Turtle_Bay,6,004B,,,,,,,,NGS,,,,,,1742,1271,BTurf,10211
TB_090926_004B.jpeg,2026-09-09,Turtle_Bay,6,004B,,,,,,,,NGS,,,,,,1704,930,BTurf,10211
TB_090926_004B.jpeg,2026-09-09,Turtle_Bay,6,004B,,,,,,,,NGS,,,,,,1808,1064,BTurf,10211
TB_090926_004B.jpeg,2026-09-09,Turtle_Bay,6,004B,,,,,,,,NGS,,,,,,1894,1558,BTurf,10211
TB_090926_004B.jpeg,2026-09-09,Turtle_Bay,6,004B,,,,,,,,NGS,,,,,,1707,1365,BEA,2533
TB_090926_004B.jpeg,2026-09-09,Turtle_Bay,6,004B,,,,,,,,NGS,,,,,,1886,1742,BTurf,10211
TB_090926_004B.jpeg,2026-09-09,Turtle_Bay,6,004B,,,,,,,,NGS,,,,,,1713,1952,BEA,2533
TB_090926_004B.jpeg,2026-09-09,Turtle_Bay,6,004B,,,,,,,,NGS,,,,,,1687,1664,BTurf,10211
TB_090926_005B.jpeg,2026-09-09,Turtle_Bay,6,005B,,,,,,,,NGS,,,,,,469,303,BEA,2533
TB_090926_005B.jpeg,2026-09-09,Turtle_Bay,6,005B,,,,,,,,NGS,,,,,,381,149,BEA,2533
TB_090926_005B.jpeg,2026-09-09,Turtle_Bay,6,005B,,,,,,,,NGS,,,,,,381,663,BTurf,10211
TB_090926_005B.jpeg,2026-09-09,Turtle_Bay,6,005B,,,,,,,,NGS,,,,,,393,1384,BEA,2533
TB_090926_005B.jpeg,2026-09-09,Turtle_Bay,6,005B,,,,,,,,NGS,,,,,,302,1074,BEA,2533
TB_090926_005B.jpeg,2026-09-09,Turtle_Bay,6,005B,,,,,,,,NGS,,,,,,387,1057,BTurf,10211
TB_090926_005B.jpeg,2026-09-09,Turtle_Bay,6,005B,,,,,,,,NGS,,,,,,254,1200,BEA,2533
TB_090926_005B.jpeg,2026-09-09,Turtle_Bay,6,005B,,,,,,,,NGS,,,,,,402,1277,BEA,2533
TB_090926_005B.jpeg,2026-09-09,Turtle_Bay,6,005B,,,,,,,,NGS,,,,,,457,1431,BEA,2533
TB_090926_005B.jpeg,2026-09-09,Turtle_Bay,6,005B,,,,,,,,NGS,,,,,,470,1551,BTurf,10211
TB_090926_005B.jpeg,2026-09-09,Turtle_Bay,6,005B,,,,,,,,NGS,,,,,,304,1432,BEA,2533
TB_090926_005B.jpeg,2026-09-09,Turtle_Bay,6,005B,,,,,,,,NGS,,,,,,493,2126,BTurf,10211
TB_090926_005B.jpeg,2026-09-09,Turtle_Bay,6,005B,,,,,,,,NGS,,,,,,350,2266,BTurf,10211
TB_090926_005B.jpeg,2026-09-09,Turtle_Bay,6,005B,,,,,,,,NGS,,,,,,365,2027,BTurf,10211
TB_090926_005B.jpeg,2026-09-09,Turtle_Bay,6,005B,,,,,,,,NGS,,,,,,153,2220,BEA,2533
TB_090926_005B.jpeg,2026-09-09,Turtle_Bay,6,005B,,,,,,,,NGS,,,,,,192,2045,BTurf,10211
TB_090926_005B.jpeg,2026-09-09,Turtle_Bay,6,005B,,,,,,,,NGS,,,,,,519,2088,BEA,2533
TB_090926_005B.jpeg,2026-09-09,Turtle_Bay,6,005B,,,,,,,,NGS,,,,,,571,167,BEA,2533
TB_090926_005B.jpeg,2026-09-09,Turtle_Bay,6,005B,,,,,,,,NGS,,,,,,689,389,BEA,2533
TB_090926_005B.jpeg,2026-09-09,Turtle_Bay,6,005B,,,,,,,,NGS,,,,,,625,407,GEA,2534
TB_090926_005B.jpeg,2026-09-09,Turtle_Bay,6,005B,,,,,,,,NGS,,,,,,890,862,BEA,2533
TB_090926_005B.jpeg,2026-09-09,Turtle_Bay,6,005B,,,,,,,,NGS,,,,,,877,1107,BEA,2533
TB_090926_005B.jpeg,2026-09-09,Turtle_Bay,6,005B,,,,,,,,NGS,,,,,,942,1097,BEA,2533
TB_090926_005B.jpeg,2026-09-09,Turtle_Bay,6,005B,,,,,,,,NGS,,,,,,606,1014,BEA,2533
TB_090926_005B.jpeg,2026-09-09,Turtle_Bay,6,005B,,,,,,,,NGS,,,,,,592,1048,BEA,2533
TB_090926_005B.jpeg,2026-09-09,Turtle_Bay,6,005B,,,,,,,,NGS,,,,,,581,991,BEA,2533
TB_090926_005B.jpeg,2026-09-09,Turtle_Bay,6,005B,,,,,,,,NGS,,,,,,992,989,BEA,2533
TB_090926_005B.jpeg,2026-09-09,Turtle_Bay,6,005B,,,,,,,,NGS,,,,,,922,1830,BEA,2533
TB_090926_005B.jpeg,2026-09-09,Turtle_Bay,6,005B,,,,,,,,NGS,,,,,,959,1442,BEA,2533
TB_090926_005B.jpeg,2026-09-09,Turtle_Bay,6,005B,,,,,,,,NGS,,,,,,732,2052,BEA,2533
TB_090926_005B.jpeg,2026-09-09,Turtle_Bay,6,005B,,,,,,,,NGS,,,,,,763,1993,BTurf,10211
TB_090926_005B.jpeg,2026-09-09,Turtle_Bay,6,005B,,,,,,,,NGS,,,,,,1243,478,BTurf,10211
TB_090926_005B.jpeg,2026-09-09,Turtle_Bay,6,005B,,,,,,,,NGS,,,,,,1382,396,BTurf,10211
TB_090926_005B.jpeg,2026-09-09,Turtle_Bay,6,005B,,,,,,,,NGS,,,,,,1317,426,BEA,2533
TB_090926_005B.jpeg,2026-09-09,Turtle_Bay,6,005B,,,,,,,,NGS,,,,,,1117,913,BEA,2533
TB_090926_005B.jpeg,2026-09-09,Turtle_Bay,6,005B,,,,,,,,NGS,,,,,,1364,621,GEA,2534
TB_090926_005B.jpeg,2026-09-09,Turtle_Bay,6,005B,,,,,,,,NGS,,,,,,1423,613,BEA,2533
TB_090926_005B.jpeg,2026-09-09,Turtle_Bay,6,005B,,,,,,,,NGS,,,,,,1317,771,BEA,2533
TB_090926_005B.jpeg,2026-09-09,Turtle_Bay,6,005B,,,,,,,,NGS,,,,,,1274,879,BEA,2533
TB_090926_005B.jpeg,2026-09-09,Turtle_Bay,6,005B,,,,,,,,NGS,,,,,,1454,743,BEA,2533
TB_090926_005B.jpeg,2026-09-09,Turtle_Bay,6,005B,,,,,,,,NGS,,,,,,1237,986,BEA,2533
TB_090926_005B.jpeg,2026-09-09,Turtle_Bay,6,005B,,,,,,,,NGS,,,,,,1112,1791,BEA,2533
TB_090926_005B.jpeg,2026-09-09,Turtle_Bay,6,005B,,,,,,,,NGS,,,,,,1031,1649,BEA,2533
TB_090926_005B.jpeg,2026-09-09,Turtle_Bay,6,005B,,,,,,,,NGS,,,,,,1364,1839,BTurf,10211
TB_090926_005B.jpeg,2026-09-09,Turtle_Bay,6,005B,,,,,,,,NGS,,,,,,1020,1597,BTurf,10211
TB_090926_005B.jpeg,2026-09-09,Turtle_Bay,6,005B,,,,,,,,NGS,,,,,,1124,1807,BTurf,10211
TB_090926_005B.jpeg,2026-09-09,Turtle_Bay,6,005B,,,,,,,,NGS,,,,,,1205,1493,BEA,2533
TB_090926_005B.jpeg,2026-09-09,Turtle_Bay,6,005B,,,,,,,,NGS,,,,,,1051,2188,BEA,2533
TB_090926_005B.jpeg,2026-09-09,Turtle_Bay,6,005B,,,,,,,,NGS,,,,,,1369,2159,BEA,2533
TB_090926_005B.jpeg,2026-09-09,Turtle_Bay,6,005B,,,,,,,,NGS,,,,,,1032,2026,BTurf,10211
TB_090926_005B.jpeg,2026-09-09,Turtle_Bay,6,005B,,,,,,,,NGS,,,,,,1712,423,BTurf,10211
TB_090926_005B.jpeg,2026-09-09,Turtle_Bay,6,005B,,,,,,,,NGS,,,,,,1845,417,BTurf,10211
TB_090926_005B.jpeg,2026-09-09,Turtle_Bay,6,005B,,,,,,,,NGS,,,,,,1648,921,BTurf,10211
TB_090926_005B.jpeg,2026-09-09,Turtle_Bay,6,005B,,,,,,,,NGS,,,,,,1900,907,BEA,2533
TB_090926_005B.jpeg,2026-09-09,Turtle_Bay,6,005B,,,,,,,,NGS,,,,,,1700,954,BEA,2533
TB_090926_005B.jpeg,2026-09-09,Turtle_Bay,6,005B,,,,,,,,NGS,,,,,,1802,759,BEA,2533
TB_090926_005B.jpeg,2026-09-09,Turtle_Bay,6,005B,,,,,,,,NGS,,,,,,1723,1242,BTurf,10211
TB_090926_005B.jpeg,2026-09-09,Turtle_Bay,6,005B,,,,,,,,NGS,,,,,,1578,1365,BEA,2533
TB_090926_005B.jpeg,2026-09-09,Turtle_Bay,6,005B,,,,,,,,NGS,,,,,,1598,1027,BTurf,10211
TB_090926_005B.jpeg,2026-09-09,Turtle_Bay,6,005B,,,,,,,,NGS,,,,,,1472,1200,BEA,2533
TB_090926_005B.jpeg,2026-09-09,Turtle_Bay,6,005B,,,,,,,,NGS,,,,,,1704,1145,BTurf,10211
TB_090926_005B.jpeg,2026-09-09,Turtle_Bay,6,005B,,,,,,,,NGS,,,,,,1813,1589,BEA,2533
TB_090926_005B.jpeg,2026-09-09,Turtle_Bay,6,005B,,,,,,,,NGS,,,,,,1758,1998,GEA,2534
TB_090926_005B.jpeg,2026-09-09,Turtle_Bay,6,005B,,,,,,,,NGS,,,,,,1672,1917,BTurf,10211
TB_090926_005B.jpeg,2026-09-09,Turtle_Bay,6,005B,,,,,,,,NGS,,,,,,2352,448,Outside,6910
TB_090926_005B.jpeg,2026-09-09,Turtle_Bay,6,005B,,,,,,,,NGS,,,,,,2211,509,BEA,2533
TB_090926_005B.jpeg,2026-09-09,Turtle_Bay,6,005B,,,,,,,,NGS,,,,,,1957,458,BTurf,10211
TB_090926_005B.jpeg,2026-09-09,Turtle_Bay,6,005B,,,,,,,,NGS,,,,,,2086,949,BEA,2533
TB_090926_005B.jpeg,2026-09-09,Turtle_Bay,6,005B,,,,,,,,NGS,,,,,,2107,1344,BEA,2533
TB_090926_005B.jpeg,2026-09-09,Turtle_Bay,6,005B,,,,,,,,NGS,,,,,,1976,1505,BEA,2533
TB_090926_005B.jpeg,2026-09-09,Turtle_Bay,6,005B,,,,,,,,NGS,,,,,,1983,1576,BTurf,10211
TB_090926_005B.jpeg,2026-09-09,Turtle_Bay,6,005B,,,,,,,,NGS,,,,,,2275,2227,BEA,2533
TB_090926_005B.jpeg,2026-09-09,Turtle_Bay,6,005B,,,,,,,,NGS,,,,,,2072,1887,BTurf,10211
TB_090926_005B.jpeg,2026-09-09,Turtle_Bay,6,005B,,,,,,,,NGS,,,,,,1980,2094,BTurf,10211
TB_090926_005B.jpeg,2026-09-09,Turtle_Bay,6,005B,,,,,,,,NGS,,,,,,1950,1895,BEA,2533
TB_090926_006A.jpeg,2026-09-09,Turtle_Bay,6,006A,,,,,,,,NGS,,,,,,511,393,BEA,2533
TB_090926_006A.jpeg,2026-09-09,Turtle_Bay,6,006A,,,,,,,,NGS,,,,,,478,322,BTurf,10211
TB_090926_006A.jpeg,2026-09-09,Turtle_Bay,6,006A,,,,,,,,NGS,,,,,,205,149,BEA,2533
TB_090926_006A.jpeg,2026-09-09,Turtle_Bay,6,006A,,,,,,,,NGS,,,,,,171,354,BEA,2533
TB_090926_006A.jpeg,2026-09-09,Turtle_Bay,6,006A,,,,,,,,NGS,,,,,,344,282,BEA,2533
TB_090926_006A.jpeg,2026-09-09,Turtle_Bay,6,006A,,,,,,,,NGS,,,,,,295,570,BTurf,10211
TB_090926_006A.jpeg,2026-09-09,Turtle_Bay,6,006A,,,,,,,,NGS,,,,,,271,776,BEA,2533
TB_090926_006A.jpeg,2026-09-09,Turtle_Bay,6,006A,,,,,,,,NGS,,,,,,553,885,BEA,2533
TB_090926_006A.jpeg,2026-09-09,Turtle_Bay,6,006A,,,,,,,,NGS,,,,,,225,1091,BTurf,10211
TB_090926_006A.jpeg,2026-09-09,Turtle_Bay,6,006A,,,,,,,,NGS,,,,,,153,1119,BTurf,10211
TB_090926_006A.jpeg,2026-09-09,Turtle_Bay,6,006A,,,,,,,,NGS,,,,,,148,1454,BTurf,10211
TB_090926_006A.jpeg,2026-09-09,Turtle_Bay,6,006A,,,,,,,,NGS,,,,,,332,1833,BTurf,10211
TB_090926_006A.jpeg,2026-09-09,Turtle_Bay,6,006A,,,,,,,,NGS,,,,,,322,1561,BEA,2533
TB_090926_006A.jpeg,2026-09-09,Turtle_Bay,6,006A,,,,,,,,NGS,,,,,,359,1839,BTurf,10211
TB_090926_006A.jpeg,2026-09-09,Turtle_Bay,6,006A,,,,,,,,NGS,,,,,,197,2083,BTurf,10211
TB_090926_006A.jpeg,2026-09-09,Turtle_Bay,6,006A,,,,,,,,NGS,,,,,,260,2009,BEA,2533
TB_090926_006A.jpeg,2026-09-09,Turtle_Bay,6,006A,,,,,,,,NGS,,,,,,270,2148,BTurf,10211
TB_090926_006A.jpeg,2026-09-09,Turtle_Bay,6,006A,,,,,,,,NGS,,,,,,717,244,BTurf,10211
TB_090926_006A.jpeg,2026-09-09,Turtle_Bay,6,006A,,,,,,,,NGS,,,,,,627,206,BEA,2533
TB_090926_006A.jpeg,2026-09-09,Turtle_Bay,6,006A,,,,,,,,NGS,,,,,,869,364,BEA,2533
TB_090926_006A.jpeg,2026-09-09,Turtle_Bay,6,006A,,,,,,,,NGS,,,,,,578,930,BTurf,10211
TB_090926_006A.jpeg,2026-09-09,Turtle_Bay,6,006A,,,,,,,,NGS,,,,,,612,654,BTurf,10211
TB_090926_006A.jpeg,2026-09-09,Turtle_Bay,6,006A,,,,,,,,NGS,,,,,,727,561,BEA,2533
TB_090926_006A.jpeg,2026-09-09,Turtle_Bay,6,006A,,,,,,,,NGS,,,,,,917,820,BEA,2533
TB_090926_006A.jpeg,2026-09-09,Turtle_Bay,6,006A,,,,,,,,NGS,,,,,,936,619,BTurf,10211
TB_090926_006A.jpeg,2026-09-09,Turtle_Bay,6,006A,,,,,,,,NGS,,,,,,600,963,GEA,2534
TB_090926_006A.jpeg,2026-09-09,Turtle_Bay,6,006A,,,,,,,,NGS,,,,,,935,1275,BTurf,10211
TB_090926_006A.jpeg,2026-09-09,Turtle_Bay,6,006A,,,,,,,,NGS,,,,,,606,1256,BTurf,10211
TB_090926_006A.jpeg,2026-09-09,Turtle_Bay,6,006A,,,,,,,,NGS,,,,,,965,1215,BTurf,10211
TB_090926_006A.jpeg,2026-09-09,Turtle_Bay,6,006A,,,,,,,,NGS,,,,,,920,1018,BEA,2533
TB_090926_006A.jpeg,2026-09-09,Turtle_Bay,6,006A,,,,,,,,NGS,,,,,,948,1472,BTurf,10211
TB_090926_006A.jpeg,2026-09-09,Turtle_Bay,6,006A,,,,,,,,NGS,,,,,,753,2120,BTurf,10211
TB_090926_006A.jpeg,2026-09-09,Turtle_Bay,6,006A,,,,,,,,NGS,,,,,,680,2230,BTurf,10211
TB_090926_006A.jpeg,2026-09-09,Turtle_Bay,6,006A,,,,,,,,NGS,,,,,,568,2005,BEA,2533
TB_090926_006A.jpeg,2026-09-09,Turtle_Bay,6,006A,,,,,,,,NGS,,,,,,573,2085,BTurf,10211
TB_090926_006A.jpeg,2026-09-09,Turtle_Bay,6,006A,,,,,,,,NGS,,,,,,564,2274,BEA,2533
TB_090926_006A.jpeg,2026-09-09,Turtle_Bay,6,006A,,,,,,,,NGS,,,,,,749,2107,BTurf,10211
TB_090926_006A.jpeg,2026-09-09,Turtle_Bay,6,006A,,,,,,,,NGS,,,,,,1263,208,BEA,2533
TB_090926_006A.jpeg,2026-09-09,Turtle_Bay,6,006A,,,,,,,,NGS,,,,,,1214,312,BEA,2533
TB_090926_006A.jpeg,2026-09-09,Turtle_Bay,6,006A,,,,,,,,NGS,,,,,,1253,453,BEA,2533
TB_090926_006A.jpeg,2026-09-09,Turtle_Bay,6,006A,,,,,,,,NGS,,,,,,1204,641,BTurf,10211
TB_090926_006A.jpeg,2026-09-09,Turtle_Bay,6,006A,,,,,,,,NGS,,,,,,1336,667,BEA,2533
TB_090926_006A.jpeg,2026-09-09,Turtle_Bay,6,006A,,,,,,,,NGS,,,,,,1126,832,BEA,2533
TB_090926_006A.jpeg,2026-09-09,Turtle_Bay,6,006A,,,,,,,,NGS,,,,,,1085,1034,BEA,2533
TB_090926_006A.jpeg,2026-09-09,Turtle_Bay,6,006A,,,,,,,,NGS,,,,,,1114,1133,BEA,2533
TB_090926_006A.jpeg,2026-09-09,Turtle_Bay,6,006A,,,,,,,,NGS,,,,,,1379,1756,BTurf,10211
TB_090926_006A.jpeg,2026-09-09,Turtle_Bay,6,006A,,,,,,,,NGS,,,,,,1232,1919,BTurf,10211
TB_090926_006A.jpeg,2026-09-09,Turtle_Bay,6,006A,,,,,,,,NGS,,,,,,1339,2081,BTurf,10211
TB_090926_006A.jpeg,2026-09-09,Turtle_Bay,6,006A,,,,,,,,NGS,,,,,,1095,2295,BEA,2533
TB_090926_006A.jpeg,2026-09-09,Turtle_Bay,6,006A,,,,,,,,NGS,,,,,,1159,2179,BEA,2533
TB_090926_006A.jpeg,2026-09-09,Turtle_Bay,6,006A,,,,,,,,NGS,,,,,,1565,507,BEA,2533
TB_090926_006A.jpeg,2026-09-09,Turtle_Bay,6,006A,,,,,,,,NGS,,,,,,1820,447,BEA,2533
TB_090926_006A.jpeg,2026-09-09,Turtle_Bay,6,006A,,,,,,,,NGS,,,,,,1820,1155,BTurf,10211
TB_090926_006A.jpeg,2026-09-09,Turtle_Bay,6,006A,,,,,,,,NGS,,,,,,1853,1068,BEA,2533
TB_090926_006A.jpeg,2026-09-09,Turtle_Bay,6,006A,,,,,,,,NGS,,,,,,1637,1733,BTurf,10211
TB_090926_006A.jpeg,2026-09-09,Turtle_Bay,6,006A,,,,,,,,NGS,,,,,,1594,1643,BEA,2533
TB_090926_006A.jpeg,2026-09-09,Turtle_Bay,6,006A,,,,,,,,NGS,,,,,,1804,1724,BTurf,10211
TB_090926_006A.jpeg,2026-09-09,Turtle_Bay,6,006A,,,,,,,,NGS,,,,,,1685,1959,BTurf,10211
TB_090926_006A.jpeg,2026-09-09,Turtle_Bay,6,006A,,,,,,,,NGS,,,,,,1796,2214,BTurf,10211
TB_090926_006A.jpeg,2026-09-09,Turtle_Bay,6,006A,,,,,,,,NGS,,,,,,1889,250,BEA,2533
TB_090926_006A.jpeg,2026-09-09,Turtle_Bay,6,006A,,,,,,,,NGS,,,,,,2051,527,BTurf,10211
TB_090926_006A.jpeg,2026-09-09,Turtle_Bay,6,006A,,,,,,,,NGS,,,,,,2236,494,BTurf,10211
TB_090926_006A.jpeg,2026-09-09,Turtle_Bay,6,006A,,,,,,,,NGS,,,,,,2019,374,BEA,2533
TB_090926_006A.jpeg,2026-09-09,Turtle_Bay,6,006A,,,,,,,,NGS,,,,,,2125,735,BEA,2533
TB_090926_006A.jpeg,2026-09-09,Turtle_Bay,6,006A,,,,,,,,NGS,,,,,,2096,782,BEA,2533
TB_090926_006A.jpeg,2026-09-09,Turtle_Bay,6,006A,,,,,,,,NGS,,,,,,2258,678,BEA,2533
TB_090926_006A.jpeg,2026-09-09,Turtle_Bay,6,006A,,,,,,,,NGS,,,,,,1956,599,BTurf,10211
TB_090926_006A.jpeg,2026-09-09,Turtle_Bay,6,006A,,,,,,,,NGS,,,,,,2246,578,BEA,2533
TB_090926_006A.jpeg,2026-09-09,Turtle_Bay,6,006A,,,,,,,,NGS,,,,,,2283,996,BTurf,10211
TB_090926_006A.jpeg,2026-09-09,Turtle_Bay,6,006A,,,,,,,,NGS,,,,,,1861,1851,BTurf,10211
TB_090926_006A.jpeg,2026-09-09,Turtle_Bay,6,006A,,,,,,,,NGS,,,,,,2163,1560,BTurf,10211
TB_090926_006A.jpeg,2026-09-09,Turtle_Bay,6,006A,,,,,,,,NGS,,,,,,1993,1910,BTurf,10211
TB_090926_006A.jpeg,2026-09-09,Turtle_Bay,6,006A,,,,,,,,NGS,,,,,,2023,2225,BEA,2533
TB_090926_006A.jpeg,2026-09-09,Turtle_Bay,6,006A,,,,,,,,NGS,,,,,,2186,1949,BTurf,10211
TB_090926_006A.jpeg,2026-09-09,Turtle_Bay,6,006A,,,,,,,,NGS,,,,,,1954,2158,BEA,2533
TB_090926_007A.jpeg,2026-09-09,Turtle_Bay,6,007A,,,,,,,,NGS,,,,,,155,301,BEA,2533
TB_090926_007A.jpeg,2026-09-09,Turtle_Bay,6,007A,,,,,,,,NGS,,,,,,117,147,BEA,2533
TB_090926_007A.jpeg,2026-09-09,Turtle_Bay,6,007A,,,,,,,,NGS,,,,,,182,75,BTurf,10211
TB_090926_007A.jpeg,2026-09-09,Turtle_Bay,6,007A,,,,,,,,NGS,,,,,,76,476,BEA,2533
TB_090926_007A.jpeg,2026-09-09,Turtle_Bay,6,007A,,,,,,,,NGS,,,,,,73,365,BEA,2533
TB_090926_007A.jpeg,2026-09-09,Turtle_Bay,6,007A,,,,,,,,NGS,,,,,,256,494,BEA,2533
TB_090926_007A.jpeg,2026-09-09,Turtle_Bay,6,007A,,,,,,,,NGS,,,,,,277,474,BEA,2533
TB_090926_007A.jpeg,2026-09-09,Turtle_Bay,6,007A,,,,,,,,NGS,,,,,,155,514,BEA,2533
TB_090926_007A.jpeg,2026-09-09,Turtle_Bay,6,007A,,,,,,,,NGS,,,,,,313,607,BEA,2533
TB_090926_007A.jpeg,2026-09-09,Turtle_Bay,6,007A,,,,,,,,NGS,,,,,,228,614,BEA,2533
TB_090926_007A.jpeg,2026-09-09,Turtle_Bay,6,007A,,,,,,,,NGS,,,,,,248,645,BEA,2533
TB_090926_007A.jpeg,2026-09-09,Turtle_Bay,6,007A,,,,,,,,NGS,,,,,,102,674,BEA,2533
TB_090926_007A.jpeg,2026-09-09,Turtle_Bay,6,007A,,,,,,,,NGS,,,,,,78,1078,BEA,2533
TB_090926_007A.jpeg,2026-09-09,Turtle_Bay,6,007A,,,,,,,,NGS,,,,,,315,954,BEA,2533
TB_090926_007A.jpeg,2026-09-09,Turtle_Bay,6,007A,,,,,,,,NGS,,,,,,206,1295,BTurf,10211
TB_090926_007A.jpeg,2026-09-09,Turtle_Bay,6,007A,,,,,,,,NGS,,,,,,208,1307,BTurf,10211
TB_090926_007A.jpeg,2026-09-09,Turtle_Bay,6,007A,,,,,,,,NGS,,,,,,508,314,BEA,2533
TB_090926_007A.jpeg,2026-09-09,Turtle_Bay,6,007A,,,,,,,,NGS,,,,,,539,88,BTurf,10211
TB_090926_007A.jpeg,2026-09-09,Turtle_Bay,6,007A,,,,,,,,NGS,,,,,,365,91,BEA,2533
TB_090926_007A.jpeg,2026-09-09,Turtle_Bay,6,007A,,,,,,,,NGS,,,,,,427,274,BEA,2533
TB_090926_007A.jpeg,2026-09-09,Turtle_Bay,6,007A,,,,,,,,NGS,,,,,,385,222,BEA,2533
TB_090926_007A.jpeg,2026-09-09,Turtle_Bay,6,007A,,,,,,,,NGS,,,,,,419,506,BEA,2533
TB_090926_007A.jpeg,2026-09-09,Turtle_Bay,6,007A,,,,,,,,NGS,,,,,,568,565,BTurf,10211
TB_090926_007A.jpeg,2026-09-09,Turtle_Bay,6,007A,,,,,,,,NGS,,,,,,367,328,BEA,2533
TB_090926_007A.jpeg,2026-09-09,Turtle_Bay,6,007A,,,,,,,,NGS,,,,,,452,650,BEA,2533
TB_090926_007A.jpeg,2026-09-09,Turtle_Bay,6,007A,,,,,,,,NGS,,,,,,348,694,BEA,2533
TB_090926_007A.jpeg,2026-09-09,Turtle_Bay,6,007A,,,,,,,,NGS,,,,,,534,616,BEA,2533
TB_090926_007A.jpeg,2026-09-09,Turtle_Bay,6,007A,,,,,,,,NGS,,,,,,360,1062,BEA,2533
TB_090926_007A.jpeg,2026-09-09,Turtle_Bay,6,007A,,,,,,,,NGS,,,,,,392,960,BEA,2533
TB_090926_007A.jpeg,2026-09-09,Turtle_Bay,6,007A,,,,,,,,NGS,,,,,,370,1154,BEA,2533
TB_090926_007A.jpeg,2026-09-09,Turtle_Bay,6,007A,,,,,,,,NGS,,,,,,529,1317,BEA,2533
TB_090926_007A.jpeg,2026-09-09,Turtle_Bay,6,007A,,,,,,,,NGS,,,,,,383,1135,BEA,2533
TB_090926_007A.jpeg,2026-09-09,Turtle_Bay,6,007A,,,,,,,,NGS,,,,,,426,1270,BEA,2533
TB_090926_007A.jpeg,2026-09-09,Turtle_Bay,6,007A,,,,,,,,NGS,,,,,,705,105,BTurf,10211
TB_090926_007A.jpeg,2026-09-09,Turtle_Bay,6,007A,,,,,,,,NGS,,,,,,700,235,BTurf,10211
TB_090926_007A.jpeg,2026-09-09,Turtle_Bay,6,007A,,,,,,,,NGS,,,,,,646,253,BEA,2533
TB_090926_007A.jpeg,2026-09-09,Turtle_Bay,6,007A,,,,,,,,NGS,,,,,,647,235,BEA,2533
TB_090926_007A.jpeg,2026-09-09,Turtle_Bay,6,007A,,,,,,,,NGS,,,,,,655,522,BTurf,10211
TB_090926_007A.jpeg,2026-09-09,Turtle_Bay,6,007A,,,,,,,,NGS,,,,,,819,825,BEA,2533
TB_090926_007A.jpeg,2026-09-09,Turtle_Bay,6,007A,,,,,,,,NGS,,,,,,636,687,BEA,2533
TB_090926_007A.jpeg,2026-09-09,Turtle_Bay,6,007A,,,,,,,,NGS,,,,,,607,667,BEA,2533
TB_090926_007A.jpeg,2026-09-09,Turtle_Bay,6,007A,,,,,,,,NGS,,,,,,680,771,BEA,2533
TB_090926_007A.jpeg,2026-09-09,Turtle_Bay,6,007A,,,,,,,,NGS,,,,,,575,791,BEA,2533
TB_090926_007A.jpeg,2026-09-09,Turtle_Bay,6,007A,,,,,,,,NGS,,,,,,768,1040,BEA,2533
TB_090926_007A.jpeg,2026-09-09,Turtle_Bay,6,007A,,,,,,,,NGS,,,,,,743,1000,BEA,2533
TB_090926_007A.jpeg,2026-09-09,Turtle_Bay,6,007A,,,,,,,,NGS,,,,,,816,886,BEA,2533
TB_090926_007A.jpeg,2026-09-09,Turtle_Bay,6,007A,,,,,,,,NGS,,,,,,629,1177,BEA,2533
TB_090926_007A.jpeg,2026-09-09,Turtle_Bay,6,007A,,,,,,,,NGS,,,,,,954,227,BEA,2533
TB_090926_007A.jpeg,2026-09-09,Turtle_Bay,6,007A,,,,,,,,NGS,,,,,,961,135,BEA,2533
TB_090926_007A.jpeg,2026-09-09,Turtle_Bay,6,007A,,,,,,,,NGS,,,,,,951,270,BEA,2533
TB_090926_007A.jpeg,2026-09-09,Turtle_Bay,6,007A,,,,,,,,NGS,,,,,,1068,96,BEA,2533
TB_090926_007A.jpeg,2026-09-09,Turtle_Bay,6,007A,,,,,,,,NGS,,,,,,950,273,BEA,2533
TB_090926_007A.jpeg,2026-09-09,Turtle_Bay,6,007A,,,,,,,,NGS,,,,,,1071,349,BEA,2533
TB_090926_007A.jpeg,2026-09-09,Turtle_Bay,6,007A,,,,,,,,NGS,,,,,,859,443,BTurf,10211
TB_090926_007A.jpeg,2026-09-09,Turtle_Bay,6,007A,,,,,,,,NGS,,,,,,989,784,BEA,2533
TB_090926_007A.jpeg,2026-09-09,Turtle_Bay,6,007A,,,,,,,,NGS,,,,,,1049,767,BTurf,10211
TB_090926_007A.jpeg,2026-09-09,Turtle_Bay,6,007A,,,,,,,,NGS,,,,,,936,746,BTurf,10211
TB_090926_007A.jpeg,2026-09-09,Turtle_Bay,6,007A,,,,,,,,NGS,,,,,,1042,829,BEA,2533
TB_090926_007A.jpeg,2026-09-09,Turtle_Bay,6,007A,,,,,,,,NGS,,,,,,1049,619,BEA,2533
TB_090926_007A.jpeg,2026-09-09,Turtle_Bay,6,007A,,,,,,,,NGS,,,,,,913,1062,BEA,2533
TB_090926_007A.jpeg,2026-09-09,Turtle_Bay,6,007A,,,,,,,,NGS,,,,,,862,1335,Outside,6910
TB_090926_007A.jpeg,2026-09-09,Turtle_Bay,6,007A,,,,,,,,NGS,,,,,,909,1234,BEA,2533
TB_090926_007A.jpeg,2026-09-09,Turtle_Bay,6,007A,,,,,,,,NGS,,,,,,1217,137,BEA,2533
TB_090926_007A.jpeg,2026-09-09,Turtle_Bay,6,007A,,,,,,,,NGS,,,,,,1174,99,BEA,2533
TB_090926_007A.jpeg,2026-09-09,Turtle_Bay,6,007A,,,,,,,,NGS,,,,,,1243,72,BTurf,10211
TB_090926_007A.jpeg,2026-09-09,Turtle_Bay,6,007A,,,,,,,,NGS,,,,,,1175,344,BEA,2533
TB_090926_007A.jpeg,2026-09-09,Turtle_Bay,6,007A,,,,,,,,NGS,,,,,,1320,491,BEA,2533
TB_090926_007A.jpeg,2026-09-09,Turtle_Bay,6,007A,,,,,,,,NGS,,,,,,1320,440,BTurf,10211
TB_090926_007A.jpeg,2026-09-09,Turtle_Bay,6,007A,,,,,,,,NGS,,,,,,1147,566,BEA,2533
TB_090926_007A.jpeg,2026-09-09,Turtle_Bay,6,007A,,,,,,,,NGS,,,,,,1175,344,BEA,2533
TB_090926_007A.jpeg,2026-09-09,Turtle_Bay,6,007A,,,,,,,,NGS,,,,,,1157,964,BEA,2533
TB_090926_007A.jpeg,2026-09-09,Turtle_Bay,6,007A,,,,,,,,NGS,,,,,,1253,1067,BEA,2533
TB_090926_007A.jpeg,2026-09-09,Turtle_Bay,6,007A,,,,,,,,NGS,,,,,,1261,872,BEA,2533
TB_090926_007A.jpeg,2026-09-09,Turtle_Bay,6,007A,,,,,,,,NGS,,,,,,1248,1284,BEA,2533
TB_090926_007A.jpeg,2026-09-09,Turtle_Bay,6,007A,,,,,,,,NGS,,,,,,1291,1129,BEA,2533
TB_090926_007B.jpeg,2026-09-09,Turtle_Bay,6,007B,,,,,,,,NGS,,,,,,152,155,BEA,2533
TB_090926_007B.jpeg,2026-09-09,Turtle_Bay,6,007B,,,,,,,,NGS,,,,,,190,134,GEA,2534
TB_090926_007B.jpeg,2026-09-09,Turtle_Bay,6,007B,,,,,,,,NGS,,,,,,160,118,GEA,2534
TB_090926_007B.jpeg,2026-09-09,Turtle_Bay,6,007B,,,,,,,,NGS,,,,,,189,327,BEA,2533
TB_090926_007B.jpeg,2026-09-09,Turtle_Bay,6,007B,,,,,,,,NGS,,,,,,132,312,BEA,2533
TB_090926_007B.jpeg,2026-09-09,Turtle_Bay,6,007B,,,,,,,,NGS,,,,,,288,678,BEA,2533
TB_090926_007B.jpeg,2026-09-09,Turtle_Bay,6,007B,,,,,,,,NGS,,,,,,305,586,BEA,2533
TB_090926_007B.jpeg,2026-09-09,Turtle_Bay,6,007B,,,,,,,,NGS,,,,,,167,761,BEA,2533
TB_090926_007B.jpeg,2026-09-09,Turtle_Bay,6,007B,,,,,,,,NGS,,,,,,97,690,BEA,2533
TB_090926_007B.jpeg,2026-09-09,Turtle_Bay,6,007B,,,,,,,,NGS,,,,,,88,707,BEA,2533
TB_090926_007B.jpeg,2026-09-09,Turtle_Bay,6,007B,,,,,,,,NGS,,,,,,192,1168,BEA,2533
TB_090926_007B.jpeg,2026-09-09,Turtle_Bay,6,007B,,,,,,,,NGS,,,,,,199,1095,BEA,2533
TB_090926_007B.jpeg,2026-09-09,Turtle_Bay,6,007B,,,,,,,,NGS,,,,,,91,1258,BEA,2533
TB_090926_007B.jpeg,2026-09-09,Turtle_Bay,6,007B,,,,,,,,NGS,,,,,,428,302,BEA,2533
TB_090926_007B.jpeg,2026-09-09,Turtle_Bay,6,007B,,,,,,,,NGS,,,,,,439,267,BEA,2533
TB_090926_007B.jpeg,2026-09-09,Turtle_Bay,6,007B,,,,,,,,NGS,,,,,,333,289,GEA,2534
TB_090926_007B.jpeg,2026-09-09,Turtle_Bay,6,007B,,,,,,,,NGS,,,,,,357,236,BEA,2533
TB_090926_007B.jpeg,2026-09-09,Turtle_Bay,6,007B,,,,,,,,NGS,,,,,,338,385,BEA,2533
TB_090926_007B.jpeg,2026-09-09,Turtle_Bay,6,007B,,,,,,,,NGS,,,,,,443,363,GEA,2534
TB_090926_007B.jpeg,2026-09-09,Turtle_Bay,6,007B,,,,,,,,NGS,,,,,,473,523,BTurf,10211
TB_090926_007B.jpeg,2026-09-09,Turtle_Bay,6,007B,,,,,,,,NGS,,,,,,336,548,BEA,2533
TB_090926_007B.jpeg,2026-09-09,Turtle_Bay,6,007B,,,,,,,,NGS,,,,,,482,616,BEA,2533
TB_090926_007B.jpeg,2026-09-09,Turtle_Bay,6,007B,,,,,,,,NGS,,,,,,411,982,BEA,2533
TB_090926_007B.jpeg,2026-09-09,Turtle_Bay,6,007B,,,,,,,,NGS,,,,,,459,893,BEA,2533
TB_090926_007B.jpeg,2026-09-09,Turtle_Bay,6,007B,,,,,,,,NGS,,,,,,348,846,BTurf,10211
TB_090926_007B.jpeg,2026-09-09,Turtle_Bay,6,007B,,,,,,,,NGS,,,,,,337,854,BTurf,10211
TB_090926_007B.jpeg,2026-09-09,Turtle_Bay,6,007B,,,,,,,,NGS,,,,,,319,991,BTurf,10211
TB_090926_007B.jpeg,2026-09-09,Turtle_Bay,6,007B,,,,,,,,NGS,,,,,,514,1062,BEA,2533
TB_090926_007B.jpeg,2026-09-09,Turtle_Bay,6,007B,,,,,,,,NGS,,,,,,520,1156,BEA,2533
TB_090926_007B.jpeg,2026-09-09,Turtle_Bay,6,007B,,,,,,,,NGS,,,,,,365,1169,BTurf,10211
TB_090926_007B.jpeg,2026-09-09,Turtle_Bay,6,007B,,,,,,,,NGS,,,,,,516,1071,BEA,2533
TB_090926_007B.jpeg,2026-09-09,Turtle_Bay,6,007B,,,,,,,,NGS,,,,,,354,1123,BTurf,10211
TB_090926_007B.jpeg,2026-09-09,Turtle_Bay,6,007B,,,,,,,,NGS,,,,,,352,1058,BEA,2533
TB_090926_007B.jpeg,2026-09-09,Turtle_Bay,6,007B,,,,,,,,NGS,,,,,,550,1241,BTurf,10211
TB_090926_007B.jpeg,2026-09-09,Turtle_Bay,6,007B,,,,,,,,NGS,,,,,,573,188,BEA,2533
TB_090926_007B.jpeg,2026-09-09,Turtle_Bay,6,007B,,,,,,,,NGS,,,,,,722,123,BEA,2533
TB_090926_007B.jpeg,2026-09-09,Turtle_Bay,6,007B,,,,,,,,NGS,,,,,,655,339,BEA,2533
TB_090926_007B.jpeg,2026-09-09,Turtle_Bay,6,007B,,,,,,,,NGS,,,,,,678,468,BTurf,10211
TB_090926_007B.jpeg,2026-09-09,Turtle_Bay,6,007B,,,,,,,,NGS,,,,,,691,399,BEA,2533
TB_090926_007B.jpeg,2026-09-09,Turtle_Bay,6,007B,,,,,,,,NGS,,,,,,568,325,BEA,2533
TB_090926_007B.jpeg,2026-09-09,Turtle_Bay,6,007B,,,,,,,,NGS,,,,,,690,643,BEA,2533
TB_090926_007B.jpeg,2026-09-09,Turtle_Bay,6,007B,,,,,,,,NGS,,,,,,615,997,BEA,2533
TB_090926_007B.jpeg,2026-09-09,Turtle_Bay,6,007B,,,,,,,,NGS,,,,,,581,899,GEA,2534
TB_090926_007B.jpeg,2026-09-09,Turtle_Bay,6,007B,,,,,,,,NGS,,,,,,716,912,BEA,2533
TB_090926_007B.jpeg,2026-09-09,Turtle_Bay,6,007B,,,,,,,,NGS,,,,,,714,933,BEA,2533
TB_090926_007B.jpeg,2026-09-09,Turtle_Bay,6,007B,,,,,,,,NGS,,,,,,730,961,BEA,2533
TB_090926_007B.jpeg,2026-09-09,Turtle_Bay,6,007B,,,,,,,,NGS,,,,,,671,857,BEA,2533
TB_090926_007B.jpeg,2026-09-09,Turtle_Bay,6,007B,,,,,,,,NGS,,,,,,669,1194,BEA,2533
TB_090926_007B.jpeg,2026-09-09,Turtle_Bay,6,007B,,,,,,,,NGS,,,,,,618,1176,BEA,2533
TB_090926_007B.jpeg,2026-09-09,Turtle_Bay,6,007B,,,,,,,,NGS,,,,,,648,1128,BEA,2533
TB_090926_007B.jpeg,2026-09-09,Turtle_Bay,6,007B,,,,,,,,NGS,,,,,,909,182,BEA,2533
TB_090926_007B.jpeg,2026-09-09,Turtle_Bay,6,007B,,,,,,,,NGS,,,,,,962,170,BEA,2533
TB_090926_007B.jpeg,2026-09-09,Turtle_Bay,6,007B,,,,,,,,NGS,,,,,,911,74,BEA,2533
TB_090926_007B.jpeg,2026-09-09,Turtle_Bay,6,007B,,,,,,,,NGS,,,,,,977,72,BEA,2533
TB_090926_007B.jpeg,2026-09-09,Turtle_Bay,6,007B,,,,,,,,NGS,,,,,,857,534,GEA,2534
TB_090926_007B.jpeg,2026-09-09,Turtle_Bay,6,007B,,,,,,,,NGS,,,,,,839,424,BEA,2533
TB_090926_007B.jpeg,2026-09-09,Turtle_Bay,6,007B,,,,,,,,NGS,,,,,,997,351,BTurf,10211
TB_090926_007B.jpeg,2026-09-09,Turtle_Bay,6,007B,,,,,,,,NGS,,,,,,914,768,BEA,2533
TB_090926_007B.jpeg,2026-09-09,Turtle_Bay,6,007B,,,,,,,,NGS,,,,,,857,707,BEA,2533
TB_090926_007B.jpeg,2026-09-09,Turtle_Bay,6,007B,,,,,,,,NGS,,,,,,865,926,BEA,2533
TB_090926_007B.jpeg,2026-09-09,Turtle_Bay,6,007B,,,,,,,,NGS,,,,,,959,1114,BTurf,10211
TB_090926_007B.jpeg,2026-09-09,Turtle_Bay,6,007B,,,,,,,,NGS,,,,,,1037,1241,BEA,2533
TB_090926_007B.jpeg,2026-09-09,Turtle_Bay,6,007B,,,,,,,,NGS,,,,,,1031,1067,BTurf,10211
TB_090926_007B.jpeg,2026-09-09,Turtle_Bay,6,007B,,,,,,,,NGS,,,,,,1175,69,GEA,2534
TB_090926_007B.jpeg,2026-09-09,Turtle_Bay,6,007B,,,,,,,,NGS,,,,,,1074,164,GEA,2534
TB_090926_007B.jpeg,2026-09-09,Turtle_Bay,6,007B,,,,,,,,NGS,,,,,,1126,386,BEA,2533
TB_090926_007B.jpeg,2026-09-09,Turtle_Bay,6,007B,,,,,,,,NGS,,,,,,1056,340,BEA,2533
TB_090926_007B.jpeg,2026-09-09,Turtle_Bay,6,007B,,,,,,,,NGS,,,,,,1131,308,BEA,2533
TB_090926_007B.jpeg,2026-09-09,Turtle_Bay,6,007B,,,,,,,,NGS,,,,,,1185,770,BEA,2533
TB_090926_007B.jpeg,2026-09-09,Turtle_Bay,6,007B,,,,,,,,NGS,,,,,,1222,889,BTurf,10211
TB_090926_007B.jpeg,2026-09-09,Turtle_Bay,6,007B,,,,,,,,NGS,,,,,,1129,893,BEA,2533
TB_090926_007B.jpeg,2026-09-09,Turtle_Bay,6,007B,,,,,,,,NGS,,,,,,1194,943,BTurf,10211
TB_090926_007B.jpeg,2026-09-09,Turtle_Bay,6,007B,,,,,,,,NGS,,,,,,1152,1030,BTurf,10211
TB_090926_007B.jpeg,2026-09-09,Turtle_Bay,6,007B,,,,,,,,NGS,,,,,,1150,1100,BTurf,10211
TB_090926_007B.jpeg,2026-09-09,Turtle_Bay,6,007B,,,,,,,,NGS,,,,,,1105,1049,BTurf,10211
TB_090926_008A.jpeg,2026-09-09,Turtle_Bay,6,008A,,,,,,,,NGS,,,,,,513,534,BEA,2533
TB_090926_008A.jpeg,2026-09-09,Turtle_Bay,6,008A,,,,,,,,NGS,,,,,,247,893,BEA,2533
TB_090926_008A.jpeg,2026-09-09,Turtle_Bay,6,008A,,,,,,,,NGS,,,,,,217,922,BEA,2533
TB_090926_008A.jpeg,2026-09-09,Turtle_Bay,6,008A,,,,,,,,NGS,,,,,,481,925,CCA,101
TB_090926_008A.jpeg,2026-09-09,Turtle_Bay,6,008A,,,,,,,,NGS,,,,,,479,1324,BTurf,10211
TB_090926_008A.jpeg,2026-09-09,Turtle_Bay,6,008A,,,,,,,,NGS,,,,,,319,1331,CCA,101
TB_090926_008A.jpeg,2026-09-09,Turtle_Bay,6,008A,,,,,,,,NGS,,,,,,504,1649,BTurf,10211
TB_090926_008A.jpeg,2026-09-09,Turtle_Bay,6,008A,,,,,,,,NGS,,,,,,350,1514,BTurf,10211
TB_090926_008A.jpeg,2026-09-09,Turtle_Bay,6,008A,,,,,,,,NGS,,,,,,171,1416,BTurf,10211
TB_090926_008A.jpeg,2026-09-09,Turtle_Bay,6,008A,,,,,,,,NGS,,,,,,298,1912,BTurf,10211
TB_090926_008A.jpeg,2026-09-09,Turtle_Bay,6,008A,,,,,,,,NGS,,,,,,305,2192,BEA,2533
TB_090926_008A.jpeg,2026-09-09,Turtle_Bay,6,008A,,,,,,,,NGS,,,,,,252,2094,BTurf,10211
TB_090926_008A.jpeg,2026-09-09,Turtle_Bay,6,008A,,,,,,,,NGS,,,,,,629,259,BTurf,10211
TB_090926_008A.jpeg,2026-09-09,Turtle_Bay,6,008A,,,,,,,,NGS,,,,,,645,517,BTurf,10211
TB_090926_008A.jpeg,2026-09-09,Turtle_Bay,6,008A,,,,,,,,NGS,,,,,,865,409,BEA,2533
TB_090926_008A.jpeg,2026-09-09,Turtle_Bay,6,008A,,,,,,,,NGS,,,,,,748,527,BTurf,10211
TB_090926_008A.jpeg,2026-09-09,Turtle_Bay,6,008A,,,,,,,,NGS,,,,,,603,432,BTurf,10211
TB_090926_008A.jpeg,2026-09-09,Turtle_Bay,6,008A,,,,,,,,NGS,,,,,,801,837,GEA,2534
TB_090926_008A.jpeg,2026-09-09,Turtle_Bay,6,008A,,,,,,,,NGS,,,,,,894,753,BTurf,10211
TB_090926_008A.jpeg,2026-09-09,Turtle_Bay,6,008A,,,,,,,,NGS,,,,,,900,1327,BTurf,10211
TB_090926_008A.jpeg,2026-09-09,Turtle_Bay,6,008A,,,,,,,,NGS,,,,,,910,1337,BTurf,10211
TB_090926_008A.jpeg,2026-09-09,Turtle_Bay,6,008A,,,,,,,,NGS,,,,,,598,1229,BTurf,10211
TB_090926_008A.jpeg,2026-09-09,Turtle_Bay,6,008A,,,,,,,,NGS,,,,,,852,1605,BTurf,10211
TB_090926_008A.jpeg,2026-09-09,Turtle_Bay,6,008A,,,,,,,,NGS,,,,,,823,1415,BTurf,10211
TB_090926_008A.jpeg,2026-09-09,Turtle_Bay,6,008A,,,,,,,,NGS,,,,,,640,1750,BTurf,10211
TB_090926_008A.jpeg,2026-09-09,Turtle_Bay,6,008A,,,,,,,,NGS,,,,,,872,2047,BTurf,10211
TB_090926_008A.jpeg,2026-09-09,Turtle_Bay,6,008A,,,,,,,,NGS,,,,,,800,1901,BTurf,10211
TB_090926_008A.jpeg,2026-09-09,Turtle_Bay,6,008A,,,,,,,,NGS,,,,,,671,1885,BTurf,10211
TB_090926_008A.jpeg,2026-09-09,Turtle_Bay,6,008A,,,,,,,,NGS,,,,,,799,1996,BTurf,10211
TB_090926_008A.jpeg,2026-09-09,Turtle_Bay,6,008A,,,,,,,,NGS,,,,,,685,1902,BTurf,10211
TB_090926_008A.jpeg,2026-09-09,Turtle_Bay,6,008A,,,,,,,,NGS,,,,,,1146,340,BEA,2533
TB_090926_008A.jpeg,2026-09-09,Turtle_Bay,6,008A,,,,,,,,NGS,,,,,,1343,445,BTurf,10211
TB_090926_008A.jpeg,2026-09-09,Turtle_Bay,6,008A,,,,,,,,NGS,,,,,,1087,287,BTurf,10211
TB_090926_008A.jpeg,2026-09-09,Turtle_Bay,6,008A,,,,,,,,NGS,,,,,,1214,324,BTurf,10211
TB_090926_008A.jpeg,2026-09-09,Turtle_Bay,6,008A,,,,,,,,NGS,,,,,,1306,422,BTurf,10211
TB_090926_008A.jpeg,2026-09-09,Turtle_Bay,6,008A,,,,,,,,NGS,,,,,,1089,276,BEA,2533
TB_090926_008A.jpeg,2026-09-09,Turtle_Bay,6,008A,,,,,,,,NGS,,,,,,962,640,GEA,2534
TB_090926_008A.jpeg,2026-09-09,Turtle_Bay,6,008A,,,,,,,,NGS,,,,,,1175,918,BEA,2533
TB_090926_008A.jpeg,2026-09-09,Turtle_Bay,6,008A,,,,,,,,NGS,,,,,,1308,761,BTurf,10211
TB_090926_008A.jpeg,2026-09-09,Turtle_Bay,6,008A,,,,,,,,NGS,,,,,,951,910,BTurf,10211
TB_090926_008A.jpeg,2026-09-09,Turtle_Bay,6,008A,,,,,,,,NGS,,,,,,1269,880,BTurf,10211
TB_090926_008A.jpeg,2026-09-09,Turtle_Bay,6,008A,,,,,,,,NGS,,,,,,1216,904,BTurf,10211
TB_090926_008A.jpeg,2026-09-09,Turtle_Bay,6,008A,,,,,,,,NGS,,,,,,1024,1204,BTurf,10211
TB_090926_008A.jpeg,2026-09-09,Turtle_Bay,6,008A,,,,,,,,NGS,,,,,,1009,1439,BTurf,10211
TB_090926_008A.jpeg,2026-09-09,Turtle_Bay,6,008A,,,,,,,,NGS,,,,,,1037,1656,BTurf,10211
TB_090926_008A.jpeg,2026-09-09,Turtle_Bay,6,008A,,,,,,,,NGS,,,,,,1315,1460,BTurf,10211
TB_090926_008A.jpeg,2026-09-09,Turtle_Bay,6,008A,,,,,,,,NGS,,,,,,1098,1783,BTurf,10211
TB_090926_008A.jpeg,2026-09-09,Turtle_Bay,6,008A,,,,,,,,NGS,,,,,,1307,2031,BTurf,10211
TB_090926_008A.jpeg,2026-09-09,Turtle_Bay,6,008A,,,,,,,,NGS,,,,,,1697,241,BTurf,10211
TB_090926_008A.jpeg,2026-09-09,Turtle_Bay,6,008A,,,,,,,,NGS,,,,,,1461,494,BTurf,10211
TB_090926_008A.jpeg,2026-09-09,Turtle_Bay,6,008A,,,,,,,,NGS,,,,,,1460,590,BTurf,10211
TB_090926_008A.jpeg,2026-09-09,Turtle_Bay,6,008A,,,,,,,,NGS,,,,,,1629,748,BEA,2533
TB_090926_008A.jpeg,2026-09-09,Turtle_Bay,6,008A,,,,,,,,NGS,,,,,,1408,569,BTurf,10211
TB_090926_008A.jpeg,2026-09-09,Turtle_Bay,6,008A,,,,,,,,NGS,,,,,,1348,718,BTurf,10211
TB_090926_008A.jpeg,2026-09-09,Turtle_Bay,6,008A,,,,,,,,NGS,,,,,,1590,541,BTurf,10211
TB_090926_008A.jpeg,2026-09-09,Turtle_Bay,6,008A,,,,,,,,NGS,,,,,,1628,852,BTurf,10211
TB_090926_008A.jpeg,2026-09-09,Turtle_Bay,6,008A,,,,,,,,NGS,,,,,,1454,1131,BTurf,10211
TB_090926_008A.jpeg,2026-09-09,Turtle_Bay,6,008A,,,,,,,,NGS,,,,,,1713,1339,BTurf,10211
TB_090926_008A.jpeg,2026-09-09,Turtle_Bay,6,008A,,,,,,,,NGS,,,,,,1552,974,BTurf,10211
TB_090926_008A.jpeg,2026-09-09,Turtle_Bay,6,008A,,,,,,,,NGS,,,,,,1672,1290,BTurf,10211
TB_090926_008A.jpeg,2026-09-09,Turtle_Bay,6,008A,,,,,,,,NGS,,,,,,1742,1655,BTurf,10211
TB_090926_008A.jpeg,2026-09-09,Turtle_Bay,6,008A,,,,,,,,NGS,,,,,,1585,1524,BTurf,10211
TB_090926_008A.jpeg,2026-09-09,Turtle_Bay,6,008A,,,,,,,,NGS,,,,,,1471,2004,BTurf,10211
TB_090926_008A.jpeg,2026-09-09,Turtle_Bay,6,008A,,,,,,,,NGS,,,,,,1561,2106,BEA,2533
TB_090926_008A.jpeg,2026-09-09,Turtle_Bay,6,008A,,,,,,,,NGS,,,,,,1822,279,BEA,2533
TB_090926_008A.jpeg,2026-09-09,Turtle_Bay,6,008A,,,,,,,,NGS,,,,,,1830,533,BTurf,10211
TB_090926_008A.jpeg,2026-09-09,Turtle_Bay,6,008A,,,,,,,,NGS,,,,,,1777,529,BTurf,10211
TB_090926_008A.jpeg,2026-09-09,Turtle_Bay,6,008A,,,,,,,,NGS,,,,,,1878,754,BTurf,10211
TB_090926_008A.jpeg,2026-09-09,Turtle_Bay,6,008A,,,,,,,,NGS,,,,,,1916,931,BTurf,10211
TB_090926_008A.jpeg,2026-09-09,Turtle_Bay,6,008A,,,,,,,,NGS,,,,,,1992,758,BEA,2533
TB_090926_008A.jpeg,2026-09-09,Turtle_Bay,6,008A,,,,,,,,NGS,,,,,,1891,1156,BTurf,10211
TB_090926_008A.jpeg,2026-09-09,Turtle_Bay,6,008A,,,,,,,,NGS,,,,,,2139,1342,BTurf,10211
TB_090926_008A.jpeg,2026-09-09,Turtle_Bay,6,008A,,,,,,,,NGS,,,,,,2161,1504,BTurf,10211
TB_090926_008A.jpeg,2026-09-09,Turtle_Bay,6,008A,,,,,,,,NGS,,,,,,1893,1732,BTurf,10211
TB_090926_008A.jpeg,2026-09-09,Turtle_Bay,6,008A,,,,,,,,NGS,,,,,,2055,1821,BTurf,10211
TB_090926_009A.jpeg,2026-09-09,Turtle_Bay,6,009A,,,,,,,,NGS,,,,,,118,666,BTurf,10211
TB_090926_009A.jpeg,2026-09-09,Turtle_Bay,6,009A,,,,,,,,NGS,,,,,,290,533,BTurf,10211
TB_090926_009A.jpeg,2026-09-09,Turtle_Bay,6,009A,,,,,,,,NGS,,,,,,288,455,BTurf,10211
TB_090926_009A.jpeg,2026-09-09,Turtle_Bay,6,009A,,,,,,,,NGS,,,,,,184,1078,BTurf,10211
TB_090926_009A.jpeg,2026-09-09,Turtle_Bay,6,009A,,,,,,,,NGS,,,,,,448,822,BTurf,10211
TB_090926_009A.jpeg,2026-09-09,Turtle_Bay,6,009A,,,,,,,,NGS,,,,,,229,939,BTurf,10211
TB_090926_009A.jpeg,2026-09-09,Turtle_Bay,6,009A,,,,,,,,NGS,,,,,,100,953,BTurf,10211
TB_090926_009A.jpeg,2026-09-09,Turtle_Bay,6,009A,,,,,,,,NGS,,,,,,133,975,BTurf,10211
TB_090926_009A.jpeg,2026-09-09,Turtle_Bay,6,009A,,,,,,,,NGS,,,,,,143,1603,BTurf,10211
TB_090926_009A.jpeg,2026-09-09,Turtle_Bay,6,009A,,,,,,,,NGS,,,,,,413,1785,BTurf,10211
TB_090926_009A.jpeg,2026-09-09,Turtle_Bay,6,009A,,,,,,,,NGS,,,,,,415,1621,BTurf,10211
TB_090926_009A.jpeg,2026-09-09,Turtle_Bay,6,009A,,,,,,,,NGS,,,,,,590,390,BTurf,10211
TB_090926_009A.jpeg,2026-09-09,Turtle_Bay,6,009A,,,,,,,,NGS,,,,,,577,264,BTurf,10211
TB_090926_009A.jpeg,2026-09-09,Turtle_Bay,6,009A,,,,,,,,NGS,,,,,,470,336,BTurf,10211
TB_090926_009A.jpeg,2026-09-09,Turtle_Bay,6,009A,,,,,,,,NGS,,,,,,479,573,BTurf,10211
TB_090926_009A.jpeg,2026-09-09,Turtle_Bay,6,009A,,,,,,,,NGS,,,,,,627,724,BTurf,10211
TB_090926_009A.jpeg,2026-09-09,Turtle_Bay,6,009A,,,,,,,,NGS,,,,,,714,724,BTurf,10211
TB_090926_009A.jpeg,2026-09-09,Turtle_Bay,6,009A,,,,,,,,NGS,,,,,,584,534,BTurf,10211
TB_090926_009A.jpeg,2026-09-09,Turtle_Bay,6,009A,,,,,,,,NGS,,,,,,664,728,BTurf,10211
TB_090926_009A.jpeg,2026-09-09,Turtle_Bay,6,009A,,,,,,,,NGS,,,,,,775,871,BTurf,10211
TB_090926_009A.jpeg,2026-09-09,Turtle_Bay,6,009A,,,,,,,,NGS,,,,,,809,1145,BTurf,10211
TB_090926_009A.jpeg,2026-09-09,Turtle_Bay,6,009A,,,,,,,,NGS,,,,,,687,880,BTurf,10211
TB_090926_009A.jpeg,2026-09-09,Turtle_Bay,6,009A,,,,,,,,NGS,,,,,,774,999,BTurf,10211
TB_090926_009A.jpeg,2026-09-09,Turtle_Bay,6,009A,,,,,,,,NGS,,,,,,598,802,BEA,2533
TB_090926_009A.jpeg,2026-09-09,Turtle_Bay,6,009A,,,,,,,,NGS,,,,,,721,848,BTurf,10211
TB_090926_009A.jpeg,2026-09-09,Turtle_Bay,6,009A,,,,,,,,NGS,,,,,,599,817,BTurf,10211
TB_090926_009A.jpeg,2026-09-09,Turtle_Bay,6,009A,,,,,,,,NGS,,,,,,726,1408,BTurf,10211
TB_090926_009A.jpeg,2026-09-09,Turtle_Bay,6,009A,,,,,,,,NGS,,,,,,488,1781,BEA,2533
TB_090926_009A.jpeg,2026-09-09,Turtle_Bay,6,009A,,,,,,,,NGS,,,,,,784,1812,BTurf,10211
TB_090926_009A.jpeg,2026-09-09,Turtle_Bay,6,009A,,,,,,,,NGS,,,,,,1147,270,BTurf,10211
TB_090926_009A.jpeg,2026-09-09,Turtle_Bay,6,009A,,,,,,,,NGS,,,,,,895,172,BTurf,10211
TB_090926_009A.jpeg,2026-09-09,Turtle_Bay,6,009A,,,,,,,,NGS,,,,,,823,233,BTurf,10211
TB_090926_009A.jpeg,2026-09-09,Turtle_Bay,6,009A,,,,,,,,NGS,,,,,,873,566,BTurf,10211
TB_090926_009A.jpeg,2026-09-09,Turtle_Bay,6,009A,,,,,,,,NGS,,,,,,939,775,BTurf,10211
TB_090926_009A.jpeg,2026-09-09,Turtle_Bay,6,009A,,,,,,,,NGS,,,,,,1009,1104,BTurf,10211
TB_090926_009A.jpeg,2026-09-09,Turtle_Bay,6,009A,,,,,,,,NGS,,,,,,902,884,BTurf,10211
TB_090926_009A.jpeg,2026-09-09,Turtle_Bay,6,009A,,,,,,,,NGS,,,,,,949,977,BTurf,10211
TB_090926_009A.jpeg,2026-09-09,Turtle_Bay,6,009A,,,,,,,,NGS,,,,,,860,855,BTurf,10211
TB_090926_009A.jpeg,2026-09-09,Turtle_Bay,6,009A,,,,,,,,NGS,,,,,,1118,1167,BTurf,10211
TB_090926_009A.jpeg,2026-09-09,Turtle_Bay,6,009A,,,,,,,,NGS,,,,,,855,1187,BTurf,10211
TB_090926_009A.jpeg,2026-09-09,Turtle_Bay,6,009A,,,,,,,,NGS,,,,,,1115,1722,BTurf,10211
TB_090926_009A.jpeg,2026-09-09,Turtle_Bay,6,009A,,,,,,,,NGS,,,,,,1054,1744,BEA,2533
TB_090926_009A.jpeg,2026-09-09,Turtle_Bay,6,009A,,,,,,,,NGS,,,,,,1123,1640,BTurf,10211
TB_090926_009A.jpeg,2026-09-09,Turtle_Bay,6,009A,,,,,,,,NGS,,,,,,1379,405,BTurf,10211
TB_090926_009A.jpeg,2026-09-09,Turtle_Bay,6,009A,,,,,,,,NGS,,,,,,1278,108,BTurf,10211
TB_090926_009A.jpeg,2026-09-09,Turtle_Bay,6,009A,,,,,,,,NGS,,,,,,1189,311,BTurf,10211
TB_090926_009A.jpeg,2026-09-09,Turtle_Bay,6,009A,,,,,,,,NGS,,,,,,1397,582,BEA,2533
TB_090926_009A.jpeg,2026-09-09,Turtle_Bay,6,009A,,,,,,,,NGS,,,,,,1353,634,BTurf,10211
TB_090926_009A.jpeg,2026-09-09,Turtle_Bay,6,009A,,,,,,,,NGS,,,,,,1289,1058,BTurf,10211
TB_090926_009A.jpeg,2026-09-09,Turtle_Bay,6,009A,,,,,,,,NGS,,,,,,1386,926,BTurf,10211
TB_090926_009A.jpeg,2026-09-09,Turtle_Bay,6,009A,,,,,,,,NGS,,,,,,1449,872,BTurf,10211
TB_090926_009A.jpeg,2026-09-09,Turtle_Bay,6,009A,,,,,,,,NGS,,,,,,1486,882,BTurf,10211
TB_090926_009A.jpeg,2026-09-09,Turtle_Bay,6,009A,,,,,,,,NGS,,,,,,1239,1121,BTurf,10211
TB_090926_009A.jpeg,2026-09-09,Turtle_Bay,6,009A,,,,,,,,NGS,,,,,,1465,1173,BTurf,10211
TB_090926_009A.jpeg,2026-09-09,Turtle_Bay,6,009A,,,,,,,,NGS,,,,,,1392,1382,BTurf,10211
TB_090926_009A.jpeg,2026-09-09,Turtle_Bay,6,009A,,,,,,,,NGS,,,,,,1173,1538,BTurf,10211
TB_090926_009A.jpeg,2026-09-09,Turtle_Bay,6,009A,,,,,,,,NGS,,,,,,1199,1595,BTurf,10211
TB_090926_009A.jpeg,2026-09-09,Turtle_Bay,6,009A,,,,,,,,NGS,,,,,,1245,1816,BTurf,10211
TB_090926_009A.jpeg,2026-09-09,Turtle_Bay,6,009A,,,,,,,,NGS,,,,,,1554,134,BTurf,10211
TB_090926_009A.jpeg,2026-09-09,Turtle_Bay,6,009A,,,,,,,,NGS,,,,,,1716,406,BTurf,10211
TB_090926_009A.jpeg,2026-09-09,Turtle_Bay,6,009A,,,,,,,,NGS,,,,,,1726,144,BTurf,10211
TB_090926_009A.jpeg,2026-09-09,Turtle_Bay,6,009A,,,,,,,,NGS,,,,,,1720,516,BTurf,10211
TB_090926_009A.jpeg,2026-09-09,Turtle_Bay,6,009A,,,,,,,,NGS,,,,,,1862,576,BTurf,10211
TB_090926_009A.jpeg,2026-09-09,Turtle_Bay,6,009A,,,,,,,,NGS,,,,,,1663,694,BTurf,10211
TB_090926_009A.jpeg,2026-09-09,Turtle_Bay,6,009A,,,,,,,,NGS,,,,,,1726,780,BTurf,10211
TB_090926_009A.jpeg,2026-09-09,Turtle_Bay,6,009A,,,,,,,,NGS,,,,,,1664,664,BTurf,10211
TB_090926_009A.jpeg,2026-09-09,Turtle_Bay,6,009A,,,,,,,,NGS,,,,,,1587,650,BTurf,10211
TB_090926_009A.jpeg,2026-09-09,Turtle_Bay,6,009A,,,,,,,,NGS,,,,,,1712,1091,BTurf,10211
TB_090926_009A.jpeg,2026-09-09,Turtle_Bay,6,009A,,,,,,,,NGS,,,,,,1723,833,BTurf,10211
TB_090926_009A.jpeg,2026-09-09,Turtle_Bay,6,009A,,,,,,,,NGS,,,,,,1633,913,BTurf,10211
TB_090926_009A.jpeg,2026-09-09,Turtle_Bay,6,009A,,,,,,,,NGS,,,,,,1884,1082,BTurf,10211
TB_090926_009A.jpeg,2026-09-09,Turtle_Bay,6,009A,,,,,,,,NGS,,,,,,1708,1273,BTurf,10211
TB_090926_009A.jpeg,2026-09-09,Turtle_Bay,6,009A,,,,,,,,NGS,,,,,,1727,1266,BTurf,10211
TB_090926_009A.jpeg,2026-09-09,Turtle_Bay,6,009A,,,,,,,,NGS,,,,,,1857,1275,BTurf,10211
TB_090926_009A.jpeg,2026-09-09,Turtle_Bay,6,009A,,,,,,,,NGS,,,,,,1864,1770,Outside,6910
TB_090926_011A.jpeg,2026-09-09,Turtle_Bay,6,011A,,,,,,,,NGS,,,,,,238,328,GEA,2534
TB_090926_011A.jpeg,2026-09-09,Turtle_Bay,6,011A,,,,,,,,NGS,,,,,,438,304,BTurf,10211
TB_090926_011A.jpeg,2026-09-09,Turtle_Bay,6,011A,,,,,,,,NGS,,,,,,194,233,BEA,2533
TB_090926_011A.jpeg,2026-09-09,Turtle_Bay,6,011A,,,,,,,,NGS,,,,,,184,181,BEA,2533
TB_090926_011A.jpeg,2026-09-09,Turtle_Bay,6,011A,,,,,,,,NGS,,,,,,373,583,BEA,2533
TB_090926_011A.jpeg,2026-09-09,Turtle_Bay,6,011A,,,,,,,,NGS,,,,,,307,781,BEA,2533
TB_090926_011A.jpeg,2026-09-09,Turtle_Bay,6,011A,,,,,,,,NGS,,,,,,469,884,BTurf,10211
TB_090926_011A.jpeg,2026-09-09,Turtle_Bay,6,011A,,,,,,,,NGS,,,,,,266,725,BTurf,10211
TB_090926_011A.jpeg,2026-09-09,Turtle_Bay,6,011A,,,,,,,,NGS,,,,,,122,631,BEA,2533
TB_090926_011A.jpeg,2026-09-09,Turtle_Bay,6,011A,,,,,,,,NGS,,,,,,540,1296,BTurf,10211
TB_090926_011A.jpeg,2026-09-09,Turtle_Bay,6,011A,,,,,,,,NGS,,,,,,377,1296,BTurf,10211
TB_090926_011A.jpeg,2026-09-09,Turtle_Bay,6,011A,,,,,,,,NGS,,,,,,384,1792,BEA,2533
TB_090926_011A.jpeg,2026-09-09,Turtle_Bay,6,011A,,,,,,,,NGS,,,,,,248,1770,BTurf,10211
TB_090926_011A.jpeg,2026-09-09,Turtle_Bay,6,011A,,,,,,,,NGS,,,,,,133,1533,BTurf,10211
TB_090926_011A.jpeg,2026-09-09,Turtle_Bay,6,011A,,,,,,,,NGS,,,,,,473,1616,BTurf,10211
TB_090926_011A.jpeg,2026-09-09,Turtle_Bay,6,011A,,,,,,,,NGS,,,,,,482,1713,BEA,2533
TB_090926_011A.jpeg,2026-09-09,Turtle_Bay,6,011A,,,,,,,,NGS,,,,,,588,353,BTurf,10211
TB_090926_011A.jpeg,2026-09-09,Turtle_Bay,6,011A,,,,,,,,NGS,,,,,,664,584,BEA,2533
TB_090926_011A.jpeg,2026-09-09,Turtle_Bay,6,011A,,,,,,,,NGS,,,,,,729,628,BEA,2533
TB_090926_011A.jpeg,2026-09-09,Turtle_Bay,6,011A,,,,,,,,NGS,,,,,,970,1298,BEA,2533
TB_090926_011A.jpeg,2026-09-09,Turtle_Bay,6,011A,,,,,,,,NGS,,,,,,968,1089,BEA,2533
TB_090926_011A.jpeg,2026-09-09,Turtle_Bay,6,011A,,,,,,,,NGS,,,,,,922,1281,BEA,2533
TB_090926_011A.jpeg,2026-09-09,Turtle_Bay,6,011A,,,,,,,,NGS,,,,,,986,1430,BTurf,10211
TB_090926_011A.jpeg,2026-09-09,Turtle_Bay,6,011A,,,,,,,,NGS,,,,,,710,1952,BEA,2533
TB_090926_011A.jpeg,2026-09-09,Turtle_Bay,6,011A,,,,,,,,NGS,,,,,,562,2105,BEA,2533
TB_090926_011A.jpeg,2026-09-09,Turtle_Bay,6,011A,,,,,,,,NGS,,,,,,1305,532,BEA,2533
TB_090926_011A.jpeg,2026-09-09,Turtle_Bay,6,011A,,,,,,,,NGS,,,,,,1192,397,BTurf,10211
TB_090926_011A.jpeg,2026-09-09,Turtle_Bay,6,011A,,,,,,,,NGS,,,,,,1418,778,GEA,2534
TB_090926_011A.jpeg,2026-09-09,Turtle_Bay,6,011A,,,,,,,,NGS,,,,,,1089,920,BTurf,10211
TB_090926_011A.jpeg,2026-09-09,Turtle_Bay,6,011A,,,,,,,,NGS,,,,,,1190,732,BEA,2533
TB_090926_011A.jpeg,2026-09-09,Turtle_Bay,6,011A,,,,,,,,NGS,,,,,,1104,559,BTurf,10211
TB_090926_011A.jpeg,2026-09-09,Turtle_Bay,6,011A,,,,,,,,NGS,,,,,,1180,900,BTurf,10211
TB_090926_011A.jpeg,2026-09-09,Turtle_Bay,6,011A,,,,,,,,NGS,,,,,,1410,804,BEA,2533
TB_090926_011A.jpeg,2026-09-09,Turtle_Bay,6,011A,,,,,,,,NGS,,,,,,1336,867,BEA,2533
TB_090926_011A.jpeg,2026-09-09,Turtle_Bay,6,011A,,,,,,,,NGS,,,,,,1361,779,BEA,2533
TB_090926_011A.jpeg,2026-09-09,Turtle_Bay,6,011A,,,,,,,,NGS,,,,,,1394,1065,BEA,2533
TB_090926_011A.jpeg,2026-09-09,Turtle_Bay,6,011A,,,,,,,,NGS,,,,,,1076,1085,BEA,2533
TB_090926_011A.jpeg,2026-09-09,Turtle_Bay,6,011A,,,,,,,,NGS,,,,,,1277,978,BEA,2533
TB_090926_011A.jpeg,2026-09-09,Turtle_Bay,6,011A,,,,,,,,NGS,,,,,,1404,1528,GEA,2534
TB_090926_011A.jpeg,2026-09-09,Turtle_Bay,6,011A,,,,,,,,NGS,,,,,,1074,2244,BEA,2533
TB_090926_011A.jpeg,2026-09-09,Turtle_Bay,6,011A,,,,,,,,NGS,,,,,,1369,2179,BEA,2533
TB_090926_011A.jpeg,2026-09-09,Turtle_Bay,6,011A,,,,,,,,NGS,,,,,,1204,1850,BTurf,10211
TB_090926_011A.jpeg,2026-09-09,Turtle_Bay,6,011A,,,,,,,,NGS,,,,,,1273,2258,BEA,2533
TB_090926_011A.jpeg,2026-09-09,Turtle_Bay,6,011A,,,,,,,,NGS,,,,,,1156,2188,BTurf,10211
TB_090926_011A.jpeg,2026-09-09,Turtle_Bay,6,011A,,,,,,,,NGS,,,,,,1388,2152,BEA,2533
TB_090926_011A.jpeg,2026-09-09,Turtle_Bay,6,011A,,,,,,,,NGS,,,,,,1797,126,BTurf,10211
TB_090926_011A.jpeg,2026-09-09,Turtle_Bay,6,011A,,,,,,,,NGS,,,,,,1471,349,BTurf,10211
TB_090926_011A.jpeg,2026-09-09,Turtle_Bay,6,011A,,,,,,,,NGS,,,,,,1581,509,BEA,2533
TB_090926_011A.jpeg,2026-09-09,Turtle_Bay,6,011A,,,,,,,,NGS,,,,,,1524,191,BTurf,10211
TB_090926_011A.jpeg,2026-09-09,Turtle_Bay,6,011A,,,,,,,,NGS,,,,,,1486,773,BTurf,10211
TB_090926_011A.jpeg,2026-09-09,Turtle_Bay,6,011A,,,,,,,,NGS,,,,,,1736,787,BEA,2533
TB_090926_011A.jpeg,2026-09-09,Turtle_Bay,6,011A,,,,,,,,NGS,,,,,,1776,937,BTurf,10211
TB_090926_011A.jpeg,2026-09-09,Turtle_Bay,6,011A,,,,,,,,NGS,,,,,,1799,569,BTurf,10211
TB_090926_011A.jpeg,2026-09-09,Turtle_Bay,6,011A,,,,,,,,NGS,,,,,,1545,1321,BEA,2533
TB_090926_011A.jpeg,2026-09-09,Turtle_Bay,6,011A,,,,,,,,NGS,,,,,,1534,1577,BEA,2533
TB_090926_011A.jpeg,2026-09-09,Turtle_Bay,6,011A,,,,,,,,NGS,,,,,,1709,1470,BTurf,10211
TB_090926_011A.jpeg,2026-09-09,Turtle_Bay,6,011A,,,,,,,,NGS,,,,,,1766,2014,BEA,2533
TB_090926_011A.jpeg,2026-09-09,Turtle_Bay,6,011A,,,,,,,,NGS,,,,,,1753,2177,BEA,2533
TB_090926_011A.jpeg,2026-09-09,Turtle_Bay,6,011A,,,,,,,,NGS,,,,,,1721,2136,BTurf,10211
TB_090926_011A.jpeg,2026-09-09,Turtle_Bay,6,011A,,,,,,,,NGS,,,,,,1611,2247,BEA,2533
TB_090926_011A.jpeg,2026-09-09,Turtle_Bay,6,011A,,,,,,,,NGS,,,,,,1547,2188,BEA,2533
TB_090926_011A.jpeg,2026-09-09,Turtle_Bay,6,011A,,,,,,,,NGS,,,,,,1573,2090,GEA,2534
TB_090926_011A.jpeg,2026-09-09,Turtle_Bay,6,011A,,,,,,,,NGS,,,,,,1983,413,BEA,2533
TB_090926_011A.jpeg,2026-09-09,Turtle_Bay,6,011A,,,,,,,,NGS,,,,,,2206,479,BTurf,10211
TB_090926_011A.jpeg,2026-09-09,Turtle_Bay,6,011A,,,,,,,,NGS,,,,,,2038,156,BEA,2533
TB_090926_011A.jpeg,2026-09-09,Turtle_Bay,6,011A,,,,,,,,NGS,,,,,,1928,386,BEA,2533
TB_090926_011A.jpeg,2026-09-09,Turtle_Bay,6,011A,,,,,,,,NGS,,,,,,1981,667,BEA,2533
TB_090926_011A.jpeg,2026-09-09,Turtle_Bay,6,011A,,,,,,,,NGS,,,,,,2200,707,BTurf,10211
TB_090926_011A.jpeg,2026-09-09,Turtle_Bay,6,011A,,,,,,,,NGS,,,,,,2021,1206,BEA,2533
TB_090926_011A.jpeg,2026-09-09,Turtle_Bay,6,011A,,,,,,,,NGS,,,,,,2039,1067,BTurf,10211
TB_090926_011A.jpeg,2026-09-09,Turtle_Bay,6,011A,,,,,,,,NGS,,,,,,2266,1362,BTurf,10211
TB_090926_011A.jpeg,2026-09-09,Turtle_Bay,6,011A,,,,,,,,NGS,,,,,,2188,1247,BEA,2533
TB_090926_011A.jpeg,2026-09-09,Turtle_Bay,6,011A,,,,,,,,NGS,,,,,,2121,1306,BEA,2533
TB_090926_011A.jpeg,2026-09-09,Turtle_Bay,6,011A,,,,,,,,NGS,,,,,,1957,1662,BTurf,10211
TB_090926_011A.jpeg,2026-09-09,Turtle_Bay,6,011A,,,,,,,,NGS,,,,,,2303,2054,BEA,2533
TB_090926_012A.jpeg,2026-09-09,Turtle_Bay,6,012A,,,,,,,,NGS,,,,,,391,493,BEA,2533
TB_090926_012A.jpeg,2026-09-09,Turtle_Bay,6,012A,,,,,,,,NGS,,,,,,425,638,BTurf,10211
TB_090926_012A.jpeg,2026-09-09,Turtle_Bay,6,012A,,,,,,,,NGS,,,,,,278,920,BTurf,10211
TB_090926_012A.jpeg,2026-09-09,Turtle_Bay,6,012A,,,,,,,,NGS,,,,,,165,586,BTurf,10211
TB_090926_012A.jpeg,2026-09-09,Turtle_Bay,6,012A,,,,,,,,NGS,,,,,,516,604,BTurf,10211
TB_090926_012A.jpeg,2026-09-09,Turtle_Bay,6,012A,,,,,,,,NGS,,,,,,231,1177,BTurf,10211
TB_090926_012A.jpeg,2026-09-09,Turtle_Bay,6,012A,,,,,,,,NGS,,,,,,212,1220,BEA,2533
TB_090926_012A.jpeg,2026-09-09,Turtle_Bay,6,012A,,,,,,,,NGS,,,,,,280,1033,BTurf,10211
TB_090926_012A.jpeg,2026-09-09,Turtle_Bay,6,012A,,,,,,,,NGS,,,,,,355,2019,BEA,2533
TB_090926_012A.jpeg,2026-09-09,Turtle_Bay,6,012A,,,,,,,,NGS,,,,,,466,2223,BEA,2533
TB_090926_012A.jpeg,2026-09-09,Turtle_Bay,6,012A,,,,,,,,NGS,,,,,,428,2021,BEA,2533
TB_090926_012A.jpeg,2026-09-09,Turtle_Bay,6,012A,,,,,,,,NGS,,,,,,120,1815,BEA,2533
TB_090926_012A.jpeg,2026-09-09,Turtle_Bay,6,012A,,,,,,,,NGS,,,,,,572,469,BEA,2533
TB_090926_012A.jpeg,2026-09-09,Turtle_Bay,6,012A,,,,,,,,NGS,,,,,,927,223,BEA,2533
TB_090926_012A.jpeg,2026-09-09,Turtle_Bay,6,012A,,,,,,,,NGS,,,,,,878,172,BEA,2533
TB_090926_012A.jpeg,2026-09-09,Turtle_Bay,6,012A,,,,,,,,NGS,,,,,,885,147,BEA,2533
TB_090926_012A.jpeg,2026-09-09,Turtle_Bay,6,012A,,,,,,,,NGS,,,,,,734,714,BEA,2533
TB_090926_012A.jpeg,2026-09-09,Turtle_Bay,6,012A,,,,,,,,NGS,,,,,,534,752,BEA,2533
TB_090926_012A.jpeg,2026-09-09,Turtle_Bay,6,012A,,,,,,,,NGS,,,,,,893,894,BTurf,10211
TB_090926_012A.jpeg,2026-09-09,Turtle_Bay,6,012A,,,,,,,,NGS,,,,,,841,893,BTurf,10211
TB_090926_012A.jpeg,2026-09-09,Turtle_Bay,6,012A,,,,,,,,NGS,,,,,,801,798,BEA,2533
TB_090926_012A.jpeg,2026-09-09,Turtle_Bay,6,012A,,,,,,,,NGS,,,,,,900,1093,BEA,2533
TB_090926_012A.jpeg,2026-09-09,Turtle_Bay,6,012A,,,,,,,,NGS,,,,,,662,997,BTurf,10211
TB_090926_012A.jpeg,2026-09-09,Turtle_Bay,6,012A,,,,,,,,NGS,,,,,,695,1189,BTurf,10211
TB_090926_012A.jpeg,2026-09-09,Turtle_Bay,6,012A,,,,,,,,NGS,,,,,,770,1664,BEA,2533
TB_090926_012A.jpeg,2026-09-09,Turtle_Bay,6,012A,,,,,,,,NGS,,,,,,899,1971,BTurf,10211
TB_090926_012A.jpeg,2026-09-09,Turtle_Bay,6,012A,,,,,,,,NGS,,,,,,810,1866,GEA,2534
TB_090926_012A.jpeg,2026-09-09,Turtle_Bay,6,012A,,,,,,,,NGS,,,,,,809,1815,BEA,2533
TB_090926_012A.jpeg,2026-09-09,Turtle_Bay,6,012A,,,,,,,,NGS,,,,,,726,2095,BEA,2533
TB_090926_012A.jpeg,2026-09-09,Turtle_Bay,6,012A,,,,,,,,NGS,,,,,,554,1948,BTurf,10211
TB_090926_012A.jpeg,2026-09-09,Turtle_Bay,6,012A,,,,,,,,NGS,,,,,,1096,436,BTurf,10211
TB_090926_012A.jpeg,2026-09-09,Turtle_Bay,6,012A,,,,,,,,NGS,,,,,,982,264,BEA,2533
TB_090926_012A.jpeg,2026-09-09,Turtle_Bay,6,012A,,,,,,,,NGS,,,,,,1224,130,BEA,2533
TB_090926_012A.jpeg,2026-09-09,Turtle_Bay,6,012A,,,,,,,,NGS,,,,,,1016,221,BEA,2533
TB_090926_012A.jpeg,2026-09-09,Turtle_Bay,6,012A,,,,,,,,NGS,,,,,,1233,624,BEA,2533
TB_090926_012A.jpeg,2026-09-09,Turtle_Bay,6,012A,,,,,,,,NGS,,,,,,967,582,BTurf,10211
TB_090926_012A.jpeg,2026-09-09,Turtle_Bay,6,012A,,,,,,,,NGS,,,,,,1122,1336,BTurf,10211
TB_090926_012A.jpeg,2026-09-09,Turtle_Bay,6,012A,,,,,,,,NGS,,,,,,1308,1174,BTurf,10211
TB_090926_012A.jpeg,2026-09-09,Turtle_Bay,6,012A,,,,,,,,NGS,,,,,,1259,1339,BEA,2533
TB_090926_012A.jpeg,2026-09-09,Turtle_Bay,6,012A,,,,,,,,NGS,,,,,,961,1036,BEA,2533
TB_090926_012A.jpeg,2026-09-09,Turtle_Bay,6,012A,,,,,,,,NGS,,,,,,1262,1419,BEA,2533
TB_090926_012A.jpeg,2026-09-09,Turtle_Bay,6,012A,,,,,,,,NGS,,,,,,1016,1524,BTurf,10211
TB_090926_012A.jpeg,2026-09-09,Turtle_Bay,6,012A,,,,,,,,NGS,,,,,,1099,1442,BEA,2533
TB_090926_012A.jpeg,2026-09-09,Turtle_Bay,6,012A,,,,,,,,NGS,,,,,,1287,2039,BEA,2533
TB_090926_012A.jpeg,2026-09-09,Turtle_Bay,6,012A,,,,,,,,NGS,,,,,,1704,329,BTurf,10211
TB_090926_012A.jpeg,2026-09-09,Turtle_Bay,6,012A,,,,,,,,NGS,,,,,,1535,277,BEA,2533
TB_090926_012A.jpeg,2026-09-09,Turtle_Bay,6,012A,,,,,,,,NGS,,,,,,1430,1202,GEA,2534
TB_090926_012A.jpeg,2026-09-09,Turtle_Bay,6,012A,,,,,,,,NGS,,,,,,1653,1252,BEA,2533
TB_090926_012A.jpeg,2026-09-09,Turtle_Bay,6,012A,,,,,,,,NGS,,,,,,1512,1100,BEA,2533
TB_090926_012A.jpeg,2026-09-09,Turtle_Bay,6,012A,,,,,,,,NGS,,,,,,1742,1131,BTurf,10211
TB_090926_012A.jpeg,2026-09-09,Turtle_Bay,6,012A,,,,,,,,NGS,,,,,,1586,1375,BEA,2533
TB_090926_012A.jpeg,2026-09-09,Turtle_Bay,6,012A,,,,,,,,NGS,,,,,,1447,1671,BEA,2533
TB_090926_012A.jpeg,2026-09-09,Turtle_Bay,6,012A,,,,,,,,NGS,,,,,,1711,1852,BTurf,10211
TB_090926_012A.jpeg,2026-09-09,Turtle_Bay,6,012A,,,,,,,,NGS,,,,,,1886,302,BEA,2533
TB_090926_012A.jpeg,2026-09-09,Turtle_Bay,6,012A,,,,,,,,NGS,,,,,,1893,141,GEA,2534
TB_090926_012A.jpeg,2026-09-09,Turtle_Bay,6,012A,,,,,,,,NGS,,,,,,2192,507,BEA,2533
TB_090926_012A.jpeg,2026-09-09,Turtle_Bay,6,012A,,,,,,,,NGS,,,,,,2121,362,Bare-Subst,96
TB_090926_012A.jpeg,2026-09-09,Turtle_Bay,6,012A,,,,,,,,NGS,,,,,,1922,196,GEA,2534
TB_090926_012A.jpeg,2026-09-09,Turtle_Bay,6,012A,,,,,,,,NGS,,,,,,1900,133,GEA,2534
TB_090926_012A.jpeg,2026-09-09,Turtle_Bay,6,012A,,,,,,,,NGS,,,,,,1831,200,BEA,2533
TB_090926_012A.jpeg,2026-09-09,Turtle_Bay,6,012A,,,,,,,,NGS,,,,,,1815,612,GEA,2534
TB_090926_012A.jpeg,2026-09-09,Turtle_Bay,6,012A,,,,,,,,NGS,,,,,,2149,842,BEA,2533
TB_090926_012A.jpeg,2026-09-09,Turtle_Bay,6,012A,,,,,,,,NGS,,,,,,2042,680,BEA,2533
TB_090926_012A.jpeg,2026-09-09,Turtle_Bay,6,012A,,,,,,,,NGS,,,,,,1797,1268,BTurf,10211
TB_090926_012A.jpeg,2026-09-09,Turtle_Bay,6,012A,,,,,,,,NGS,,,,,,1865,1284,BEA,2533
TB_090926_012A.jpeg,2026-09-09,Turtle_Bay,6,012A,,,,,,,,NGS,,,,,,2035,1416,BEA,2533
TB_090926_012A.jpeg,2026-09-09,Turtle_Bay,6,012A,,,,,,,,NGS,,,,,,1952,1482,BEA,2533
TB_090926_012A.jpeg,2026-09-09,Turtle_Bay,6,012A,,,,,,,,NGS,,,,,,1878,1674,BEA,2533
TB_090926_012A.jpeg,2026-09-09,Turtle_Bay,6,012A,,,,,,,,NGS,,,,,,2005,1615,BEA,2533
TB_090926_012A.jpeg,2026-09-09,Turtle_Bay,6,012A,,,,,,,,NGS,,,,,,1863,1391,BEA,2533
TB_090926_012A.jpeg,2026-09-09,Turtle_Bay,6,012A,,,,,,,,NGS,,,,,,2049,1674,BEA,2533
TB_090926_012A.jpeg,2026-09-09,Turtle_Bay,6,012A,,,,,,,,NGS,,,,,,2085,1818,BTurf,10211
TB_090926_012A.jpeg,2026-09-09,Turtle_Bay,6,012A,,,,,,,,NGS,,,,,,1941,2191,BTurf,10211
TB_090926_012A.jpeg,2026-09-09,Turtle_Bay,6,012A,,,,,,,,NGS,,,,,,1926,2098,BTurf,10211
TB_090926_012A.jpeg,2026-09-09,Turtle_Bay,6,012A,,,,,,,,NGS,,,,,,2067,2166,BEA,2533
TB_090926_013A.jpeg,2026-09-09,Turtle_Bay,6,013A,,,,,,,,NGS,,,,,,399,403,BEA,2533
TB_090926_013A.jpeg,2026-09-09,Turtle_Bay,6,013A,,,,,,,,NGS,,,,,,466,197,BEA,2533
TB_090926_013A.jpeg,2026-09-09,Turtle_Bay,6,013A,,,,,,,,NGS,,,,,,286,535,BTurf,10211
TB_090926_013A.jpeg,2026-09-09,Turtle_Bay,6,013A,,,,,,,,NGS,,,,,,288,972,BTurf,10211
TB_090926_013A.jpeg,2026-09-09,Turtle_Bay,6,013A,,,,,,,,NGS,,,,,,254,679,BTurf,10211
TB_090926_013A.jpeg,2026-09-09,Turtle_Bay,6,013A,,,,,,,,NGS,,,,,,348,621,BTurf,10211
TB_090926_013A.jpeg,2026-09-09,Turtle_Bay,6,013A,,,,,,,,NGS,,,,,,555,870,BTurf,10211
TB_090926_013A.jpeg,2026-09-09,Turtle_Bay,6,013A,,,,,,,,NGS,,,,,,225,741,BTurf,10211
TB_090926_013A.jpeg,2026-09-09,Turtle_Bay,6,013A,,,,,,,,NGS,,,,,,297,1018,BTurf,10211
TB_090926_013A.jpeg,2026-09-09,Turtle_Bay,6,013A,,,,,,,,NGS,,,,,,227,769,BTurf,10211
TB_090926_013A.jpeg,2026-09-09,Turtle_Bay,6,013A,,,,,,,,NGS,,,,,,511,1414,BEA,2533
TB_090926_013A.jpeg,2026-09-09,Turtle_Bay,6,013A,,,,,,,,NGS,,,,,,274,1206,BEA,2533
TB_090926_013A.jpeg,2026-09-09,Turtle_Bay,6,013A,,,,,,,,NGS,,,,,,208,1424,BTurf,10211
TB_090926_013A.jpeg,2026-09-09,Turtle_Bay,6,013A,,,,,,,,NGS,,,,,,505,1295,BTurf,10211
TB_090926_013A.jpeg,2026-09-09,Turtle_Bay,6,013A,,,,,,,,NGS,,,,,,531,1358,BTurf,10211
TB_090926_013A.jpeg,2026-09-09,Turtle_Bay,6,013A,,,,,,,,NGS,,,,,,413,1563,BTurf,10211
TB_090926_013A.jpeg,2026-09-09,Turtle_Bay,6,013A,,,,,,,,NGS,,,,,,517,1689,BTurf,10211
TB_090926_013A.jpeg,2026-09-09,Turtle_Bay,6,013A,,,,,,,,NGS,,,,,,218,1517,BEA,2533
TB_090926_013A.jpeg,2026-09-09,Turtle_Bay,6,013A,,,,,,,,NGS,,,,,,130,1915,BEA,2533
TB_090926_013A.jpeg,2026-09-09,Turtle_Bay,6,013A,,,,,,,,NGS,,,,,,194,2151,BTurf,10211
TB_090926_013A.jpeg,2026-09-09,Turtle_Bay,6,013A,,,,,,,,NGS,,,,,,244,2219,BTurf,10211
TB_090926_013A.jpeg,2026-09-09,Turtle_Bay,6,013A,,,,,,,,NGS,,,,,,193,2063,BTurf,10211
TB_090926_013A.jpeg,2026-09-09,Turtle_Bay,6,013A,,,,,,,,NGS,,,,,,512,2138,BTurf,10211
TB_090926_013A.jpeg,2026-09-09,Turtle_Bay,6,013A,,,,,,,,NGS,,,,,,155,2264,BEA,2533
TB_090926_013A.jpeg,2026-09-09,Turtle_Bay,6,013A,,,,,,,,NGS,,,,,,247,2068,BEA,2533
TB_090926_013A.jpeg,2026-09-09,Turtle_Bay,6,013A,,,,,,,,NGS,,,,,,879,197,BEA,2533
TB_090926_013A.jpeg,2026-09-09,Turtle_Bay,6,013A,,,,,,,,NGS,,,,,,954,800,BTurf,10211
TB_090926_013A.jpeg,2026-09-09,Turtle_Bay,6,013A,,,,,,,,NGS,,,,,,649,1122,BTurf,10211
TB_090926_013A.jpeg,2026-09-09,Turtle_Bay,6,013A,,,,,,,,NGS,,,,,,645,1421,BTurf,10211
TB_090926_013A.jpeg,2026-09-09,Turtle_Bay,6,013A,,,,,,,,NGS,,,,,,643,1362,BTurf,10211
TB_090926_013A.jpeg,2026-09-09,Turtle_Bay,6,013A,,,,,,,,NGS,,,,,,993,1662,BTurf,10211
TB_090926_013A.jpeg,2026-09-09,Turtle_Bay,6,013A,,,,,,,,NGS,,,,,,826,1543,BTurf,10211
TB_090926_013A.jpeg,2026-09-09,Turtle_Bay,6,013A,,,,,,,,NGS,,,,,,691,1723,BTurf,10211
TB_090926_013A.jpeg,2026-09-09,Turtle_Bay,6,013A,,,,,,,,NGS,,,,,,793,2060,BTurf,10211
TB_090926_013A.jpeg,2026-09-09,Turtle_Bay,6,013A,,,,,,,,NGS,,,,,,899,2165,BTurf,10211
TB_090926_013A.jpeg,2026-09-09,Turtle_Bay,6,013A,,,,,,,,NGS,,,,,,743,2043,BTurf,10211
TB_090926_013A.jpeg,2026-09-09,Turtle_Bay,6,013A,,,,,,,,NGS,,,,,,668,2183,BTurf,10211
TB_090926_013A.jpeg,2026-09-09,Turtle_Bay,6,013A,,,,,,,,NGS,,,,,,884,2231,BTurf,10211
TB_090926_013A.jpeg,2026-09-09,Turtle_Bay,6,013A,,,,,,,,NGS,,,,,,684,2108,BEA,2533
TB_090926_013A.jpeg,2026-09-09,Turtle_Bay,6,013A,,,,,,,,NGS,,,,,,1024,490,BTurf,10211
TB_090926_013A.jpeg,2026-09-09,Turtle_Bay,6,013A,,,,,,,,NGS,,,,,,1244,317,BEA,2533
TB_090926_013A.jpeg,2026-09-09,Turtle_Bay,6,013A,,,,,,,,NGS,,,,,,1328,171,BEA,2533
TB_090926_013A.jpeg,2026-09-09,Turtle_Bay,6,013A,,,,,,,,NGS,,,,,,1242,629,BEA,2533
TB_090926_013A.jpeg,2026-09-09,Turtle_Bay,6,013A,,,,,,,,NGS,,,,,,1083,1068,BTurf,10211
TB_090926_013A.jpeg,2026-09-09,Turtle_Bay,6,013A,,,,,,,,NGS,,,,,,1282,1375,BTurf,10211
TB_090926_013A.jpeg,2026-09-09,Turtle_Bay,6,013A,,,,,,,,NGS,,,,,,1066,1383,BTurf,10211
TB_090926_013A.jpeg,2026-09-09,Turtle_Bay,6,013A,,,,,,,,NGS,,,,,,1396,1684,BTurf,10211
TB_090926_013A.jpeg,2026-09-09,Turtle_Bay,6,013A,,,,,,,,NGS,,,,,,1070,2196,BTurf,10211
TB_090926_013A.jpeg,2026-09-09,Turtle_Bay,6,013A,,,,,,,,NGS,,,,,,1369,2078,BTurf,10211
TB_090926_013A.jpeg,2026-09-09,Turtle_Bay,6,013A,,,,,,,,NGS,,,,,,1257,2228,BEA,2533
TB_090926_013A.jpeg,2026-09-09,Turtle_Bay,6,013A,,,,,,,,NGS,,,,,,1225,2162,ABREV,3727
TB_090926_013A.jpeg,2026-09-09,Turtle_Bay,6,013A,,,,,,,,NGS,,,,,,1456,298,BEA,2533
TB_090926_013A.jpeg,2026-09-09,Turtle_Bay,6,013A,,,,,,,,NGS,,,,,,1846,416,BTurf,10211
TB_090926_013A.jpeg,2026-09-09,Turtle_Bay,6,013A,,,,,,,,NGS,,,,,,1538,926,BTurf,10211
TB_090926_013A.jpeg,2026-09-09,Turtle_Bay,6,013A,,,,,,,,NGS,,,,,,1584,811,BEA,2533
TB_090926_013A.jpeg,2026-09-09,Turtle_Bay,6,013A,,,,,,,,NGS,,,,,,1563,715,BEA,2533
TB_090926_013A.jpeg,2026-09-09,Turtle_Bay,6,013A,,,,,,,,NGS,,,,,,1607,919,BTurf,10211
TB_090926_013A.jpeg,2026-09-09,Turtle_Bay,6,013A,,,,,,,,NGS,,,,,,1705,725,BTurf,10211
TB_090926_013A.jpeg,2026-09-09,Turtle_Bay,6,013A,,,,,,,,NGS,,,,,,1681,1085,BTurf,10211
TB_090926_013A.jpeg,2026-09-09,Turtle_Bay,6,013A,,,,,,,,NGS,,,,,,1770,1900,BTurf,10211
TB_090926_013A.jpeg,2026-09-09,Turtle_Bay,6,013A,,,,,,,,NGS,,,,,,1465,2321,BEA,2533
TB_090926_013A.jpeg,2026-09-09,Turtle_Bay,6,013A,,,,,,,,NGS,,,,,,1474,2177,BTurf,10211
TB_090926_013A.jpeg,2026-09-09,Turtle_Bay,6,013A,,,,,,,,NGS,,,,,,1788,2286,BTurf,10211
TB_090926_013A.jpeg,2026-09-09,Turtle_Bay,6,013A,,,,,,,,NGS,,,,,,2082,318,BEA,2533
TB_090926_013A.jpeg,2026-09-09,Turtle_Bay,6,013A,,,,,,,,NGS,,,,,,2242,480,BEA,2533
TB_090926_013A.jpeg,2026-09-09,Turtle_Bay,6,013A,,,,,,,,NGS,,,,,,1914,806,BEA,2533
TB_090926_013A.jpeg,2026-09-09,Turtle_Bay,6,013A,,,,,,,,NGS,,,,,,1960,836,BTurf,10211
TB_090926_013A.jpeg,2026-09-09,Turtle_Bay,6,013A,,,,,,,,NGS,,,,,,1903,1463,BTurf,10211
TB_090926_013A.jpeg,2026-09-09,Turtle_Bay,6,013A,,,,,,,,NGS,,,,,,2174,1308,BTurf,10211
TB_090926_013A.jpeg,2026-09-09,Turtle_Bay,6,013A,,,,,,,,NGS,,,,,,2044,1224,BTurf,10211
TB_090926_013A.jpeg,2026-09-09,Turtle_Bay,6,013A,,,,,,,,NGS,,,,,,2026,1529,BEA,2533
TB_090926_013A.jpeg,2026-09-09,Turtle_Bay,6,013A,,,,,,,,NGS,,,,,,1976,1581,BEA,2533
TB_090926_013A.jpeg,2026-09-09,Turtle_Bay,6,013A,,,,,,,,NGS,,,,,,2132,1544,BEA,2533
TB_090926_013A.jpeg,2026-09-09,Turtle_Bay,6,013A,,,,,,,,NGS,,,,,,1955,1781,BTurf,10211
TB_090926_013A.jpeg,2026-09-09,Turtle_Bay,6,013A,,,,,,,,NGS,,,,,,2266,2037,BEA,2533
TB_090926_014A.jpeg,2026-09-09,Turtle_Bay,6,014A,,,,,,,,NGS,,,,,,533,326,BTurf,10211
TB_090926_014A.jpeg,2026-09-09,Turtle_Bay,6,014A,,,,,,,,NGS,,,,,,285,226,BTurf,10211
TB_090926_014A.jpeg,2026-09-09,Turtle_Bay,6,014A,,,,,,,,NGS,,,,,,390,387,BTurf,10211
TB_090926_014A.jpeg,2026-09-09,Turtle_Bay,6,014A,,,,,,,,NGS,,,,,,362,647,BTurf,10211
TB_090926_014A.jpeg,2026-09-09,Turtle_Bay,6,014A,,,,,,,,NGS,,,,,,185,970,BTurf,10211
TB_090926_014A.jpeg,2026-09-09,Turtle_Bay,6,014A,,,,,,,,NGS,,,,,,405,1276,BTurf,10211
TB_090926_014A.jpeg,2026-09-09,Turtle_Bay,6,014A,,,,,,,,NGS,,,,,,198,1004,BTurf,10211
TB_090926_014A.jpeg,2026-09-09,Turtle_Bay,6,014A,,,,,,,,NGS,,,,,,524,1344,BTurf,10211
TB_090926_014A.jpeg,2026-09-09,Turtle_Bay,6,014A,,,,,,,,NGS,,,,,,135,1729,BTurf,10211
TB_090926_014A.jpeg,2026-09-09,Turtle_Bay,6,014A,,,,,,,,NGS,,,,,,466,1569,BTurf,10211
TB_090926_014A.jpeg,2026-09-09,Turtle_Bay,6,014A,,,,,,,,NGS,,,,,,272,1572,BTurf,10211
TB_090926_014A.jpeg,2026-09-09,Turtle_Bay,6,014A,,,,,,,,NGS,,,,,,479,2096,RedTurf,522
TB_090926_014A.jpeg,2026-09-09,Turtle_Bay,6,014A,,,,,,,,NGS,,,,,,480,2017,RedTurf,522
TB_090926_014A.jpeg,2026-09-09,Turtle_Bay,6,014A,,,,,,,,NGS,,,,,,514,1885,BTurf,10211
TB_090926_014A.jpeg,2026-09-09,Turtle_Bay,6,014A,,,,,,,,NGS,,,,,,568,448,BTurf,10211
TB_090926_014A.jpeg,2026-09-09,Turtle_Bay,6,014A,,,,,,,,NGS,,,,,,861,277,BTurf,10211
TB_090926_014A.jpeg,2026-09-09,Turtle_Bay,6,014A,,,,,,,,NGS,,,,,,813,307,BTurf,10211
TB_090926_014A.jpeg,2026-09-09,Turtle_Bay,6,014A,,,,,,,,NGS,,,,,,684,550,BTurf,10211
TB_090926_014A.jpeg,2026-09-09,Turtle_Bay,6,014A,,,,,,,,NGS,,,,,,971,955,BTurf,10211
TB_090926_014A.jpeg,2026-09-09,Turtle_Bay,6,014A,,,,,,,,NGS,,,,,,810,1203,BTurf,10211
TB_090926_014A.jpeg,2026-09-09,Turtle_Bay,6,014A,,,,,,,,NGS,,,,,,891,1424,RedTurf,522
TB_090926_014A.jpeg,2026-09-09,Turtle_Bay,6,014A,,,,,,,,NGS,,,,,,868,1120,RedTurf,522
TB_090926_014A.jpeg,2026-09-09,Turtle_Bay,6,014A,,,,,,,,NGS,,,,,,613,1247,BTurf,10211
TB_090926_014A.jpeg,2026-09-09,Turtle_Bay,6,014A,,,,,,,,NGS,,,,,,649,1568,RedTurf,522
TB_090926_014A.jpeg,2026-09-09,Turtle_Bay,6,014A,,,,,,,,NGS,,,,,,722,1469,RedTurf,522
TB_090926_014A.jpeg,2026-09-09,Turtle_Bay,6,014A,,,,,,,,NGS,,,,,,971,1829,BTurf,10211
TB_090926_014A.jpeg,2026-09-09,Turtle_Bay,6,014A,,,,,,,,NGS,,,,,,705,2058,RedTurf,522
TB_090926_014A.jpeg,2026-09-09,Turtle_Bay,6,014A,,,,,,,,NGS,,,,,,756,2198,RedTurf,522
TB_090926_014A.jpeg,2026-09-09,Turtle_Bay,6,014A,,,,,,,,NGS,,,,,,1219,273,BTurf,10211
TB_090926_014A.jpeg,2026-09-09,Turtle_Bay,6,014A,,,,,,,,NGS,,,,,,1325,418,BTurf,10211
TB_090926_014A.jpeg,2026-09-09,Turtle_Bay,6,014A,,,,,,,,NGS,,,,,,1175,794,BTurf,10211
TB_090926_014A.jpeg,2026-09-09,Turtle_Bay,6,014A,,,,,,,,NGS,,,,,,1039,744,BTurf,10211
TB_090926_014A.jpeg,2026-09-09,Turtle_Bay,6,014A,,,,,,,,NGS,,,,,,1311,1195,GTurf,7465
TB_090926_014A.jpeg,2026-09-09,Turtle_Bay,6,014A,,,,,,,,NGS,,,,,,1205,1423,BTurf,10211
TB_090926_014A.jpeg,2026-09-09,Turtle_Bay,6,014A,,,,,,,,NGS,,,,,,1122,1163,BTurf,10211
TB_090926_014A.jpeg,2026-09-09,Turtle_Bay,6,014A,,,,,,,,NGS,,,,,,1047,1841,RedTurf,522
TB_090926_014A.jpeg,2026-09-09,Turtle_Bay,6,014A,,,,,,,,NGS,,,,,,1398,1587,BTurf,10211
TB_090926_014A.jpeg,2026-09-09,Turtle_Bay,6,014A,,,,,,,,NGS,,,,,,1312,1748,RedTurf,522
TB_090926_014A.jpeg,2026-09-09,Turtle_Bay,6,014A,,,,,,,,NGS,,,,,,1091,1523,BTurf,10211
TB_090926_014A.jpeg,2026-09-09,Turtle_Bay,6,014A,,,,,,,,NGS,,,,,,1090,2151,RedTurf,522
TB_090926_014A.jpeg,2026-09-09,Turtle_Bay,6,014A,,,,,,,,NGS,,,,,,1088,2033,RedTurf,522
TB_090926_014A.jpeg,2026-09-09,Turtle_Bay,6,014A,,,,,,,,NGS,,,,,,1192,2263,RedTurf,522
TB_090926_014A.jpeg,2026-09-09,Turtle_Bay,6,014A,,,,,,,,NGS,,,,,,1036,2042,RedTurf,522
TB_090926_014A.jpeg,2026-09-09,Turtle_Bay,6,014A,,,,,,,,NGS,,,,,,1335,1897,BEA,2533
TB_090926_014A.jpeg,2026-09-09,Turtle_Bay,6,014A,,,,,,,,NGS,,,,,,1479,435,BTurf,10211
TB_090926_014A.jpeg,2026-09-09,Turtle_Bay,6,014A,,,,,,,,NGS,,,,,,1807,270,BTurf,10211
TB_090926_014A.jpeg,2026-09-09,Turtle_Bay,6,014A,,,,,,,,NGS,,,,,,1565,261,BTurf,10211
TB_090926_014A.jpeg,2026-09-09,Turtle_Bay,6,014A,,,,,,,,NGS,,,,,,1650,592,BTurf,10211
TB_090926_014A.jpeg,2026-09-09,Turtle_Bay,6,014A,,,,,,,,NGS,,,,,,1760,875,BTurf,10211
TB_090926_014A.jpeg,2026-09-09,Turtle_Bay,6,014A,,,,,,,,NGS,,,,,,1571,615,BTurf,10211
TB_090926_014A.jpeg,2026-09-09,Turtle_Bay,6,014A,,,,,,,,NGS,,,,,,1666,905,BTurf,10211
TB_090926_014A.jpeg,2026-09-09,Turtle_Bay,6,014A,,,,,,,,NGS,,,,,,1710,1343,BTurf,10211
TB_090926_014A.jpeg,2026-09-09,Turtle_Bay,6,014A,,,,,,,,NGS,,,,,,1710,1336,BTurf,10211
TB_090926_014A.jpeg,2026-09-09,Turtle_Bay,6,014A,,,,,,,,NGS,,,,,,1822,1649,BTurf,10211
TB_090926_014A.jpeg,2026-09-09,Turtle_Bay,6,014A,,,,,,,,NGS,,,,,,1543,1440,BTurf,10211
TB_090926_014A.jpeg,2026-09-09,Turtle_Bay,6,014A,,,,,,,,NGS,,,,,,1626,1808,BTurf,10211
TB_090926_014A.jpeg,2026-09-09,Turtle_Bay,6,014A,,,,,,,,NGS,,,,,,1556,1505,BTurf,10211
TB_090926_014A.jpeg,2026-09-09,Turtle_Bay,6,014A,,,,,,,,NGS,,,,,,1551,1961,BEA,2533
TB_090926_014A.jpeg,2026-09-09,Turtle_Bay,6,014A,,,,,,,,NGS,,,,,,1598,1928,BEA,2533
TB_090926_014A.jpeg,2026-09-09,Turtle_Bay,6,014A,,,,,,,,NGS,,,,,,1819,2177,BEA,2533
TB_090926_014A.jpeg,2026-09-09,Turtle_Bay,6,014A,,,,,,,,NGS,,,,,,1601,2125,RedTurf,522
TB_090926_014A.jpeg,2026-09-09,Turtle_Bay,6,014A,,,,,,,,NGS,,,,,,2036,148,BTurf,10211
TB_090926_014A.jpeg,2026-09-09,Turtle_Bay,6,014A,,,,,,,,NGS,,,,,,2124,212,BTurf,10211
TB_090926_014A.jpeg,2026-09-09,Turtle_Bay,6,014A,,,,,,,,NGS,,,,,,2264,901,BTurf,10211
TB_090926_014A.jpeg,2026-09-09,Turtle_Bay,6,014A,,,,,,,,NGS,,,,,,2147,566,BTurf,10211
TB_090926_014A.jpeg,2026-09-09,Turtle_Bay,6,014A,,,,,,,,NGS,,,,,,2189,609,BTurf,10211
TB_090926_014A.jpeg,2026-09-09,Turtle_Bay,6,014A,,,,,,,,NGS,,,,,,1900,984,BTurf,10211
TB_090926_014A.jpeg,2026-09-09,Turtle_Bay,6,014A,,,,,,,,NGS,,,,,,1949,712,BTurf,10211
TB_090926_014A.jpeg,2026-09-09,Turtle_Bay,6,014A,,,,,,,,NGS,,,,,,2087,730,BTurf,10211
TB_090926_014A.jpeg,2026-09-09,Turtle_Bay,6,014A,,,,,,,,NGS,,,,,,2215,1201,BTurf,10211
TB_090926_014A.jpeg,2026-09-09,Turtle_Bay,6,014A,,,,,,,,NGS,,,,,,1857,1281,BTurf,10211
TB_090926_014A.jpeg,2026-09-09,Turtle_Bay,6,014A,,,,,,,,NGS,,,,,,2172,1061,BTurf,10211
TB_090926_014A.jpeg,2026-09-09,Turtle_Bay,6,014A,,,,,,,,NGS,,,,,,1927,1181,BTurf,10211
TB_090926_014A.jpeg,2026-09-09,Turtle_Bay,6,014A,,,,,,,,NGS,,,,,,2076,1835,BTurf,10211
TB_090926_014A.jpeg,2026-09-09,Turtle_Bay,6,014A,,,,,,,,NGS,,,,,,1849,1958,BTurf,10211
TB_090926_015A.jpeg,2026-09-09,Turtle_Bay,6,015A,,,,,,,,NGS,,,,,,503,389,BTurf,10211
TB_090926_015A.jpeg,2026-09-09,Turtle_Bay,6,015A,,,,,,,,NGS,,,,,,246,372,RedTurf,522
TB_090926_015A.jpeg,2026-09-09,Turtle_Bay,6,015A,,,,,,,,NGS,,,,,,232,374,RedTurf,522
TB_090926_015A.jpeg,2026-09-09,Turtle_Bay,6,015A,,,,,,,,NGS,,,,,,202,750,RedTurf,522
TB_090926_015A.jpeg,2026-09-09,Turtle_Bay,6,015A,,,,,,,,NGS,,,,,,248,1295,RedTurf,522
TB_090926_015A.jpeg,2026-09-09,Turtle_Bay,6,015A,,,,,,,,NGS,,,,,,266,1361,RedTurf,522
TB_090926_015A.jpeg,2026-09-09,Turtle_Bay,6,015A,,,,,,,,NGS,,,,,,374,1322,RedTurf,522
TB_090926_015A.jpeg,2026-09-09,Turtle_Bay,6,015A,,,,,,,,NGS,,,,,,246,1833,RedTurf,522
TB_090926_015A.jpeg,2026-09-09,Turtle_Bay,6,015A,,,,,,,,NGS,,,,,,224,1658,RedTurf,522
TB_090926_015A.jpeg,2026-09-09,Turtle_Bay,6,015A,,,,,,,,NGS,,,,,,483,1783,BTurf,10211
TB_090926_015A.jpeg,2026-09-09,Turtle_Bay,6,015A,,,,,,,,NGS,,,,,,131,2044,RedTurf,522
TB_090926_015A.jpeg,2026-09-09,Turtle_Bay,6,015A,,,,,,,,NGS,,,,,,413,2001,BTurf,10211
TB_090926_015A.jpeg,2026-09-09,Turtle_Bay,6,015A,,,,,,,,NGS,,,,,,702,226,BTurf,10211
TB_090926_015A.jpeg,2026-09-09,Turtle_Bay,6,015A,,,,,,,,NGS,,,,,,623,169,BTurf,10211
TB_090926_015A.jpeg,2026-09-09,Turtle_Bay,6,015A,,,,,,,,NGS,,,,,,1000,473,BTurf,10211
TB_090926_015A.jpeg,2026-09-09,Turtle_Bay,6,015A,,,,,,,,NGS,,,,,,607,957,BTurf,10211
TB_090926_015A.jpeg,2026-09-09,Turtle_Bay,6,015A,,,,,,,,NGS,,,,,,639,1378,BTurf,10211
TB_090926_015A.jpeg,2026-09-09,Turtle_Bay,6,015A,,,,,,,,NGS,,,,,,690,1326,BTurf,10211
TB_090926_015A.jpeg,2026-09-09,Turtle_Bay,6,015A,,,,,,,,NGS,,,,,,968,1398,BTurf,10211
TB_090926_015A.jpeg,2026-09-09,Turtle_Bay,6,015A,,,,,,,,NGS,,,,,,1012,1824,RedTurf,522
TB_090926_015A.jpeg,2026-09-09,Turtle_Bay,6,015A,,,,,,,,NGS,,,,,,601,1829,BTurf,10211
TB_090926_015A.jpeg,2026-09-09,Turtle_Bay,6,015A,,,,,,,,NGS,,,,,,642,1930,BTurf,10211
TB_090926_015A.jpeg,2026-09-09,Turtle_Bay,6,015A,,,,,,,,NGS,,,,,,878,2300,BTurf,10211
TB_090926_015A.jpeg,2026-09-09,Turtle_Bay,6,015A,,,,,,,,NGS,,,,,,1465,357,RedTurf,522
TB_090926_015A.jpeg,2026-09-09,Turtle_Bay,6,015A,,,,,,,,NGS,,,,,,1443,572,BTurf,10211
TB_090926_015A.jpeg,2026-09-09,Turtle_Bay,6,015A,,,,,,,,NGS,,,,,,1363,188,BTurf,10211
TB_090926_015A.jpeg,2026-09-09,Turtle_Bay,6,015A,,,,,,,,NGS,,,,,,1427,291,BTurf,10211
TB_090926_015A.jpeg,2026-09-09,Turtle_Bay,6,015A,,,,,,,,NGS,,,,,,1391,301,BTurf,10211
TB_090926_015A.jpeg,2026-09-09,Turtle_Bay,6,015A,,,,,,,,NGS,,,,,,1118,780,Unk_Inv,3643
TB_090926_015A.jpeg,2026-09-09,Turtle_Bay,6,015A,,,,,,,,NGS,,,,,,1407,656,BTurf,10211
TB_090926_015A.jpeg,2026-09-09,Turtle_Bay,6,015A,,,,,,,,NGS,,,,,,1279,724,BTurf,10211
TB_090926_015A.jpeg,2026-09-09,Turtle_Bay,6,015A,,,,,,,,NGS,,,,,,1508,1472,BTurf,10211
TB_090926_015A.jpeg,2026-09-09,Turtle_Bay,6,015A,,,,,,,,NGS,,,,,,1245,1260,BTurf,10211
TB_090926_015A.jpeg,2026-09-09,Turtle_Bay,6,015A,,,,,,,,NGS,,,,,,1076,1254,BTurf,10211
TB_090926_015A.jpeg,2026-09-09,Turtle_Bay,6,015A,,,,,,,,NGS,,,,,,1106,1429,BTurf,10211
TB_090926_015A.jpeg,2026-09-09,Turtle_Bay,6,015A,,,,,,,,NGS,,,,,,1126,1163,BTurf,10211
TB_090926_015A.jpeg,2026-09-09,Turtle_Bay,6,015A,,,,,,,,NGS,,,,,,1134,1078,BTurf,10211
TB_090926_015A.jpeg,2026-09-09,Turtle_Bay,6,015A,,,,,,,,NGS,,,,,,1251,1620,BTurf,10211
TB_090926_015A.jpeg,2026-09-09,Turtle_Bay,6,015A,,,,,,,,NGS,,,,,,1307,1863,RedTurf,522
TB_090926_015A.jpeg,2026-09-09,Turtle_Bay,6,015A,,,,,,,,NGS,,,,,,1052,1489,BTurf,10211
TB_090926_015A.jpeg,2026-09-09,Turtle_Bay,6,015A,,,,,,,,NGS,,,,,,1276,2297,RedTurf,522
TB_090926_015A.jpeg,2026-09-09,Turtle_Bay,6,015A,,,,,,,,NGS,,,,,,1487,2107,BTurf,10211
TB_090926_015A.jpeg,2026-09-09,Turtle_Bay,6,015A,,,,,,,,NGS,,,,,,1333,2249,BTurf,10211
TB_090926_015A.jpeg,2026-09-09,Turtle_Bay,6,015A,,,,,,,,NGS,,,,,,1242,1966,BTurf,10211
TB_090926_015A.jpeg,2026-09-09,Turtle_Bay,6,015A,,,,,,,,NGS,,,,,,1236,1996,RedTurf,522
TB_090926_015A.jpeg,2026-09-09,Turtle_Bay,6,015A,,,,,,,,NGS,,,,,,1305,2101,RedTurf,522
TB_090926_015A.jpeg,2026-09-09,Turtle_Bay,6,015A,,,,,,,,NGS,,,,,,1519,303,BTurf,10211
TB_090926_015A.jpeg,2026-09-09,Turtle_Bay,6,015A,,,,,,,,NGS,,,,,,1825,477,BTurf,10211
TB_090926_015A.jpeg,2026-09-09,Turtle_Bay,6,015A,,,,,,,,NGS,,,,,,1878,485,BTurf,10211
TB_090926_015A.jpeg,2026-09-09,Turtle_Bay,6,015A,,,,,,,,NGS,,,,,,1891,412,BTurf,10211
TB_090926_015A.jpeg,2026-09-09,Turtle_Bay,6,015A,,,,,,,,NGS,,,,,,1735,137,BTurf,10211
TB_090926_015A.jpeg,2026-09-09,Turtle_Bay,6,015A,,,,,,,,NGS,,,,,,1629,971,BTurf,10211
TB_090926_015A.jpeg,2026-09-09,Turtle_Bay,6,015A,,,,,,,,NGS,,,,,,1819,609,BTurf,10211
TB_090926_015A.jpeg,2026-09-09,Turtle_Bay,6,015A,,,,,,,,NGS,,,,,,1516,890,BTurf,10211
TB_090926_015A.jpeg,2026-09-09,Turtle_Bay,6,015A,,,,,,,,NGS,,,,,,1576,1425,BTurf,10211
TB_090926_015A.jpeg,2026-09-09,Turtle_Bay,6,015A,,,,,,,,NGS,,,,,,1693,1363,BTurf,10211
TB_090926_015A.jpeg,2026-09-09,Turtle_Bay,6,015A,,,,,,,,NGS,,,,,,1655,1090,BTurf,10211
TB_090926_015A.jpeg,2026-09-09,Turtle_Bay,6,015A,,,,,,,,NGS,,,,,,1718,1591,BTurf,10211
TB_090926_015A.jpeg,2026-09-09,Turtle_Bay,6,015A,,,,,,,,NGS,,,,,,1886,1857,BTurf,10211
TB_090926_015A.jpeg,2026-09-09,Turtle_Bay,6,015A,,,,,,,,NGS,,,,,,1876,1959,BTurf,10211
TB_090926_015A.jpeg,2026-09-09,Turtle_Bay,6,015A,,,,,,,,NGS,,,,,,1528,2341,BTurf,10211
TB_090926_015A.jpeg,2026-09-09,Turtle_Bay,6,015A,,,,,,,,NGS,,,,,,1819,2270,BTurf,10211
TB_090926_015A.jpeg,2026-09-09,Turtle_Bay,6,015A,,,,,,,,NGS,,,,,,1875,2056,BTurf,10211
TB_090926_015A.jpeg,2026-09-09,Turtle_Bay,6,015A,,,,,,,,NGS,,,,,,2165,795,BTurf,10211
TB_090926_015A.jpeg,2026-09-09,Turtle_Bay,6,015A,,,,,,,,NGS,,,,,,2358,921,RedTurf,522
TB_090926_015A.jpeg,2026-09-09,Turtle_Bay,6,015A,,,,,,,,NGS,,,,,,1988,717,BEA,2533
TB_090926_015A.jpeg,2026-09-09,Turtle_Bay,6,015A,,,,,,,,NGS,,,,,,2313,1052,BEA,2533
TB_090926_015A.jpeg,2026-09-09,Turtle_Bay,6,015A,,,,,,,,NGS,,,,,,2275,1340,BEA,2533
TB_090926_015A.jpeg,2026-09-09,Turtle_Bay,6,015A,,,,,,,,NGS,,,,,,2064,1109,BTurf,10211
TB_090926_015A.jpeg,2026-09-09,Turtle_Bay,6,015A,,,,,,,,NGS,,,,,,2009,1138,BEA,2533
TB_090926_015A.jpeg,2026-09-09,Turtle_Bay,6,015A,,,,,,,,NGS,,,,,,2294,1981,BEA,2533
TB_090926_015A.jpeg,2026-09-09,Turtle_Bay,6,015A,,,,,,,,NGS,,,,,,2160,2208,BEA,2533
TB_090926_015A.jpeg,2026-09-09,Turtle_Bay,6,015A,,,,,,,,NGS,,,,,,2195,2283,BEA,2533
TB_090926_015A.jpeg,2026-09-09,Turtle_Bay,6,015A,,,,,,,,NGS,,,,,,2411,2273,Outside,6910
TB_090926_015A.jpeg,2026-09-09,Turtle_Bay,6,015A,,,,,,,,NGS,,,,,,2335,2351,BTurf,10211
TB_090926_016A.jpeg,2026-09-09,Turtle_Bay,6,016A,,,,,,,,NGS,,,,,,463,369,BTurf,10211
TB_090926_016A.jpeg,2026-09-09,Turtle_Bay,6,016A,,,,,,,,NGS,,,,,,385,521,BEA,2533
TB_090926_016A.jpeg,2026-09-09,Turtle_Bay,6,016A,,,,,,,,NGS,,,,,,127,424,BTurf,10211
TB_090926_016A.jpeg,2026-09-09,Turtle_Bay,6,016A,,,,,,,,NGS,,,,,,252,598,BTurf,10211
TB_090926_016A.jpeg,2026-09-09,Turtle_Bay,6,016A,,,,,,,,NGS,,,,,,303,690,BTurf,10211
TB_090926_016A.jpeg,2026-09-09,Turtle_Bay,6,016A,,,,,,,,NGS,,,,,,120,747,BTurf,10211
TB_090926_016A.jpeg,2026-09-09,Turtle_Bay,6,016A,,,,,,,,NGS,,,,,,319,577,BTurf,10211
TB_090926_016A.jpeg,2026-09-09,Turtle_Bay,6,016A,,,,,,,,NGS,,,,,,445,1170,BTurf,10211
TB_090926_016A.jpeg,2026-09-09,Turtle_Bay,6,016A,,,,,,,,NGS,,,,,,404,1025,BEA,2533
TB_090926_016A.jpeg,2026-09-09,Turtle_Bay,6,016A,,,,,,,,NGS,,,,,,497,1177,BEA,2533
TB_090926_016A.jpeg,2026-09-09,Turtle_Bay,6,016A,,,,,,,,NGS,,,,,,212,1744,BEA,2533
TB_090926_016A.jpeg,2026-09-09,Turtle_Bay,6,016A,,,,,,,,NGS,,,,,,415,1703,BTurf,10211
TB_090926_016A.jpeg,2026-09-09,Turtle_Bay,6,016A,,,,,,,,NGS,,,,,,377,1391,BEA,2533
TB_090926_016A.jpeg,2026-09-09,Turtle_Bay,6,016A,,,,,,,,NGS,,,,,,498,1539,BEA,2533
TB_090926_016A.jpeg,2026-09-09,Turtle_Bay,6,016A,,,,,,,,NGS,,,,,,321,2098,BEA,2533
TB_090926_016A.jpeg,2026-09-09,Turtle_Bay,6,016A,,,,,,,,NGS,,,,,,203,1843,BTurf,10211
TB_090926_016A.jpeg,2026-09-09,Turtle_Bay,6,016A,,,,,,,,NGS,,,,,,391,2053,BEA,2533
TB_090926_016A.jpeg,2026-09-09,Turtle_Bay,6,016A,,,,,,,,NGS,,,,,,129,1955,BTurf,10211
TB_090926_016A.jpeg,2026-09-09,Turtle_Bay,6,016A,,,,,,,,NGS,,,,,,511,1875,BEA,2533
TB_090926_016A.jpeg,2026-09-09,Turtle_Bay,6,016A,,,,,,,,NGS,,,,,,303,2066,BEA,2533
TB_090926_016A.jpeg,2026-09-09,Turtle_Bay,6,016A,,,,,,,,NGS,,,,,,672,270,BTurf,10211
TB_090926_016A.jpeg,2026-09-09,Turtle_Bay,6,016A,,,,,,,,NGS,,,,,,810,129,GEA,2534
TB_090926_016A.jpeg,2026-09-09,Turtle_Bay,6,016A,,,,,,,,NGS,,,,,,623,194,BTurf,10211
TB_090926_016A.jpeg,2026-09-09,Turtle_Bay,6,016A,,,,,,,,NGS,,,,,,828,479,BTurf,10211
TB_090926_016A.jpeg,2026-09-09,Turtle_Bay,6,016A,,,,,,,,NGS,,,,,,576,281,BEA,2533
TB_090926_016A.jpeg,2026-09-09,Turtle_Bay,6,016A,,,,,,,,NGS,,,,,,564,286,BEA,2533
TB_090926_016A.jpeg,2026-09-09,Turtle_Bay,6,016A,,,,,,,,NGS,,,,,,545,518,BTurf,10211
TB_090926_016A.jpeg,2026-09-09,Turtle_Bay,6,016A,,,,,,,,NGS,,,,,,647,705,BTurf,10211
TB_090926_016A.jpeg,2026-09-09,Turtle_Bay,6,016A,,,,,,,,NGS,,,,,,688,897,BTurf,10211
TB_090926_016A.jpeg,2026-09-09,Turtle_Bay,6,016A,,,,,,,,NGS,,,,,,568,652,BTurf,10211
TB_090926_016A.jpeg,2026-09-09,Turtle_Bay,6,016A,,,,,,,,NGS,,,,,,559,790,BTurf,10211
TB_090926_016A.jpeg,2026-09-09,Turtle_Bay,6,016A,,,,,,,,NGS,,,,,,758,980,BEA,2533
TB_090926_016A.jpeg,2026-09-09,Turtle_Bay,6,016A,,,,,,,,NGS,,,,,,896,1020,BEA,2533
TB_090926_016A.jpeg,2026-09-09,Turtle_Bay,6,016A,,,,,,,,NGS,,,,,,606,1004,BTurf,10211
TB_090926_016A.jpeg,2026-09-09,Turtle_Bay,6,016A,,,,,,,,NGS,,,,,,808,1652,BTurf,10211
TB_090926_016A.jpeg,2026-09-09,Turtle_Bay,6,016A,,,,,,,,NGS,,,,,,611,1671,BTurf,10211
TB_090926_016A.jpeg,2026-09-09,Turtle_Bay,6,016A,,,,,,,,NGS,,,,,,892,1710,BTurf,10211
TB_090926_016A.jpeg,2026-09-09,Turtle_Bay,6,016A,,,,,,,,NGS,,,,,,649,1982,BTurf,10211
TB_090926_016A.jpeg,2026-09-09,Turtle_Bay,6,016A,,,,,,,,NGS,,,,,,1154,1050,BTurf,10211
TB_090926_016A.jpeg,2026-09-09,Turtle_Bay,6,016A,,,,,,,,NGS,,,,,,1132,1321,BEA,2533
TB_090926_016A.jpeg,2026-09-09,Turtle_Bay,6,016A,,,,,,,,NGS,,,,,,1249,1051,BTurf,10211
TB_090926_016A.jpeg,2026-09-09,Turtle_Bay,6,016A,,,,,,,,NGS,,,,,,1119,939,BTurf,10211
TB_090926_016A.jpeg,2026-09-09,Turtle_Bay,6,016A,,,,,,,,NGS,,,,,,1210,934,BTurf,10211
TB_090926_016A.jpeg,2026-09-09,Turtle_Bay,6,016A,,,,,,,,NGS,,,,,,1109,1281,BTurf,10211
TB_090926_016A.jpeg,2026-09-09,Turtle_Bay,6,016A,,,,,,,,NGS,,,,,,1085,1133,BTurf,10211
TB_090926_016A.jpeg,2026-09-09,Turtle_Bay,6,016A,,,,,,,,NGS,,,,,,992,1709,BEA,2533
TB_090926_016A.jpeg,2026-09-09,Turtle_Bay,6,016A,,,,,,,,NGS,,,,,,1125,1846,BEA,2533
TB_090926_016A.jpeg,2026-09-09,Turtle_Bay,6,016A,,,,,,,,NGS,,,,,,1217,1939,BEA,2533
TB_090926_016A.jpeg,2026-09-09,Turtle_Bay,6,016A,,,,,,,,NGS,,,,,,1062,2028,BEA,2533
TB_090926_016A.jpeg,2026-09-09,Turtle_Bay,6,016A,,,,,,,,NGS,,,,,,1217,1788,BTurf,10211
TB_090926_016A.jpeg,2026-09-09,Turtle_Bay,6,016A,,,,,,,,NGS,,,,,,1179,2080,Bare-Subst,96
TB_090926_016A.jpeg,2026-09-09,Turtle_Bay,6,016A,,,,,,,,NGS,,,,,,1354,489,BTurf,10211
TB_090926_016A.jpeg,2026-09-09,Turtle_Bay,6,016A,,,,,,,,NGS,,,,,,1357,765,BEA,2533
TB_090926_016A.jpeg,2026-09-09,Turtle_Bay,6,016A,,,,,,,,NGS,,,,,,1456,533,BEA,2533
TB_090926_016A.jpeg,2026-09-09,Turtle_Bay,6,016A,,,,,,,,NGS,,,,,,1512,734,BEA,2533
TB_090926_016A.jpeg,2026-09-09,Turtle_Bay,6,016A,,,,,,,,NGS,,,,,,1606,1149,BTurf,10211
TB_090926_016A.jpeg,2026-09-09,Turtle_Bay,6,016A,,,,,,,,NGS,,,,,,1672,1519,BTurf,10211
TB_090926_016A.jpeg,2026-09-09,Turtle_Bay,6,016A,,,,,,,,NGS,,,,,,1689,1486,BTurf,10211
TB_090926_016A.jpeg,2026-09-09,Turtle_Bay,6,016A,,,,,,,,NGS,,,,,,1565,1541,BTurf,10211
TB_090926_016A.jpeg,2026-09-09,Turtle_Bay,6,016A,,,,,,,,NGS,,,,,,1426,1746,BTurf,10211
TB_090926_016A.jpeg,2026-09-09,Turtle_Bay,6,016A,,,,,,,,NGS,,,,,,1349,1371,BEA,2533
TB_090926_016A.jpeg,2026-09-09,Turtle_Bay,6,016A,,,,,,,,NGS,,,,,,1350,2148,Outside,6910
TB_090926_016A.jpeg,2026-09-09,Turtle_Bay,6,016A,,,,,,,,NGS,,,,,,1435,2115,BEA,2533
TB_090926_016A.jpeg,2026-09-09,Turtle_Bay,6,016A,,,,,,,,NGS,,,,,,2097,336,BEA,2533
TB_090926_016A.jpeg,2026-09-09,Turtle_Bay,6,016A,,,,,,,,NGS,,,,,,1891,474,BEA,2533
TB_090926_016A.jpeg,2026-09-09,Turtle_Bay,6,016A,,,,,,,,NGS,,,,,,1973,119,BEA,2533
TB_090926_016A.jpeg,2026-09-09,Turtle_Bay,6,016A,,,,,,,,NGS,,,,,,1944,928,BEA,2533
TB_090926_016A.jpeg,2026-09-09,Turtle_Bay,6,016A,,,,,,,,NGS,,,,,,2007,612,BEA,2533
TB_090926_016A.jpeg,2026-09-09,Turtle_Bay,6,016A,,,,,,,,NGS,,,,,,1885,676,BEA,2533
TB_090926_016A.jpeg,2026-09-09,Turtle_Bay,6,016A,,,,,,,,NGS,,,,,,2010,526,BEA,2533
TB_090926_016A.jpeg,2026-09-09,Turtle_Bay,6,016A,,,,,,,,NGS,,,,,,1943,1328,BEA,2533
TB_090926_016A.jpeg,2026-09-09,Turtle_Bay,6,016A,,,,,,,,NGS,,,,,,1872,1070,BEA,2533
TB_090926_016A.jpeg,2026-09-09,Turtle_Bay,6,016A,,,,,,,,NGS,,,,,,2007,1721,BTurf,10211
TB_090926_016A.jpeg,2026-09-09,Turtle_Bay,6,016A,,,,,,,,NGS,,,,,,1768,1704,BTurf,10211
TB_090926_016A.jpeg,2026-09-09,Turtle_Bay,6,016A,,,,,,,,NGS,,,,,,1848,2061,BTurf,10211
TB_090926_026A.jpeg,2026-09-09,Turtle_Bay,6,026A,,,,,,,,NGS,,,,,,163,241,BTurf,10211
TB_090926_026A.jpeg,2026-09-09,Turtle_Bay,6,026A,,,,,,,,NGS,,,,,,213,137,BTurf,10211
TB_090926_026A.jpeg,2026-09-09,Turtle_Bay,6,026A,,,,,,,,NGS,,,,,,133,175,BTurf,10211
TB_090926_026A.jpeg,2026-09-09,Turtle_Bay,6,026A,,,,,,,,NGS,,,,,,133,951,BTurf,10211
TB_090926_026A.jpeg,2026-09-09,Turtle_Bay,6,026A,,,,,,,,NGS,,,,,,426,974,BEA,2533
TB_090926_026A.jpeg,2026-09-09,Turtle_Bay,6,026A,,,,,,,,NGS,,,,,,538,1599,BTurf,10211
TB_090926_026A.jpeg,2026-09-09,Turtle_Bay,6,026A,,,,,,,,NGS,,,,,,215,1678,BTurf,10211
TB_090926_026A.jpeg,2026-09-09,Turtle_Bay,6,026A,,,,,,,,NGS,,,,,,122,1400,BTurf,10211
TB_090926_026A.jpeg,2026-09-09,Turtle_Bay,6,026A,,,,,,,,NGS,,,,,,326,1808,BTurf,10211
TB_090926_026A.jpeg,2026-09-09,Turtle_Bay,6,026A,,,,,,,,NGS,,,,,,710,505,BTurf,10211
TB_090926_026A.jpeg,2026-09-09,Turtle_Bay,6,026A,,,,,,,,NGS,,,,,,555,145,BEA,2533
TB_090926_026A.jpeg,2026-09-09,Turtle_Bay,6,026A,,,,,,,,NGS,,,,,,954,235,BTurf,10211
TB_090926_026A.jpeg,2026-09-09,Turtle_Bay,6,026A,,,,,,,,NGS,,,,,,583,415,BTurf,10211
TB_090926_026A.jpeg,2026-09-09,Turtle_Bay,6,026A,,,,,,,,NGS,,,,,,672,929,BTurf,10211
TB_090926_026A.jpeg,2026-09-09,Turtle_Bay,6,026A,,,,,,,,NGS,,,,,,961,943,BTurf,10211
TB_090926_026A.jpeg,2026-09-09,Turtle_Bay,6,026A,,,,,,,,NGS,,,,,,592,714,BTurf,10211
TB_090926_026A.jpeg,2026-09-09,Turtle_Bay,6,026A,,,,,,,,NGS,,,,,,622,944,BTurf,10211
TB_090926_026A.jpeg,2026-09-09,Turtle_Bay,6,026A,,,,,,,,NGS,,,,,,685,796,BTurf,10211
TB_090926_026A.jpeg,2026-09-09,Turtle_Bay,6,026A,,,,,,,,NGS,,,,,,960,915,BTurf,10211
TB_090926_026A.jpeg,2026-09-09,Turtle_Bay,6,026A,,,,,,,,NGS,,,,,,598,1146,BTurf,10211
TB_090926_026A.jpeg,2026-09-09,Turtle_Bay,6,026A,,,,,,,,NGS,,,,,,890,1603,BTurf,10211
TB_090926_026A.jpeg,2026-09-09,Turtle_Bay,6,026A,,,,,,,,NGS,,,,,,797,1405,BEA,2533
TB_090926_026A.jpeg,2026-09-09,Turtle_Bay,6,026A,,,,,,,,NGS,,,,,,930,1527,BTurf,10211
TB_090926_026A.jpeg,2026-09-09,Turtle_Bay,6,026A,,,,,,,,NGS,,,,,,692,1771,BTurf,10211
TB_090926_026A.jpeg,2026-09-09,Turtle_Bay,6,026A,,,,,,,,NGS,,,,,,799,1956,BTurf,10211
TB_090926_026A.jpeg,2026-09-09,Turtle_Bay,6,026A,,,,,,,,NGS,,,,,,730,2031,BTurf,10211
TB_090926_026A.jpeg,2026-09-09,Turtle_Bay,6,026A,,,,,,,,NGS,,,,,,911,1932,BTurf,10211
TB_090926_026A.jpeg,2026-09-09,Turtle_Bay,6,026A,,,,,,,,NGS,,,,,,911,1861,BTurf,10211
TB_090926_026A.jpeg,2026-09-09,Turtle_Bay,6,026A,,,,,,,,NGS,,,,,,722,1885,BTurf,10211
TB_090926_026A.jpeg,2026-09-09,Turtle_Bay,6,026A,,,,,,,,NGS,,,,,,717,1960,BTurf,10211
TB_090926_026A.jpeg,2026-09-09,Turtle_Bay,6,026A,,,,,,,,NGS,,,,,,966,2148,BTurf,10211
TB_090926_026A.jpeg,2026-09-09,Turtle_Bay,6,026A,,,,,,,,NGS,,,,,,1164,342,BTurf,10211
TB_090926_026A.jpeg,2026-09-09,Turtle_Bay,6,026A,,,,,,,,NGS,,,,,,1132,365,BTurf,10211
TB_090926_026A.jpeg,2026-09-09,Turtle_Bay,6,026A,,,,,,,,NGS,,,,,,1280,557,BTurf,10211
TB_090926_026A.jpeg,2026-09-09,Turtle_Bay,6,026A,,,,,,,,NGS,,,,,,1153,883,BTurf,10211
TB_090926_026A.jpeg,2026-09-09,Turtle_Bay,6,026A,,,,,,,,NGS,,,,,,1368,783,BTurf,10211
TB_090926_026A.jpeg,2026-09-09,Turtle_Bay,6,026A,,,,,,,,NGS,,,,,,1169,676,BTurf,10211
TB_090926_026A.jpeg,2026-09-09,Turtle_Bay,6,026A,,,,,,,,NGS,,,,,,1324,1259,BTurf,10211
TB_090926_026A.jpeg,2026-09-09,Turtle_Bay,6,026A,,,,,,,,NGS,,,,,,1324,1048,BTurf,10211
TB_090926_026A.jpeg,2026-09-09,Turtle_Bay,6,026A,,,,,,,,NGS,,,,,,1351,1067,BTurf,10211
TB_090926_026A.jpeg,2026-09-09,Turtle_Bay,6,026A,,,,,,,,NGS,,,,,,1092,1347,BTurf,10211
TB_090926_026A.jpeg,2026-09-09,Turtle_Bay,6,026A,,,,,,,,NGS,,,,,,1046,1143,BTurf,10211
TB_090926_026A.jpeg,2026-09-09,Turtle_Bay,6,026A,,,,,,,,NGS,,,,,,978,1442,BTurf,10211
TB_090926_026A.jpeg,2026-09-09,Turtle_Bay,6,026A,,,,,,,,NGS,,,,,,1372,1500,BTurf,10211
TB_090926_026A.jpeg,2026-09-09,Turtle_Bay,6,026A,,,,,,,,NGS,,,,,,1159,1599,BTurf,10211
TB_090926_026A.jpeg,2026-09-09,Turtle_Bay,6,026A,,,,,,,,NGS,,,,,,996,1914,BTurf,10211
TB_090926_026A.jpeg,2026-09-09,Turtle_Bay,6,026A,,,,,,,,NGS,,,,,,1324,2118,BTurf,10211
TB_090926_026A.jpeg,2026-09-09,Turtle_Bay,6,026A,,,,,,,,NGS,,,,,,1289,2194,BTurf,10211
TB_090926_026A.jpeg,2026-09-09,Turtle_Bay,6,026A,,,,,,,,NGS,,,,,,1007,1895,BTurf,10211
TB_090926_026A.jpeg,2026-09-09,Turtle_Bay,6,026A,,,,,,,,NGS,,,,,,1708,514,BTurf,10211
TB_090926_026A.jpeg,2026-09-09,Turtle_Bay,6,026A,,,,,,,,NGS,,,,,,1518,257,BEA,2533
TB_090926_026A.jpeg,2026-09-09,Turtle_Bay,6,026A,,,,,,,,NGS,,,,,,1560,787,BTurf,10211
TB_090926_026A.jpeg,2026-09-09,Turtle_Bay,6,026A,,,,,,,,NGS,,,,,,1423,708,BTurf,10211
TB_090926_026A.jpeg,2026-09-09,Turtle_Bay,6,026A,,,,,,,,NGS,,,,,,1672,612,BTurf,10211
TB_090926_026A.jpeg,2026-09-09,Turtle_Bay,6,026A,,,,,,,,NGS,,,,,,1632,808,BEA,2533
TB_090926_026A.jpeg,2026-09-09,Turtle_Bay,6,026A,,,,,,,,NGS,,,,,,1758,748,BTurf,10211
TB_090926_026A.jpeg,2026-09-09,Turtle_Bay,6,026A,,,,,,,,NGS,,,,,,1764,1131,GEA,2534
TB_090926_026A.jpeg,2026-09-09,Turtle_Bay,6,026A,,,,,,,,NGS,,,,,,1675,1020,BTurf,10211
TB_090926_026A.jpeg,2026-09-09,Turtle_Bay,6,026A,,,,,,,,NGS,,,,,,1834,1637,BTurf,10211
TB_090926_026A.jpeg,2026-09-09,Turtle_Bay,6,026A,,,,,,,,NGS,,,,,,1694,1508,BTurf,10211
TB_090926_026A.jpeg,2026-09-09,Turtle_Bay,6,026A,,,,,,,,NGS,,,,,,1655,2204,BTurf,10211
TB_090926_026A.jpeg,2026-09-09,Turtle_Bay,6,026A,,,,,,,,NGS,,,,,,2195,418,BTurf,10211
TB_090926_026A.jpeg,2026-09-09,Turtle_Bay,6,026A,,,,,,,,NGS,,,,,,2148,620,BTurf,10211
TB_090926_026A.jpeg,2026-09-09,Turtle_Bay,6,026A,,,,,,,,NGS,,,,,,2201,722,BTurf,10211
TB_090926_026A.jpeg,2026-09-09,Turtle_Bay,6,026A,,,,,,,,NGS,,,,,,1975,1054,CCA,101
TB_090926_026A.jpeg,2026-09-09,Turtle_Bay,6,026A,,,,,,,,NGS,,,,,,2068,1422,BTurf,10211
TB_090926_026A.jpeg,2026-09-09,Turtle_Bay,6,026A,,,,,,,,NGS,,,,,,2127,1563,BTurf,10211
TB_090926_026A.jpeg,2026-09-09,Turtle_Bay,6,026A,,,,,,,,NGS,,,,,,2249,1746,BTurf,10211
TB_090926_026A.jpeg,2026-09-09,Turtle_Bay,6,026A,,,,,,,,NGS,,,,,,1937,1723,BEA,2533
TB_090926_026A.jpeg,2026-09-09,Turtle_Bay,6,026A,,,,,,,,NGS,,,,,,2056,1498,BTurf,10211
TB_090926_026A.jpeg,2026-09-09,Turtle_Bay,6,026A,,,,,,,,NGS,,,,,,2209,2165,BTurf,10211
TB_090926_026A.jpeg,2026-09-09,Turtle_Bay,6,026A,,,,,,,,NGS,,,,,,2076,2004,BTurf,10211
TB_090926_026A.jpeg,2026-09-09,Turtle_Bay,6,026A,,,,,,,,NGS,,,,,,2111,2045,BTurf,10211
TB_090926_026A.jpeg,2026-09-09,Turtle_Bay,6,026A,,,,,,,,NGS,,,,,,2147,1843,BTurf,10211
TB_090926_026A.jpeg,2026-09-09,Turtle_Bay,6,026A,,,,,,,,NGS,,,,,,2022,2181,BTurf,10211
TB_090926_026B.jpeg,2026-09-09,Turtle_Bay,6,026B,,,,,,,,NGS,,,,,,276,124,BTurf,10211
TB_090926_026B.jpeg,2026-09-09,Turtle_Bay,6,026B,,,,,,,,NGS,,,,,,141,823,GEA,2534
TB_090926_026B.jpeg,2026-09-09,Turtle_Bay,6,026B,,,,,,,,NGS,,,,,,332,700,BEA,2533
TB_090926_026B.jpeg,2026-09-09,Turtle_Bay,6,026B,,,,,,,,NGS,,,,,,122,649,BEA,2533
TB_090926_026B.jpeg,2026-09-09,Turtle_Bay,6,026B,,,,,,,,NGS,,,,,,222,521,BTurf,10211
TB_090926_026B.jpeg,2026-09-09,Turtle_Bay,6,026B,,,,,,,,NGS,,,,,,135,607,BEA,2533
TB_090926_026B.jpeg,2026-09-09,Turtle_Bay,6,026B,,,,,,,,NGS,,,,,,403,1051,BTurf,10211
TB_090926_026B.jpeg,2026-09-09,Turtle_Bay,6,026B,,,,,,,,NGS,,,,,,414,940,BEA,2533
TB_090926_026B.jpeg,2026-09-09,Turtle_Bay,6,026B,,,,,,,,NGS,,,,,,379,1667,BEA,2533
TB_090926_026B.jpeg,2026-09-09,Turtle_Bay,6,026B,,,,,,,,NGS,,,,,,491,1515,BEA,2533
TB_090926_026B.jpeg,2026-09-09,Turtle_Bay,6,026B,,,,,,,,NGS,,,,,,191,1939,BEA,2533
TB_090926_026B.jpeg,2026-09-09,Turtle_Bay,6,026B,,,,,,,,NGS,,,,,,452,1776,BTurf,10211
TB_090926_026B.jpeg,2026-09-09,Turtle_Bay,6,026B,,,,,,,,NGS,,,,,,300,2029,BTurf,10211
TB_090926_026B.jpeg,2026-09-09,Turtle_Bay,6,026B,,,,,,,,NGS,,,,,,432,1940,BEA,2533
TB_090926_026B.jpeg,2026-09-09,Turtle_Bay,6,026B,,,,,,,,NGS,,,,,,283,1903,BEA,2533
TB_090926_026B.jpeg,2026-09-09,Turtle_Bay,6,026B,,,,,,,,NGS,,,,,,110,1894,BEA,2533
TB_090926_026B.jpeg,2026-09-09,Turtle_Bay,6,026B,,,,,,,,NGS,,,,,,182,1926,BEA,2533
TB_090926_026B.jpeg,2026-09-09,Turtle_Bay,6,026B,,,,,,,,NGS,,,,,,225,1828,BEA,2533
TB_090926_026B.jpeg,2026-09-09,Turtle_Bay,6,026B,,,,,,,,NGS,,,,,,134,1802,BTurf,10211
TB_090926_026B.jpeg,2026-09-09,Turtle_Bay,6,026B,,,,,,,,NGS,,,,,,584,207,BEA,2533
TB_090926_026B.jpeg,2026-09-09,Turtle_Bay,6,026B,,,,,,,,NGS,,,,,,777,229,BEA,2533
TB_090926_026B.jpeg,2026-09-09,Turtle_Bay,6,026B,,,,,,,,NGS,,,,,,568,359,BEA,2533
TB_090926_026B.jpeg,2026-09-09,Turtle_Bay,6,026B,,,,,,,,NGS,,,,,,503,289,BEA,2533
TB_090926_026B.jpeg,2026-09-09,Turtle_Bay,6,026B,,,,,,,,NGS,,,,,,608,1258,BEA,2533
TB_090926_026B.jpeg,2026-09-09,Turtle_Bay,6,026B,,,,,,,,NGS,,,,,,838,1478,BTurf,10211
TB_090926_026B.jpeg,2026-09-09,Turtle_Bay,6,026B,,,,,,,,NGS,,,,,,799,1651,BTurf,10211
TB_090926_026B.jpeg,2026-09-09,Turtle_Bay,6,026B,,,,,,,,NGS,,,,,,702,1653,BTurf,10211
TB_090926_026B.jpeg,2026-09-09,Turtle_Bay,6,026B,,,,,,,,NGS,,,,,,761,1477,BTurf,10211
TB_090926_026B.jpeg,2026-09-09,Turtle_Bay,6,026B,,,,,,,,NGS,,,,,,617,1353,BTurf,10211
TB_090926_026B.jpeg,2026-09-09,Turtle_Bay,6,026B,,,,,,,,NGS,,,,,,829,1614,BTurf,10211
TB_090926_026B.jpeg,2026-09-09,Turtle_Bay,6,026B,,,,,,,,NGS,,,,,,742,1315,BTurf,10211
TB_090926_026B.jpeg,2026-09-09,Turtle_Bay,6,026B,,,,,,,,NGS,,,,,,677,1997,BEA,2533
TB_090926_026B.jpeg,2026-09-09,Turtle_Bay,6,026B,,,,,,,,NGS,,,,,,535,1806,BEA,2533
TB_090926_026B.jpeg,2026-09-09,Turtle_Bay,6,026B,,,,,,,,NGS,,,,,,840,2062,BTurf,10211
TB_090926_026B.jpeg,2026-09-09,Turtle_Bay,6,026B,,,,,,,,NGS,,,,,,696,1972,BEA,2533
TB_090926_026B.jpeg,2026-09-09,Turtle_Bay,6,026B,,,,,,,,NGS,,,,,,586,1715,BTurf,10211
TB_090926_026B.jpeg,2026-09-09,Turtle_Bay,6,026B,,,,,,,,NGS,,,,,,1036,471,BEA,2533
TB_090926_026B.jpeg,2026-09-09,Turtle_Bay,6,026B,,,,,,,,NGS,,,,,,1122,503,BEA,2533
TB_090926_026B.jpeg,2026-09-09,Turtle_Bay,6,026B,,,,,,,,NGS,,,,,,1161,641,BEA,2533
TB_090926_026B.jpeg,2026-09-09,Turtle_Bay,6,026B,,,,,,,,NGS,,,,,,1194,659,GEA,2534
TB_090926_026B.jpeg,2026-09-09,Turtle_Bay,6,026B,,,,,,,,NGS,,,,,,1030,830,BEA,2533
TB_090926_026B.jpeg,2026-09-09,Turtle_Bay,6,026B,,,,,,,,NGS,,,,,,916,1182,BEA,2533
TB_090926_026B.jpeg,2026-09-09,Turtle_Bay,6,026B,,,,,,,,NGS,,,,,,953,1272,BTurf,10211
TB_090926_026B.jpeg,2026-09-09,Turtle_Bay,6,026B,,,,,,,,NGS,,,,,,974,1280,BTurf,10211
TB_090926_026B.jpeg,2026-09-09,Turtle_Bay,6,026B,,,,,,,,NGS,,,,,,1043,1168,BEA,2533
TB_090926_026B.jpeg,2026-09-09,Turtle_Bay,6,026B,,,,,,,,NGS,,,,,,977,1664,BTurf,10211
TB_090926_026B.jpeg,2026-09-09,Turtle_Bay,6,026B,,,,,,,,NGS,,,,,,1033,1647,BTurf,10211
TB_090926_026B.jpeg,2026-09-09,Turtle_Bay,6,026B,,,,,,,,NGS,,,,,,895,1560,BTurf,10211
TB_090926_026B.jpeg,2026-09-09,Turtle_Bay,6,026B,,,,,,,,NGS,,,,,,1145,1709,BEA,2533
TB_090926_026B.jpeg,2026-09-09,Turtle_Bay,6,026B,,,,,,,,NGS,,,,,,1474,246,BTurf,10211
TB_090926_026B.jpeg,2026-09-09,Turtle_Bay,6,026B,,,,,,,,NGS,,,,,,1471,485,BTurf,10211
TB_090926_026B.jpeg,2026-09-09,Turtle_Bay,6,026B,,,,,,,,NGS,,,,,,1631,310,BTurf,10211
TB_090926_026B.jpeg,2026-09-09,Turtle_Bay,6,026B,,,,,,,,NGS,,,,,,1538,348,BEA,2533
TB_090926_026B.jpeg,2026-09-09,Turtle_Bay,6,026B,,,,,,,,NGS,,,,,,1626,386,BTurf,10211
TB_090926_026B.jpeg,2026-09-09,Turtle_Bay,6,026B,,,,,,,,NGS,,,,,,1501,468,BEA,2533
TB_090926_026B.jpeg,2026-09-09,Turtle_Bay,6,026B,,,,,,,,NGS,,,,,,1637,543,BEA,2533
TB_090926_026B.jpeg,2026-09-09,Turtle_Bay,6,026B,,,,,,,,NGS,,,,,,1528,578,BEA,2533
TB_090926_026B.jpeg,2026-09-09,Turtle_Bay,6,026B,,,,,,,,NGS,,,,,,1417,1190,BTurf,10211
TB_090926_026B.jpeg,2026-09-09,Turtle_Bay,6,026B,,,,,,,,NGS,,,,,,1521,913,BTurf,10211
TB_090926_026B.jpeg,2026-09-09,Turtle_Bay,6,026B,,,,,,,,NGS,,,,,,1415,1031,BTurf,10211
TB_090926_026B.jpeg,2026-09-09,Turtle_Bay,6,026B,,,,,,,,NGS,,,,,,1378,1532,BTurf,10211
TB_090926_026B.jpeg,2026-09-09,Turtle_Bay,6,026B,,,,,,,,NGS,,,,,,1388,1599,BEA,2533
TB_090926_026B.jpeg,2026-09-09,Turtle_Bay,6,026B,,,,,,,,NGS,,,,,,1432,1968,BTurf,10211
TB_090926_026B.jpeg,2026-09-09,Turtle_Bay,6,026B,,,,,,,,NGS,,,,,,1762,239,BTurf,10211
TB_090926_026B.jpeg,2026-09-09,Turtle_Bay,6,026B,,,,,,,,NGS,,,,,,1759,328,BEA,2533
TB_090926_026B.jpeg,2026-09-09,Turtle_Bay,6,026B,,,,,,,,NGS,,,,,,1937,680,BEA,2533
TB_090926_026B.jpeg,2026-09-09,Turtle_Bay,6,026B,,,,,,,,NGS,,,,,,1721,687,BTurf,10211
TB_090926_026B.jpeg,2026-09-09,Turtle_Bay,6,026B,,,,,,,,NGS,,,,,,1889,779,BEA,2533
TB_090926_026B.jpeg,2026-09-09,Turtle_Bay,6,026B,,,,,,,,NGS,,,,,,2028,1080,BEA,2533
TB_090926_026B.jpeg,2026-09-09,Turtle_Bay,6,026B,,,,,,,,NGS,,,,,,1998,925,BEA,2533
TB_090926_026B.jpeg,2026-09-09,Turtle_Bay,6,026B,,,,,,,,NGS,,,,,,1966,991,BTurf,10211
TB_090926_026B.jpeg,2026-09-09,Turtle_Bay,6,026B,,,,,,,,NGS,,,,,,1873,2059,BTurf,10211
TB_090926_026B.jpeg,2026-09-09,Turtle_Bay,6,026B,,,,,,,,NGS,,,,,,1866,1690,BEA,2533
TB_090926_026B.jpeg,2026-09-09,Turtle_Bay,6,026B,,,,,,,,NGS,,,,,,1944,1678,BTurf,10211
TB_090926_026B.jpeg,2026-09-09,Turtle_Bay,6,026B,,,,,,,,NGS,,,,,,1808,1779,BTurf,10211
TB_090926_027A.jpeg,2026-09-09,Turtle_Bay,6,027A,,,,,,,,NGS,,,,,,302,502,BEA,2533
TB_090926_027A.jpeg,2026-09-09,Turtle_Bay,6,027A,,,,,,,,NGS,,,,,,511,176,BTurf,10211
TB_090926_027A.jpeg,2026-09-09,Turtle_Bay,6,027A,,,,,,,,NGS,,,,,,344,730,BEA,2533
TB_090926_027A.jpeg,2026-09-09,Turtle_Bay,6,027A,,,,,,,,NGS,,,,,,423,930,BEA,2533
TB_090926_027A.jpeg,2026-09-09,Turtle_Bay,6,027A,,,,,,,,NGS,,,,,,164,988,BEA,2533
TB_090926_027A.jpeg,2026-09-09,Turtle_Bay,6,027A,,,,,,,,NGS,,,,,,485,1440,BTurf,10211
TB_090926_027A.jpeg,2026-09-09,Turtle_Bay,6,027A,,,,,,,,NGS,,,,,,489,1339,BTurf,10211
TB_090926_027A.jpeg,2026-09-09,Turtle_Bay,6,027A,,,,,,,,NGS,,,,,,363,1212,BEA,2533
TB_090926_027A.jpeg,2026-09-09,Turtle_Bay,6,027A,,,,,,,,NGS,,,,,,452,1188,BEA,2533
TB_090926_027A.jpeg,2026-09-09,Turtle_Bay,6,027A,,,,,,,,NGS,,,,,,393,1678,BTurf,10211
TB_090926_027A.jpeg,2026-09-09,Turtle_Bay,6,027A,,,,,,,,NGS,,,,,,275,1743,BEA,2533
TB_090926_027A.jpeg,2026-09-09,Turtle_Bay,6,027A,,,,,,,,NGS,,,,,,350,1696,GEA,2534
TB_090926_027A.jpeg,2026-09-09,Turtle_Bay,6,027A,,,,,,,,NGS,,,,,,225,2335,BEA,2533
TB_090926_027A.jpeg,2026-09-09,Turtle_Bay,6,027A,,,,,,,,NGS,,,,,,475,2092,BEA,2533
TB_090926_027A.jpeg,2026-09-09,Turtle_Bay,6,027A,,,,,,,,NGS,,,,,,631,262,GEA,2534
TB_090926_027A.jpeg,2026-09-09,Turtle_Bay,6,027A,,,,,,,,NGS,,,,,,704,546,BEA,2533
TB_090926_027A.jpeg,2026-09-09,Turtle_Bay,6,027A,,,,,,,,NGS,,,,,,569,630,GEA,2534
TB_090926_027A.jpeg,2026-09-09,Turtle_Bay,6,027A,,,,,,,,NGS,,,,,,995,675,BEA,2533
TB_090926_027A.jpeg,2026-09-09,Turtle_Bay,6,027A,,,,,,,,NGS,,,,,,850,712,BTurf,10211
TB_090926_027A.jpeg,2026-09-09,Turtle_Bay,6,027A,,,,,,,,NGS,,,,,,878,1227,BTurf,10211
TB_090926_027A.jpeg,2026-09-09,Turtle_Bay,6,027A,,,,,,,,NGS,,,,,,569,1117,BTurf,10211
TB_090926_027A.jpeg,2026-09-09,Turtle_Bay,6,027A,,,,,,,,NGS,,,,,,806,1018,BEA,2533
TB_090926_027A.jpeg,2026-09-09,Turtle_Bay,6,027A,,,,,,,,NGS,,,,,,871,1054,BTurf,10211
TB_090926_027A.jpeg,2026-09-09,Turtle_Bay,6,027A,,,,,,,,NGS,,,,,,878,1282,BEA,2533
TB_090926_027A.jpeg,2026-09-09,Turtle_Bay,6,027A,,,,,,,,NGS,,,,,,596,1226,BEA,2533
TB_090926_027A.jpeg,2026-09-09,Turtle_Bay,6,027A,,,,,,,,NGS,,,,,,769,1607,BEA,2533
TB_090926_027A.jpeg,2026-09-09,Turtle_Bay,6,027A,,,,,,,,NGS,,,,,,707,1576,BEA,2533
TB_090926_027A.jpeg,2026-09-09,Turtle_Bay,6,027A,,,,,,,,NGS,,,,,,601,1846,BEA,2533
TB_090926_027A.jpeg,2026-09-09,Turtle_Bay,6,027A,,,,,,,,NGS,,,,,,971,1466,GEA,2534
TB_090926_027A.jpeg,2026-09-09,Turtle_Bay,6,027A,,,,,,,,NGS,,,,,,574,1851,BEA,2533
TB_090926_027A.jpeg,2026-09-09,Turtle_Bay,6,027A,,,,,,,,NGS,,,,,,956,2316,BEA,2533
TB_090926_027A.jpeg,2026-09-09,Turtle_Bay,6,027A,,,,,,,,NGS,,,,,,621,2196,BEA,2533
TB_090926_027A.jpeg,2026-09-09,Turtle_Bay,6,027A,,,,,,,,NGS,,,,,,1186,288,BEA,2533
TB_090926_027A.jpeg,2026-09-09,Turtle_Bay,6,027A,,,,,,,,NGS,,,,,,1225,208,BTurf,10211
TB_090926_027A.jpeg,2026-09-09,Turtle_Bay,6,027A,,,,,,,,NGS,,,,,,1398,591,BTurf,10211
TB_090926_027A.jpeg,2026-09-09,Turtle_Bay,6,027A,,,,,,,,NGS,,,,,,1033,1209,GEA,2534
TB_090926_027A.jpeg,2026-09-09,Turtle_Bay,6,027A,,,,,,,,NGS,,,,,,1256,1316,BEA,2533
TB_090926_027A.jpeg,2026-09-09,Turtle_Bay,6,027A,,,,,,,,NGS,,,,,,1230,1806,BTurf,10211
TB_090926_027A.jpeg,2026-09-09,Turtle_Bay,6,027A,,,,,,,,NGS,,,,,,1067,1740,GEA,2534
TB_090926_027A.jpeg,2026-09-09,Turtle_Bay,6,027A,,,,,,,,NGS,,,,,,1256,1886,BTurf,10211
TB_090926_027A.jpeg,2026-09-09,Turtle_Bay,6,027A,,,,,,,,NGS,,,,,,1122,2009,BEA,2533
TB_090926_027A.jpeg,2026-09-09,Turtle_Bay,6,027A,,,,,,,,NGS,,,,,,1529,453,BEA,2533
TB_090926_027A.jpeg,2026-09-09,Turtle_Bay,6,027A,,,,,,,,NGS,,,,,,1696,404,BTurf,10211
TB_090926_027A.jpeg,2026-09-09,Turtle_Bay,6,027A,,,,,,,,NGS,,,,,,1804,718,BTurf,10211
TB_090926_027A.jpeg,2026-09-09,Turtle_Bay,6,027A,,,,,,,,NGS,,,,,,1565,716,BEA,2533
TB_090926_027A.jpeg,2026-09-09,Turtle_Bay,6,027A,,,,,,,,NGS,,,,,,1802,997,BTurf,10211
TB_090926_027A.jpeg,2026-09-09,Turtle_Bay,6,027A,,,,,,,,NGS,,,,,,1588,890,GEA,2534
TB_090926_027A.jpeg,2026-09-09,Turtle_Bay,6,027A,,,,,,,,NGS,,,,,,1708,580,BTurf,10211
TB_090926_027A.jpeg,2026-09-09,Turtle_Bay,6,027A,,,,,,,,NGS,,,,,,1790,1361,BTurf,10211
TB_090926_027A.jpeg,2026-09-09,Turtle_Bay,6,027A,,,,,,,,NGS,,,,,,1820,1369,BTurf,10211
TB_090926_027A.jpeg,2026-09-09,Turtle_Bay,6,027A,,,,,,,,NGS,,,,,,1622,1111,GEA,2534
TB_090926_027A.jpeg,2026-09-09,Turtle_Bay,6,027A,,,,,,,,NGS,,,,,,1705,1246,BTurf,10211
TB_090926_027A.jpeg,2026-09-09,Turtle_Bay,6,027A,,,,,,,,NGS,,,,,,1541,1161,BEA,2533
TB_090926_027A.jpeg,2026-09-09,Turtle_Bay,6,027A,,,,,,,,NGS,,,,,,1644,1659,BTurf,10211
TB_090926_027A.jpeg,2026-09-09,Turtle_Bay,6,027A,,,,,,,,NGS,,,,,,1613,1593,BTurf,10211
TB_090926_027A.jpeg,2026-09-09,Turtle_Bay,6,027A,,,,,,,,NGS,,,,,,1621,2294,BEA,2533
TB_090926_027A.jpeg,2026-09-09,Turtle_Bay,6,027A,,,,,,,,NGS,,,,,,1659,2163,BTurf,10211
TB_090926_027A.jpeg,2026-09-09,Turtle_Bay,6,027A,,,,,,,,NGS,,,,,,1810,2205,BTurf,10211
TB_090926_027A.jpeg,2026-09-09,Turtle_Bay,6,027A,,,,,,,,NGS,,,,,,2263,480,BTurf,10211
TB_090926_027A.jpeg,2026-09-09,Turtle_Bay,6,027A,,,,,,,,NGS,,,,,,2056,294,BTurf,10211
TB_090926_027A.jpeg,2026-09-09,Turtle_Bay,6,027A,,,,,,,,NGS,,,,,,1964,246,BTurf,10211
TB_090926_027A.jpeg,2026-09-09,Turtle_Bay,6,027A,,,,,,,,NGS,,,,,,2207,733,BTurf,10211
TB_090926_027A.jpeg,2026-09-09,Turtle_Bay,6,027A,,,,,,,,NGS,,,,,,2196,741,BTurf,10211
TB_090926_027A.jpeg,2026-09-09,Turtle_Bay,6,027A,,,,,,,,NGS,,,,,,1992,1347,GEA,2534
TB_090926_027A.jpeg,2026-09-09,Turtle_Bay,6,027A,,,,,,,,NGS,,,,,,1966,1215,BTurf,10211
TB_090926_027A.jpeg,2026-09-09,Turtle_Bay,6,027A,,,,,,,,NGS,,,,,,2223,1628,BTurf,10211
TB_090926_027A.jpeg,2026-09-09,Turtle_Bay,6,027A,,,,,,,,NGS,,,,,,2046,1782,BTurf,10211
TB_090926_027A.jpeg,2026-09-09,Turtle_Bay,6,027A,,,,,,,,NGS,,,,,,2166,1484,BTurf,10211
TB_090926_027A.jpeg,2026-09-09,Turtle_Bay,6,027A,,,,,,,,NGS,,,,,,1965,1664,BEA,2533
TB_090926_027A.jpeg,2026-09-09,Turtle_Bay,6,027A,,,,,,,,NGS,,,,,,2235,1476,BTurf,10211
TB_090926_027A.jpeg,2026-09-09,Turtle_Bay,6,027A,,,,,,,,NGS,,,,,,2095,1705,BTurf,10211
TB_090926_027A.jpeg,2026-09-09,Turtle_Bay,6,027A,,,,,,,,NGS,,,,,,1995,1562,BEA,2533
TB_090926_027A.jpeg,2026-09-09,Turtle_Bay,6,027A,,,,,,,,NGS,,,,,,2269,1933,BTurf,10211
TB_090926_027A.jpeg,2026-09-09,Turtle_Bay,6,027A,,,,,,,,NGS,,,,,,2199,2105,BEA,2533
TB_090926_027A.jpeg,2026-09-09,Turtle_Bay,6,027A,,,,,,,,NGS,,,,,,2026,2032,BEA,2533
TB_090926_027B.jpeg,2026-09-09,Turtle_Bay,6,027B,,,,,,,,NGS,,,,,,307,208,BEA,2533
TB_090926_027B.jpeg,2026-09-09,Turtle_Bay,6,027B,,,,,,,,NGS,,,,,,465,496,BEA,2533
TB_090926_027B.jpeg,2026-09-09,Turtle_Bay,6,027B,,,,,,,,NGS,,,,,,131,158,GEA,2534
TB_090926_027B.jpeg,2026-09-09,Turtle_Bay,6,027B,,,,,,,,NGS,,,,,,259,774,GEA,2534
TB_090926_027B.jpeg,2026-09-09,Turtle_Bay,6,027B,,,,,,,,NGS,,,,,,286,524,BEA,2533
TB_090926_027B.jpeg,2026-09-09,Turtle_Bay,6,027B,,,,,,,,NGS,,,,,,279,1117,BEA,2533
TB_090926_027B.jpeg,2026-09-09,Turtle_Bay,6,027B,,,,,,,,NGS,,,,,,288,999,BEA,2533
TB_090926_027B.jpeg,2026-09-09,Turtle_Bay,6,027B,,,,,,,,NGS,,,,,,127,913,BEA,2533
TB_090926_027B.jpeg,2026-09-09,Turtle_Bay,6,027B,,,,,,,,NGS,,,,,,224,1534,BEA,2533
TB_090926_027B.jpeg,2026-09-09,Turtle_Bay,6,027B,,,,,,,,NGS,,,,,,312,1326,BEA,2533
TB_090926_027B.jpeg,2026-09-09,Turtle_Bay,6,027B,,,,,,,,NGS,,,,,,403,1388,BEA,2533
TB_090926_027B.jpeg,2026-09-09,Turtle_Bay,6,027B,,,,,,,,NGS,,,,,,309,1670,BEA,2533
TB_090926_027B.jpeg,2026-09-09,Turtle_Bay,6,027B,,,,,,,,NGS,,,,,,455,1907,BEA,2533
TB_090926_027B.jpeg,2026-09-09,Turtle_Bay,6,027B,,,,,,,,NGS,,,,,,424,1776,BEA,2533
TB_090926_027B.jpeg,2026-09-09,Turtle_Bay,6,027B,,,,,,,,NGS,,,,,,604,470,BEA,2533
TB_090926_027B.jpeg,2026-09-09,Turtle_Bay,6,027B,,,,,,,,NGS,,,,,,603,364,GEA,2534
TB_090926_027B.jpeg,2026-09-09,Turtle_Bay,6,027B,,,,,,,,NGS,,,,,,557,136,BTurf,10211
TB_090926_027B.jpeg,2026-09-09,Turtle_Bay,6,027B,,,,,,,,NGS,,,,,,828,182,BTurf,10211
TB_090926_027B.jpeg,2026-09-09,Turtle_Bay,6,027B,,,,,,,,NGS,,,,,,879,825,BTurf,10211
TB_090926_027B.jpeg,2026-09-09,Turtle_Bay,6,027B,,,,,,,,NGS,,,,,,677,816,BEA,2533
TB_090926_027B.jpeg,2026-09-09,Turtle_Bay,6,027B,,,,,,,,NGS,,,,,,608,828,BEA,2533
TB_090926_027B.jpeg,2026-09-09,Turtle_Bay,6,027B,,,,,,,,NGS,,,,,,559,522,BEA,2533
TB_090926_027B.jpeg,2026-09-09,Turtle_Bay,6,027B,,,,,,,,NGS,,,,,,547,1216,BTurf,10211
TB_090926_027B.jpeg,2026-09-09,Turtle_Bay,6,027B,,,,,,,,NGS,,,,,,616,1526,BEA,2533
TB_090926_027B.jpeg,2026-09-09,Turtle_Bay,6,027B,,,,,,,,NGS,,,,,,718,1552,BEA,2533
TB_090926_027B.jpeg,2026-09-09,Turtle_Bay,6,027B,,,,,,,,NGS,,,,,,665,1507,BEA,2533
TB_090926_027B.jpeg,2026-09-09,Turtle_Bay,6,027B,,,,,,,,NGS,,,,,,528,1887,BEA,2533
TB_090926_027B.jpeg,2026-09-09,Turtle_Bay,6,027B,,,,,,,,NGS,,,,,,830,1992,BEA,2533
TB_090926_027B.jpeg,2026-09-09,Turtle_Bay,6,027B,,,,,,,,NGS,,,,,,992,331,BTurf,10211
TB_090926_027B.jpeg,2026-09-09,Turtle_Bay,6,027B,,,,,,,,NGS,,,,,,1133,215,BTurf,10211
TB_090926_027B.jpeg,2026-09-09,Turtle_Bay,6,027B,,,,,,,,NGS,,,,,,997,442,BEA,2533
TB_090926_027B.jpeg,2026-09-09,Turtle_Bay,6,027B,,,,,,,,NGS,,,,,,1278,250,GEA,2534
TB_090926_027B.jpeg,2026-09-09,Turtle_Bay,6,027B,,,,,,,,NGS,,,,,,1169,407,BTurf,10211
TB_090926_027B.jpeg,2026-09-09,Turtle_Bay,6,027B,,,,,,,,NGS,,,,,,1269,632,BEA,2533
TB_090926_027B.jpeg,2026-09-09,Turtle_Bay,6,027B,,,,,,,,NGS,,,,,,1004,816,BTurf,10211
TB_090926_027B.jpeg,2026-09-09,Turtle_Bay,6,027B,,,,,,,,NGS,,,,,,1186,819,BTurf,10211
TB_090926_027B.jpeg,2026-09-09,Turtle_Bay,6,027B,,,,,,,,NGS,,,,,,1097,870,BTurf,10211
TB_090926_027B.jpeg,2026-09-09,Turtle_Bay,6,027B,,,,,,,,NGS,,,,,,1139,645,BEA,2533
TB_090926_027B.jpeg,2026-09-09,Turtle_Bay,6,027B,,,,,,,,NGS,,,,,,978,960,BTurf,10211
TB_090926_027B.jpeg,2026-09-09,Turtle_Bay,6,027B,,,,,,,,NGS,,,,,,1081,1269,BEA,2533
TB_090926_027B.jpeg,2026-09-09,Turtle_Bay,6,027B,,,,,,,,NGS,,,,,,1248,1106,BEA,2533
TB_090926_027B.jpeg,2026-09-09,Turtle_Bay,6,027B,,,,,,,,NGS,,,,,,1147,1850,BEA,2533
TB_090926_027B.jpeg,2026-09-09,Turtle_Bay,6,027B,,,,,,,,NGS,,,,,,1259,1996,BEA,2533
TB_090926_027B.jpeg,2026-09-09,Turtle_Bay,6,027B,,,,,,,,NGS,,,,,,1102,2042,BEA,2533
TB_090926_027B.jpeg,2026-09-09,Turtle_Bay,6,027B,,,,,,,,NGS,,,,,,1208,2012,BEA,2533
TB_090926_027B.jpeg,2026-09-09,Turtle_Bay,6,027B,,,,,,,,NGS,,,,,,1521,488,BEA,2533
TB_090926_027B.jpeg,2026-09-09,Turtle_Bay,6,027B,,,,,,,,NGS,,,,,,1409,501,BEA,2533
TB_090926_027B.jpeg,2026-09-09,Turtle_Bay,6,027B,,,,,,,,NGS,,,,,,1417,491,BEA,2533
TB_090926_027B.jpeg,2026-09-09,Turtle_Bay,6,027B,,,,,,,,NGS,,,,,,1311,1177,BTurf,10211
TB_090926_027B.jpeg,2026-09-09,Turtle_Bay,6,027B,,,,,,,,NGS,,,,,,1421,1167,BEA,2533
TB_090926_027B.jpeg,2026-09-09,Turtle_Bay,6,027B,,,,,,,,NGS,,,,,,1301,979,BTurf,10211
TB_090926_027B.jpeg,2026-09-09,Turtle_Bay,6,027B,,,,,,,,NGS,,,,,,1635,1030,BEA,2533
TB_090926_027B.jpeg,2026-09-09,Turtle_Bay,6,027B,,,,,,,,NGS,,,,,,1615,1344,BEA,2533
TB_090926_027B.jpeg,2026-09-09,Turtle_Bay,6,027B,,,,,,,,NGS,,,,,,1384,1531,BEA,2533
TB_090926_027B.jpeg,2026-09-09,Turtle_Bay,6,027B,,,,,,,,NGS,,,,,,1439,1585,GEA,2534
TB_090926_027B.jpeg,2026-09-09,Turtle_Bay,6,027B,,,,,,,,NGS,,,,,,1540,1521,BTurf,10211
TB_090926_027B.jpeg,2026-09-09,Turtle_Bay,6,027B,,,,,,,,NGS,,,,,,1379,1837,BEA,2533
TB_090926_027B.jpeg,2026-09-09,Turtle_Bay,6,027B,,,,,,,,NGS,,,,,,1466,2062,BEA,2533
TB_090926_027B.jpeg,2026-09-09,Turtle_Bay,6,027B,,,,,,,,NGS,,,,,,1784,367,BEA,2533
TB_090926_027B.jpeg,2026-09-09,Turtle_Bay,6,027B,,,,,,,,NGS,,,,,,1950,388,BEA,2533
TB_090926_027B.jpeg,2026-09-09,Turtle_Bay,6,027B,,,,,,,,NGS,,,,,,2006,598,BEA,2533
TB_090926_027B.jpeg,2026-09-09,Turtle_Bay,6,027B,,,,,,,,NGS,,,,,,1901,624,BEA,2533
TB_090926_027B.jpeg,2026-09-09,Turtle_Bay,6,027B,,,,,,,,NGS,,,,,,1863,701,BEA,2533
TB_090926_027B.jpeg,2026-09-09,Turtle_Bay,6,027B,,,,,,,,NGS,,,,,,2081,1206,BEA,2533
TB_090926_027B.jpeg,2026-09-09,Turtle_Bay,6,027B,,,,,,,,NGS,,,,,,2028,904,BTurf,10211
TB_090926_027B.jpeg,2026-09-09,Turtle_Bay,6,027B,,,,,,,,NGS,,,,,,1978,1242,BTurf,10211
TB_090926_027B.jpeg,2026-09-09,Turtle_Bay,6,027B,,,,,,,,NGS,,,,,,1962,1185,BTurf,10211
TB_090926_027B.jpeg,2026-09-09,Turtle_Bay,6,027B,,,,,,,,NGS,,,,,,1748,957,BEA,2533
TB_090926_027B.jpeg,2026-09-09,Turtle_Bay,6,027B,,,,,,,,NGS,,,,,,1894,1143,BTurf,10211
TB_090926_027B.jpeg,2026-09-09,Turtle_Bay,6,027B,,,,,,,,NGS,,,,,,1801,1568,BEA,2533
TB_090926_027B.jpeg,2026-09-09,Turtle_Bay,6,027B,,,,,,,,NGS,,,,,,1862,1467,BEA,2533
TB_090926_027B.jpeg,2026-09-09,Turtle_Bay,6,027B,,,,,,,,NGS,,,,,,1925,1708,BEA,2533
TB_090926_027B.jpeg,2026-09-09,Turtle_Bay,6,027B,,,,,,,,NGS,,,,,,1963,1813,BEA,2533
TB_090926_027B.jpeg,2026-09-09,Turtle_Bay,6,027B,,,,,,,,NGS,,,,,,1953,1874,BEA,2533
TB_090926_027B.jpeg,2026-09-09,Turtle_Bay,6,027B,,,,,,,,NGS,,,,,,1888,1890,BEA,2533
TB_090926_028A.jpeg,2026-09-09,Turtle_Bay,6,028A,,,,,,,,NGS,,,,,,411,143,BEA,2533
TB_090926_028A.jpeg,2026-09-09,Turtle_Bay,6,028A,,,,,,,,NGS,,,,,,397,340,BEA,2533
TB_090926_028A.jpeg,2026-09-09,Turtle_Bay,6,028A,,,,,,,,NGS,,,,,,138,677,BEA,2533
TB_090926_028A.jpeg,2026-09-09,Turtle_Bay,6,028A,,,,,,,,NGS,,,,,,171,591,BEA,2533
TB_090926_028A.jpeg,2026-09-09,Turtle_Bay,6,028A,,,,,,,,NGS,,,,,,459,737,BEA,2533
TB_090926_028A.jpeg,2026-09-09,Turtle_Bay,6,028A,,,,,,,,NGS,,,,,,155,1250,BTurf,10211
TB_090926_028A.jpeg,2026-09-09,Turtle_Bay,6,028A,,,,,,,,NGS,,,,,,277,1014,BEA,2533
TB_090926_028A.jpeg,2026-09-09,Turtle_Bay,6,028A,,,,,,,,NGS,,,,,,381,1350,BTurf,10211
TB_090926_028A.jpeg,2026-09-09,Turtle_Bay,6,028A,,,,,,,,NGS,,,,,,299,1124,BEA,2533
TB_090926_028A.jpeg,2026-09-09,Turtle_Bay,6,028A,,,,,,,,NGS,,,,,,356,1028,BEA,2533
TB_090926_028A.jpeg,2026-09-09,Turtle_Bay,6,028A,,,,,,,,NGS,,,,,,236,2027,BEA,2533
TB_090926_028A.jpeg,2026-09-09,Turtle_Bay,6,028A,,,,,,,,NGS,,,,,,496,1885,BEA,2533
TB_090926_028A.jpeg,2026-09-09,Turtle_Bay,6,028A,,,,,,,,NGS,,,,,,536,440,BEA,2533
TB_090926_028A.jpeg,2026-09-09,Turtle_Bay,6,028A,,,,,,,,NGS,,,,,,898,181,BTurf,10211
TB_090926_028A.jpeg,2026-09-09,Turtle_Bay,6,028A,,,,,,,,NGS,,,,,,878,638,BTurf,10211
TB_090926_028A.jpeg,2026-09-09,Turtle_Bay,6,028A,,,,,,,,NGS,,,,,,884,609,BTurf,10211
TB_090926_028A.jpeg,2026-09-09,Turtle_Bay,6,028A,,,,,,,,NGS,,,,,,691,956,BTurf,10211
TB_090926_028A.jpeg,2026-09-09,Turtle_Bay,6,028A,,,,,,,,NGS,,,,,,644,956,BTurf,10211
TB_090926_028A.jpeg,2026-09-09,Turtle_Bay,6,028A,,,,,,,,NGS,,,,,,574,989,BEA,2533
TB_090926_028A.jpeg,2026-09-09,Turtle_Bay,6,028A,,,,,,,,NGS,,,,,,711,1111,BTurf,10211
TB_090926_028A.jpeg,2026-09-09,Turtle_Bay,6,028A,,,,,,,,NGS,,,,,,877,1344,BEA,2533
TB_090926_028A.jpeg,2026-09-09,Turtle_Bay,6,028A,,,,,,,,NGS,,,,,,573,1332,BEA,2533
TB_090926_028A.jpeg,2026-09-09,Turtle_Bay,6,028A,,,,,,,,NGS,,,,,,536,1763,BTurf,10211
TB_090926_028A.jpeg,2026-09-09,Turtle_Bay,6,028A,,,,,,,,NGS,,,,,,898,1699,BTurf,10211
TB_090926_028A.jpeg,2026-09-09,Turtle_Bay,6,028A,,,,,,,,NGS,,,,,,659,1671,BTurf,10211
TB_090926_028A.jpeg,2026-09-09,Turtle_Bay,6,028A,,,,,,,,NGS,,,,,,913,1657,BTurf,10211
TB_090926_028A.jpeg,2026-09-09,Turtle_Bay,6,028A,,,,,,,,NGS,,,,,,846,2090,BTurf,10211
TB_090926_028A.jpeg,2026-09-09,Turtle_Bay,6,028A,,,,,,,,NGS,,,,,,719,1815,BEA,2533
TB_090926_028A.jpeg,2026-09-09,Turtle_Bay,6,028A,,,,,,,,NGS,,,,,,548,2002,BEA,2533
TB_090926_028A.jpeg,2026-09-09,Turtle_Bay,6,028A,,,,,,,,NGS,,,,,,737,2043,BEA,2533
TB_090926_028A.jpeg,2026-09-09,Turtle_Bay,6,028A,,,,,,,,NGS,,,,,,1078,280,BTurf,10211
TB_090926_028A.jpeg,2026-09-09,Turtle_Bay,6,028A,,,,,,,,NGS,,,,,,1365,374,BTurf,10211
TB_090926_028A.jpeg,2026-09-09,Turtle_Bay,6,028A,,,,,,,,NGS,,,,,,1215,872,BEA,2533
TB_090926_028A.jpeg,2026-09-09,Turtle_Bay,6,028A,,,,,,,,NGS,,,,,,1097,1140,BTurf,10211
TB_090926_028A.jpeg,2026-09-09,Turtle_Bay,6,028A,,,,,,,,NGS,,,,,,1311,1040,BEA,2533
TB_090926_028A.jpeg,2026-09-09,Turtle_Bay,6,028A,,,,,,,,NGS,,,,,,1116,1502,BEA,2533
TB_090926_028A.jpeg,2026-09-09,Turtle_Bay,6,028A,,,,,,,,NGS,,,,,,1082,1731,BTurf,10211
TB_090926_028A.jpeg,2026-09-09,Turtle_Bay,6,028A,,,,,,,,NGS,,,,,,1290,1404,BTurf,10211
TB_090926_028A.jpeg,2026-09-09,Turtle_Bay,6,028A,,,,,,,,NGS,,,,,,1204,2105,BEA,2533
TB_090926_028A.jpeg,2026-09-09,Turtle_Bay,6,028A,,,,,,,,NGS,,,,,,1194,2098,BEA,2533
TB_090926_028A.jpeg,2026-09-09,Turtle_Bay,6,028A,,,,,,,,NGS,,,,,,1301,2058,BTurf,10211
TB_090926_028A.jpeg,2026-09-09,Turtle_Bay,6,028A,,,,,,,,NGS,,,,,,1034,1904,BEA,2533
TB_090926_028A.jpeg,2026-09-09,Turtle_Bay,6,028A,,,,,,,,NGS,,,,,,1194,2111,BEA,2533
TB_090926_028A.jpeg,2026-09-09,Turtle_Bay,6,028A,,,,,,,,NGS,,,,,,1442,193,BEA,2533
TB_090926_028A.jpeg,2026-09-09,Turtle_Bay,6,028A,,,,,,,,NGS,,,,,,1433,150,BEA,2533
TB_090926_028A.jpeg,2026-09-09,Turtle_Bay,6,028A,,,,,,,,NGS,,,,,,1603,352,BEA,2533
TB_090926_028A.jpeg,2026-09-09,Turtle_Bay,6,028A,,,,,,,,NGS,,,,,,1749,316,BEA,2533
TB_090926_028A.jpeg,2026-09-09,Turtle_Bay,6,028A,,,,,,,,NGS,,,,,,1488,784,BEA,2533
TB_090926_028A.jpeg,2026-09-09,Turtle_Bay,6,028A,,,,,,,,NGS,,,,,,1712,748,BEA,2533
TB_090926_028A.jpeg,2026-09-09,Turtle_Bay,6,028A,,,,,,,,NGS,,,,,,1725,896,BTurf,10211
TB_090926_028A.jpeg,2026-09-09,Turtle_Bay,6,028A,,,,,,,,NGS,,,,,,1782,1254,BTurf,10211
TB_090926_028A.jpeg,2026-09-09,Turtle_Bay,6,028A,,,,,,,,NGS,,,,,,1543,1046,BTurf,10211
TB_090926_028A.jpeg,2026-09-09,Turtle_Bay,6,028A,,,,,,,,NGS,,,,,,1481,1102,BTurf,10211
TB_090926_028A.jpeg,2026-09-09,Turtle_Bay,6,028A,,,,,,,,NGS,,,,,,1508,1702,BTurf,10211
TB_090926_028A.jpeg,2026-09-09,Turtle_Bay,6,028A,,,,,,,,NGS,,,,,,1592,1608,BEA,2533
TB_090926_028A.jpeg,2026-09-09,Turtle_Bay,6,028A,,,,,,,,NGS,,,,,,1542,1993,BTurf,10211
TB_090926_028A.jpeg,2026-09-09,Turtle_Bay,6,028A,,,,,,,,NGS,,,,,,1474,2148,BTurf,10211
TB_090926_028A.jpeg,2026-09-09,Turtle_Bay,6,028A,,,,,,,,NGS,,,,,,1535,2146,BTurf,10211
TB_090926_028A.jpeg,2026-09-09,Turtle_Bay,6,028A,,,,,,,,NGS,,,,,,1596,1964,BTurf,10211
TB_090926_028A.jpeg,2026-09-09,Turtle_Bay,6,028A,,,,,,,,NGS,,,,,,1644,1845,BTurf,10211
TB_090926_028A.jpeg,2026-09-09,Turtle_Bay,6,028A,,,,,,,,NGS,,,,,,1676,1952,BTurf,10211
TB_090926_028A.jpeg,2026-09-09,Turtle_Bay,6,028A,,,,,,,,NGS,,,,,,2002,285,BTurf,10211
TB_090926_028A.jpeg,2026-09-09,Turtle_Bay,6,028A,,,,,,,,NGS,,,,,,2121,753,BEA,2533
TB_090926_028A.jpeg,2026-09-09,Turtle_Bay,6,028A,,,,,,,,NGS,,,,,,2179,929,BEA,2533
TB_090926_028A.jpeg,2026-09-09,Turtle_Bay,6,028A,,,,,,,,NGS,,,,,,1967,720,BEA,2533
TB_090926_028A.jpeg,2026-09-09,Turtle_Bay,6,028A,,,,,,,,NGS,,,,,,1809,662,BTurf,10211
TB_090926_028A.jpeg,2026-09-09,Turtle_Bay,6,028A,,,,,,,,NGS,,,,,,2005,1157,BTurf,10211
TB_090926_028A.jpeg,2026-09-09,Turtle_Bay,6,028A,,,,,,,,NGS,,,,,,2046,1474,BEA,2533
TB_090926_028A.jpeg,2026-09-09,Turtle_Bay,6,028A,,,,,,,,NGS,,,,,,2110,1717,BTurf,10211
TB_090926_028A.jpeg,2026-09-09,Turtle_Bay,6,028A,,,,,,,,NGS,,,,,,1869,1737,BTurf,10211
TB_090926_028A.jpeg,2026-09-09,Turtle_Bay,6,028A,,,,,,,,NGS,,,,,,1976,1373,BTurf,10211
TB_090926_028A.jpeg,2026-09-09,Turtle_Bay,6,028A,,,,,,,,NGS,,,,,,2157,1774,GEA,2534
TB_090926_028A.jpeg,2026-09-09,Turtle_Bay,6,028A,,,,,,,,NGS,,,,,,1822,1969,BTurf,10211
TB_090926_028A.jpeg,2026-09-09,Turtle_Bay,6,028A,,,,,,,,NGS,,,,,,2185,1854,CCA,101
TB_090926_028A.jpeg,2026-09-09,Turtle_Bay,6,028A,,,,,,,,NGS,,,,,,2003,2115,GEA,2534
TB_090926_028B.jpeg,2026-09-09,Turtle_Bay,6,028B,,,,,,,,NGS,,,,,,166,168,BEA,2533
TB_090926_028B.jpeg,2026-09-09,Turtle_Bay,6,028B,,,,,,,,NGS,,,,,,115,884,BEA,2533
TB_090926_028B.jpeg,2026-09-09,Turtle_Bay,6,028B,,,,,,,,NGS,,,,,,473,670,BTurf,10211
TB_090926_028B.jpeg,2026-09-09,Turtle_Bay,6,028B,,,,,,,,NGS,,,,,,183,701,BTurf,10211
TB_090926_028B.jpeg,2026-09-09,Turtle_Bay,6,028B,,,,,,,,NGS,,,,,,334,1289,BEA,2533
TB_090926_028B.jpeg,2026-09-09,Turtle_Bay,6,028B,,,,,,,,NGS,,,,,,177,1251,BTurf,10211
TB_090926_028B.jpeg,2026-09-09,Turtle_Bay,6,028B,,,,,,,,NGS,,,,,,466,1607,BTurf,10211
TB_090926_028B.jpeg,2026-09-09,Turtle_Bay,6,028B,,,,,,,,NGS,,,,,,204,1397,BTurf,10211
TB_090926_028B.jpeg,2026-09-09,Turtle_Bay,6,028B,,,,,,,,NGS,,,,,,187,1617,BEA,2533
TB_090926_028B.jpeg,2026-09-09,Turtle_Bay,6,028B,,,,,,,,NGS,,,,,,184,2144,BEA,2533
TB_090926_028B.jpeg,2026-09-09,Turtle_Bay,6,028B,,,,,,,,NGS,,,,,,234,2140,BEA,2533
TB_090926_028B.jpeg,2026-09-09,Turtle_Bay,6,028B,,,,,,,,NGS,,,,,,128,1832,BEA,2533
TB_090926_028B.jpeg,2026-09-09,Turtle_Bay,6,028B,,,,,,,,NGS,,,,,,214,2050,BEA,2533
TB_090926_028B.jpeg,2026-09-09,Turtle_Bay,6,028B,,,,,,,,NGS,,,,,,420,1843,BTurf,10211
TB_090926_028B.jpeg,2026-09-09,Turtle_Bay,6,028B,,,,,,,,NGS,,,,,,338,1867,BEA,2533
TB_090926_028B.jpeg,2026-09-09,Turtle_Bay,6,028B,,,,,,,,NGS,,,,,,888,457,BEA,2533
TB_090926_028B.jpeg,2026-09-09,Turtle_Bay,6,028B,,,,,,,,NGS,,,,,,656,731,BTurf,10211
TB_090926_028B.jpeg,2026-09-09,Turtle_Bay,6,028B,,,,,,,,NGS,,,,,,922,591,BTurf,10211
TB_090926_028B.jpeg,2026-09-09,Turtle_Bay,6,028B,,,,,,,,NGS,,,,,,773,666,BTurf,10211
TB_090926_028B.jpeg,2026-09-09,Turtle_Bay,6,028B,,,,,,,,NGS,,,,,,775,1204,BEA,2533
TB_090926_028B.jpeg,2026-09-09,Turtle_Bay,6,028B,,,,,,,,NGS,,,,,,712,1273,BTurf,10211
TB_090926_028B.jpeg,2026-09-09,Turtle_Bay,6,028B,,,,,,,,NGS,,,,,,706,1061,BTurf,10211
TB_090926_028B.jpeg,2026-09-09,Turtle_Bay,6,028B,,,,,,,,NGS,,,,,,879,1126,BTurf,10211
TB_090926_028B.jpeg,2026-09-09,Turtle_Bay,6,028B,,,,,,,,NGS,,,,,,793,1487,BEA,2533
TB_090926_028B.jpeg,2026-09-09,Turtle_Bay,6,028B,,,,,,,,NGS,,,,,,622,1554,BTurf,10211
TB_090926_028B.jpeg,2026-09-09,Turtle_Bay,6,028B,,,,,,,,NGS,,,,,,646,1720,BEA,2533
TB_090926_028B.jpeg,2026-09-09,Turtle_Bay,6,028B,,,,,,,,NGS,,,,,,773,1487,BTurf,10211
TB_090926_028B.jpeg,2026-09-09,Turtle_Bay,6,028B,,,,,,,,NGS,,,,,,841,1924,BTurf,10211
TB_090926_028B.jpeg,2026-09-09,Turtle_Bay,6,028B,,,,,,,,NGS,,,,,,829,2042,BEA,2533
TB_090926_028B.jpeg,2026-09-09,Turtle_Bay,6,028B,,,,,,,,NGS,,,,,,988,351,BEA,2533
TB_090926_028B.jpeg,2026-09-09,Turtle_Bay,6,028B,,,,,,,,NGS,,,,,,1258,175,BTurf,10211
TB_090926_028B.jpeg,2026-09-09,Turtle_Bay,6,028B,,,,,,,,NGS,,,,,,1201,230,BTurf,10211
TB_090926_028B.jpeg,2026-09-09,Turtle_Bay,6,028B,,,,,,,,NGS,,,,,,1014,746,BEA,2533
TB_090926_028B.jpeg,2026-09-09,Turtle_Bay,6,028B,,,,,,,,NGS,,,,,,1004,920,BTurf,10211
TB_090926_028B.jpeg,2026-09-09,Turtle_Bay,6,028B,,,,,,,,NGS,,,,,,1111,574,BTurf,10211
TB_090926_028B.jpeg,2026-09-09,Turtle_Bay,6,028B,,,,,,,,NGS,,,,,,977,711,BTurf,10211
TB_090926_028B.jpeg,2026-09-09,Turtle_Bay,6,028B,,,,,,,,NGS,,,,,,1133,1359,BTurf,10211
TB_090926_028B.jpeg,2026-09-09,Turtle_Bay,6,028B,,,,,,,,NGS,,,,,,1084,1333,BEA,2533
TB_090926_028B.jpeg,2026-09-09,Turtle_Bay,6,028B,,,,,,,,NGS,,,,,,1106,1389,BEA,2533
TB_090926_028B.jpeg,2026-09-09,Turtle_Bay,6,028B,,,,,,,,NGS,,,,,,1247,1418,BTurf,10211
TB_090926_028B.jpeg,2026-09-09,Turtle_Bay,6,028B,,,,,,,,NGS,,,,,,1348,264,BEA,2533
TB_090926_028B.jpeg,2026-09-09,Turtle_Bay,6,028B,,,,,,,,NGS,,,,,,1664,438,BEA,2533
TB_090926_028B.jpeg,2026-09-09,Turtle_Bay,6,028B,,,,,,,,NGS,,,,,,1427,422,BEA,2533
TB_090926_028B.jpeg,2026-09-09,Turtle_Bay,6,028B,,,,,,,,NGS,,,,,,1742,836,BEA,2533
TB_090926_028B.jpeg,2026-09-09,Turtle_Bay,6,028B,,,,,,,,NGS,,,,,,1463,765,BEA,2533
TB_090926_028B.jpeg,2026-09-09,Turtle_Bay,6,028B,,,,,,,,NGS,,,,,,1557,735,BEA,2533
TB_090926_028B.jpeg,2026-09-09,Turtle_Bay,6,028B,,,,,,,,NGS,,,,,,1512,611,BTurf,10211
TB_090926_028B.jpeg,2026-09-09,Turtle_Bay,6,028B,,,,,,,,NGS,,,,,,1433,974,BEA,2533
TB_090926_028B.jpeg,2026-09-09,Turtle_Bay,6,028B,,,,,,,,NGS,,,,,,1513,1061,BTurf,10211
TB_090926_028B.jpeg,2026-09-09,Turtle_Bay,6,028B,,,,,,,,NGS,,,,,,1514,1629,BTurf,10211
TB_090926_028B.jpeg,2026-09-09,Turtle_Bay,6,028B,,,,,,,,NGS,,,,,,1627,1725,BEA,2533
TB_090926_028B.jpeg,2026-09-09,Turtle_Bay,6,028B,,,,,,,,NGS,,,,,,1595,1716,BEA,2533
TB_090926_028B.jpeg,2026-09-09,Turtle_Bay,6,028B,,,,,,,,NGS,,,,,,1590,1766,BEA,2533
TB_090926_028B.jpeg,2026-09-09,Turtle_Bay,6,028B,,,,,,,,NGS,,,,,,1509,1778,BTurf,10211
TB_090926_028B.jpeg,2026-09-09,Turtle_Bay,6,028B,,,,,,,,NGS,,,,,,1720,1882,BTurf,10211
TB_090926_028B.jpeg,2026-09-09,Turtle_Bay,6,028B,,,,,,,,NGS,,,,,,1421,2021,BTurf,10211
TB_090926_028B.jpeg,2026-09-09,Turtle_Bay,6,028B,,,,,,,,NGS,,,,,,2098,329,BEA,2533
TB_090926_028B.jpeg,2026-09-09,Turtle_Bay,6,028B,,,,,,,,NGS,,,,,,2144,312,BEA,2533
TB_090926_028B.jpeg,2026-09-09,Turtle_Bay,6,028B,,,,,,,,NGS,,,,,,2058,778,BEA,2533
TB_090926_028B.jpeg,2026-09-09,Turtle_Bay,6,028B,,,,,,,,NGS,,,,,,1898,842,BTurf,10211
TB_090926_028B.jpeg,2026-09-09,Turtle_Bay,6,028B,,,,,,,,NGS,,,,,,1942,742,BEA,2533
TB_090926_028B.jpeg,2026-09-09,Turtle_Bay,6,028B,,,,,,,,NGS,,,,,,2072,934,BTurf,10211
TB_090926_028B.jpeg,2026-09-09,Turtle_Bay,6,028B,,,,,,,,NGS,,,,,,2001,823,BTurf,10211
TB_090926_028B.jpeg,2026-09-09,Turtle_Bay,6,028B,,,,,,,,NGS,,,,,,2130,569,BTurf,10211
TB_090926_028B.jpeg,2026-09-09,Turtle_Bay,6,028B,,,,,,,,NGS,,,,,,1778,1008,BEA,2533
TB_090926_028B.jpeg,2026-09-09,Turtle_Bay,6,028B,,,,,,,,NGS,,,,,,1842,1134,BTurf,10211
TB_090926_028B.jpeg,2026-09-09,Turtle_Bay,6,028B,,,,,,,,NGS,,,,,,1974,1179,BTurf,10211
TB_090926_028B.jpeg,2026-09-09,Turtle_Bay,6,028B,,,,,,,,NGS,,,,,,1982,979,BEA,2533
TB_090926_028B.jpeg,2026-09-09,Turtle_Bay,6,028B,,,,,,,,NGS,,,,,,1813,987,BEA,2533
TB_090926_028B.jpeg,2026-09-09,Turtle_Bay,6,028B,,,,,,,,NGS,,,,,,1924,1542,BEA,2533
TB_090926_028B.jpeg,2026-09-09,Turtle_Bay,6,028B,,,,,,,,NGS,,,,,,1942,1552,BEA,2533
TB_090926_028B.jpeg,2026-09-09,Turtle_Bay,6,028B,,,,,,,,NGS,,,,,,1854,1927,BEA,2533
TB_090926_028B.jpeg,2026-09-09,Turtle_Bay,6,028B,,,,,,,,NGS,,,,,,1993,2050,BEA,2533
TB_090926_028B.jpeg,2026-09-09,Turtle_Bay,6,028B,,,,,,,,NGS,,,,,,2010,1813,BTurf,10211
TB_090926_028B.jpeg,2026-09-09,Turtle_Bay,6,028B,,,,,,,,NGS,,,,,,2025,1917,BTurf,10211
TB_090926_029A.jpeg,2026-09-09,Turtle_Bay,6,029A,,,,,,,,NGS,,,,,,362,180,BEA,2533
TB_090926_029A.jpeg,2026-09-09,Turtle_Bay,6,029A,,,,,,,,NGS,,,,,,323,278,BTurf,10211
TB_090926_029A.jpeg,2026-09-09,Turtle_Bay,6,029A,,,,,,,,NGS,,,,,,161,384,BEA,2533
TB_090926_029A.jpeg,2026-09-09,Turtle_Bay,6,029A,,,,,,,,NGS,,,,,,130,175,BEA,2533
TB_090926_029A.jpeg,2026-09-09,Turtle_Bay,6,029A,,,,,,,,NGS,,,,,,225,623,BEA,2533
TB_090926_029A.jpeg,2026-09-09,Turtle_Bay,6,029A,,,,,,,,NGS,,,,,,427,531,BEA,2533
TB_090926_029A.jpeg,2026-09-09,Turtle_Bay,6,029A,,,,,,,,NGS,,,,,,329,876,BTurf,10211
TB_090926_029A.jpeg,2026-09-09,Turtle_Bay,6,029A,,,,,,,,NGS,,,,,,146,853,BEA,2533
TB_090926_029A.jpeg,2026-09-09,Turtle_Bay,6,029A,,,,,,,,NGS,,,,,,185,877,BEA,2533
TB_090926_029A.jpeg,2026-09-09,Turtle_Bay,6,029A,,,,,,,,NGS,,,,,,211,714,BTurf,10211
TB_090926_029A.jpeg,2026-09-09,Turtle_Bay,6,029A,,,,,,,,NGS,,,,,,238,875,BTurf,10211
TB_090926_029A.jpeg,2026-09-09,Turtle_Bay,6,029A,,,,,,,,NGS,,,,,,301,1024,BTurf,10211
TB_090926_029A.jpeg,2026-09-09,Turtle_Bay,6,029A,,,,,,,,NGS,,,,,,290,1182,BTurf,10211
TB_090926_029A.jpeg,2026-09-09,Turtle_Bay,6,029A,,,,,,,,NGS,,,,,,399,1191,BTurf,10211
TB_090926_029A.jpeg,2026-09-09,Turtle_Bay,6,029A,,,,,,,,NGS,,,,,,285,1094,BTurf,10211
TB_090926_029A.jpeg,2026-09-09,Turtle_Bay,6,029A,,,,,,,,NGS,,,,,,375,1069,BEA,2533
TB_090926_029A.jpeg,2026-09-09,Turtle_Bay,6,029A,,,,,,,,NGS,,,,,,134,1205,BTurf,10211
TB_090926_029A.jpeg,2026-09-09,Turtle_Bay,6,029A,,,,,,,,NGS,,,,,,146,1513,BEA,2533
TB_090926_029A.jpeg,2026-09-09,Turtle_Bay,6,029A,,,,,,,,NGS,,,,,,128,1620,BTurf,10211
TB_090926_029A.jpeg,2026-09-09,Turtle_Bay,6,029A,,,,,,,,NGS,,,,,,355,1656,BEA,2533
TB_090926_029A.jpeg,2026-09-09,Turtle_Bay,6,029A,,,,,,,,NGS,,,,,,331,1707,BEA,2533
TB_090926_029A.jpeg,2026-09-09,Turtle_Bay,6,029A,,,,,,,,NGS,,,,,,486,1719,BTurf,10211
TB_090926_029A.jpeg,2026-09-09,Turtle_Bay,6,029A,,,,,,,,NGS,,,,,,147,1833,BEA,2533
TB_090926_029A.jpeg,2026-09-09,Turtle_Bay,6,029A,,,,,,,,NGS,,,,,,585,158,BTurf,10211
TB_090926_029A.jpeg,2026-09-09,Turtle_Bay,6,029A,,,,,,,,NGS,,,,,,553,146,BTurf,10211
TB_090926_029A.jpeg,2026-09-09,Turtle_Bay,6,029A,,,,,,,,NGS,,,,,,530,674,BTurf,10211
TB_090926_029A.jpeg,2026-09-09,Turtle_Bay,6,029A,,,,,,,,NGS,,,,,,827,777,BTurf,10211
TB_090926_029A.jpeg,2026-09-09,Turtle_Bay,6,029A,,,,,,,,NGS,,,,,,836,704,BEA,2533
TB_090926_029A.jpeg,2026-09-09,Turtle_Bay,6,029A,,,,,,,,NGS,,,,,,806,1079,BEA,2533
TB_090926_029A.jpeg,2026-09-09,Turtle_Bay,6,029A,,,,,,,,NGS,,,,,,655,1585,BEA,2533
TB_090926_029A.jpeg,2026-09-09,Turtle_Bay,6,029A,,,,,,,,NGS,,,,,,712,1339,BTurf,10211
TB_090926_029A.jpeg,2026-09-09,Turtle_Bay,6,029A,,,,,,,,NGS,,,,,,806,1542,BTurf,10211
TB_090926_029A.jpeg,2026-09-09,Turtle_Bay,6,029A,,,,,,,,NGS,,,,,,785,1472,BTurf,10211
TB_090926_029A.jpeg,2026-09-09,Turtle_Bay,6,029A,,,,,,,,NGS,,,,,,865,1310,BTurf,10211
TB_090926_029A.jpeg,2026-09-09,Turtle_Bay,6,029A,,,,,,,,NGS,,,,,,815,1719,BTurf,10211
TB_090926_029A.jpeg,2026-09-09,Turtle_Bay,6,029A,,,,,,,,NGS,,,,,,658,1757,BEA,2533
TB_090926_029A.jpeg,2026-09-09,Turtle_Bay,6,029A,,,,,,,,NGS,,,,,,1248,571,BTurf,10211
TB_090926_029A.jpeg,2026-09-09,Turtle_Bay,6,029A,,,,,,,,NGS,,,,,,959,681,BEA,2533
TB_090926_029A.jpeg,2026-09-09,Turtle_Bay,6,029A,,,,,,,,NGS,,,,,,1103,890,BEA,2533
TB_090926_029A.jpeg,2026-09-09,Turtle_Bay,6,029A,,,,,,,,NGS,,,,,,1230,593,BTurf,10211
TB_090926_029A.jpeg,2026-09-09,Turtle_Bay,6,029A,,,,,,,,NGS,,,,,,1245,521,BTurf,10211
TB_090926_029A.jpeg,2026-09-09,Turtle_Bay,6,029A,,,,,,,,NGS,,,,,,1288,730,BTurf,10211
TB_090926_029A.jpeg,2026-09-09,Turtle_Bay,6,029A,,,,,,,,NGS,,,,,,1254,1204,BTurf,10211
TB_090926_029A.jpeg,2026-09-09,Turtle_Bay,6,029A,,,,,,,,NGS,,,,,,1175,1352,BTurf,10211
TB_090926_029A.jpeg,2026-09-09,Turtle_Bay,6,029A,,,,,,,,NGS,,,,,,997,1686,BTurf,10211
TB_090926_029A.jpeg,2026-09-09,Turtle_Bay,6,029A,,,,,,,,NGS,,,,,,1200,1587,BTurf,10211
TB_090926_029A.jpeg,2026-09-09,Turtle_Bay,6,029A,,,,,,,,NGS,,,,,,1245,1773,BTurf,10211
TB_090926_029A.jpeg,2026-09-09,Turtle_Bay,6,029A,,,,,,,,NGS,,,,,,1160,1749,BTurf,10211
TB_090926_029A.jpeg,2026-09-09,Turtle_Bay,6,029A,,,,,,,,NGS,,,,,,1077,1910,BTurf,10211
TB_090926_029A.jpeg,2026-09-09,Turtle_Bay,6,029A,,,,,,,,NGS,,,,,,1112,2013,BTurf,10211
TB_090926_029A.jpeg,2026-09-09,Turtle_Bay,6,029A,,,,,,,,NGS,,,,,,1485,166,BEA,2533
TB_090926_029A.jpeg,2026-09-09,Turtle_Bay,6,029A,,,,,,,,NGS,,,,,,1555,420,BEA,2533
TB_090926_029A.jpeg,2026-09-09,Turtle_Bay,6,029A,,,,,,,,NGS,,,,,,1662,345,BEA,2533
TB_090926_029A.jpeg,2026-09-09,Turtle_Bay,6,029A,,,,,,,,NGS,,,,,,1404,774,BTurf,10211
TB_090926_029A.jpeg,2026-09-09,Turtle_Bay,6,029A,,,,,,,,NGS,,,,,,1560,875,BTurf,10211
TB_090926_029A.jpeg,2026-09-09,Turtle_Bay,6,029A,,,,,,,,NGS,,,,,,1327,925,BEA,2533
TB_090926_029A.jpeg,2026-09-09,Turtle_Bay,6,029A,,,,,,,,NGS,,,,,,1672,1154,BEA,2533
TB_090926_029A.jpeg,2026-09-09,Turtle_Bay,6,029A,,,,,,,,NGS,,,,,,1685,1460,BTurf,10211
TB_090926_029A.jpeg,2026-09-09,Turtle_Bay,6,029A,,,,,,,,NGS,,,,,,1501,1489,BTurf,10211
TB_090926_029A.jpeg,2026-09-09,Turtle_Bay,6,029A,,,,,,,,NGS,,,,,,1457,1561,BTurf,10211
TB_090926_029A.jpeg,2026-09-09,Turtle_Bay,6,029A,,,,,,,,NGS,,,,,,1579,1620,BTurf,10211
TB_090926_029A.jpeg,2026-09-09,Turtle_Bay,6,029A,,,,,,,,NGS,,,,,,1352,1414,BTurf,10211
TB_090926_029A.jpeg,2026-09-09,Turtle_Bay,6,029A,,,,,,,,NGS,,,,,,1372,1462,BEA,2533
TB_090926_029A.jpeg,2026-09-09,Turtle_Bay,6,029A,,,,,,,,NGS,,,,,,1510,1932,BEA,2533
TB_090926_029A.jpeg,2026-09-09,Turtle_Bay,6,029A,,,,,,,,NGS,,,,,,1885,252,BEA,2533
TB_090926_029A.jpeg,2026-09-09,Turtle_Bay,6,029A,,,,,,,,NGS,,,,,,2075,386,BEA,2533
TB_090926_029A.jpeg,2026-09-09,Turtle_Bay,6,029A,,,,,,,,NGS,,,,,,1739,472,BEA,2533
TB_090926_029A.jpeg,2026-09-09,Turtle_Bay,6,029A,,,,,,,,NGS,,,,,,1810,693,BEA,2533
TB_090926_029A.jpeg,2026-09-09,Turtle_Bay,6,029A,,,,,,,,NGS,,,,,,2020,913,BEA,2533
TB_090926_029A.jpeg,2026-09-09,Turtle_Bay,6,029A,,,,,,,,NGS,,,,,,2007,1153,BTurf,10211
TB_090926_029A.jpeg,2026-09-09,Turtle_Bay,6,029A,,,,,,,,NGS,,,,,,1973,1433,BTurf,10211
TB_090926_029A.jpeg,2026-09-09,Turtle_Bay,6,029A,,,,,,,,NGS,,,,,,2026,1576,BEA,2533
TB_090926_029A.jpeg,2026-09-09,Turtle_Bay,6,029A,,,,,,,,NGS,,,,,,1895,1451,BEA,2533
TB_090926_029A.jpeg,2026-09-09,Turtle_Bay,6,029A,,,,,,,,NGS,,,,,,2133,1982,Outside,6910
TB_090926_029A.jpeg,2026-09-09,Turtle_Bay,6,029A,,,,,,,,NGS,,,,,,2089,1793,BEA,2533
TB_090926_030B.jpeg,2026-09-09,Turtle_Bay,6,030B,,,,,,,,NGS,,,,,,200,155,GEA,2534
TB_090926_030B.jpeg,2026-09-09,Turtle_Bay,6,030B,,,,,,,,NGS,,,,,,318,329,BTurf,10211
TB_090926_030B.jpeg,2026-09-09,Turtle_Bay,6,030B,,,,,,,,NGS,,,,,,291,95,BEA,2533
TB_090926_030B.jpeg,2026-09-09,Turtle_Bay,6,030B,,,,,,,,NGS,,,,,,136,532,BTurf,10211
TB_090926_030B.jpeg,2026-09-09,Turtle_Bay,6,030B,,,,,,,,NGS,,,,,,138,510,BTurf,10211
TB_090926_030B.jpeg,2026-09-09,Turtle_Bay,6,030B,,,,,,,,NGS,,,,,,106,426,BTurf,10211
TB_090926_030B.jpeg,2026-09-09,Turtle_Bay,6,030B,,,,,,,,NGS,,,,,,260,589,GEA,2534
TB_090926_030B.jpeg,2026-09-09,Turtle_Bay,6,030B,,,,,,,,NGS,,,,,,124,796,BTurf,10211
TB_090926_030B.jpeg,2026-09-09,Turtle_Bay,6,030B,,,,,,,,NGS,,,,,,134,819,BTurf,10211
TB_090926_030B.jpeg,2026-09-09,Turtle_Bay,6,030B,,,,,,,,NGS,,,,,,178,890,GEA,2534
TB_090926_030B.jpeg,2026-09-09,Turtle_Bay,6,030B,,,,,,,,NGS,,,,,,73,836,BTurf,10211
TB_090926_030B.jpeg,2026-09-09,Turtle_Bay,6,030B,,,,,,,,NGS,,,,,,190,650,BTurf,10211
TB_090926_030B.jpeg,2026-09-09,Turtle_Bay,6,030B,,,,,,,,NGS,,,,,,248,857,GEA,2534
TB_090926_030B.jpeg,2026-09-09,Turtle_Bay,6,030B,,,,,,,,NGS,,,,,,134,1149,GEA,2534
TB_090926_030B.jpeg,2026-09-09,Turtle_Bay,6,030B,,,,,,,,NGS,,,,,,480,112,BEA,2533
TB_090926_030B.jpeg,2026-09-09,Turtle_Bay,6,030B,,,,,,,,NGS,,,,,,492,297,GEA,2534
TB_090926_030B.jpeg,2026-09-09,Turtle_Bay,6,030B,,,,,,,,NGS,,,,,,466,189,GEA,2534
TB_090926_030B.jpeg,2026-09-09,Turtle_Bay,6,030B,,,,,,,,NGS,,,,,,498,186,BEA,2533
TB_090926_030B.jpeg,2026-09-09,Turtle_Bay,6,030B,,,,,,,,NGS,,,,,,356,84,BEA,2533
TB_090926_030B.jpeg,2026-09-09,Turtle_Bay,6,030B,,,,,,,,NGS,,,,,,336,317,BTurf,10211
TB_090926_030B.jpeg,2026-09-09,Turtle_Bay,6,030B,,,,,,,,NGS,,,,,,513,395,GEA,2534
TB_090926_030B.jpeg,2026-09-09,Turtle_Bay,6,030B,,,,,,,,NGS,,,,,,541,802,GEA,2534
TB_090926_030B.jpeg,2026-09-09,Turtle_Bay,6,030B,,,,,,,,NGS,,,,,,492,889,BEA,2533
TB_090926_030B.jpeg,2026-09-09,Turtle_Bay,6,030B,,,,,,,,NGS,,,,,,491,1154,GEA,2534
TB_090926_030B.jpeg,2026-09-09,Turtle_Bay,6,030B,,,,,,,,NGS,,,,,,566,898,BEA,2533
TB_090926_030B.jpeg,2026-09-09,Turtle_Bay,6,030B,,,,,,,,NGS,,,,,,453,1093,BEA,2533
TB_090926_030B.jpeg,2026-09-09,Turtle_Bay,6,030B,,,,,,,,NGS,,,,,,508,1147,GEA,2534
TB_090926_030B.jpeg,2026-09-09,Turtle_Bay,6,030B,,,,,,,,NGS,,,,,,473,949,GEA,2534
TB_090926_030B.jpeg,2026-09-09,Turtle_Bay,6,030B,,,,,,,,NGS,,,,,,383,1074,BEA,2533
TB_090926_030B.jpeg,2026-09-09,Turtle_Bay,6,030B,,,,,,,,NGS,,,,,,513,1272,BEA,2533
TB_090926_030B.jpeg,2026-09-09,Turtle_Bay,6,030B,,,,,,,,NGS,,,,,,542,1436,BTurf,10211
TB_090926_030B.jpeg,2026-09-09,Turtle_Bay,6,030B,,,,,,,,NGS,,,,,,406,1245,GEA,2534
TB_090926_030B.jpeg,2026-09-09,Turtle_Bay,6,030B,,,,,,,,NGS,,,,,,691,126,BEA,2533
TB_090926_030B.jpeg,2026-09-09,Turtle_Bay,6,030B,,,,,,,,NGS,,,,,,847,274,BEA,2533
TB_090926_030B.jpeg,2026-09-09,Turtle_Bay,6,030B,,,,,,,,NGS,,,,,,853,567,BEA,2533
TB_090926_030B.jpeg,2026-09-09,Turtle_Bay,6,030B,,,,,,,,NGS,,,,,,731,548,BTurf,10211
TB_090926_030B.jpeg,2026-09-09,Turtle_Bay,6,030B,,,,,,,,NGS,,,,,,679,522,BTurf,10211
TB_090926_030B.jpeg,2026-09-09,Turtle_Bay,6,030B,,,,,,,,NGS,,,,,,639,863,GEA,2534
TB_090926_030B.jpeg,2026-09-09,Turtle_Bay,6,030B,,,,,,,,NGS,,,,,,780,886,GEA,2534
TB_090926_030B.jpeg,2026-09-09,Turtle_Bay,6,030B,,,,,,,,NGS,,,,,,756,1010,GEA,2534
TB_090926_030B.jpeg,2026-09-09,Turtle_Bay,6,030B,,,,,,,,NGS,,,,,,605,899,GEA,2534
TB_090926_030B.jpeg,2026-09-09,Turtle_Bay,6,030B,,,,,,,,NGS,,,,,,718,993,BTurf,10211
TB_090926_030B.jpeg,2026-09-09,Turtle_Bay,6,030B,,,,,,,,NGS,,,,,,808,1025,GEA,2534
TB_090926_030B.jpeg,2026-09-09,Turtle_Bay,6,030B,,,,,,,,NGS,,,,,,623,1372,BEA,2533
TB_090926_030B.jpeg,2026-09-09,Turtle_Bay,6,030B,,,,,,,,NGS,,,,,,646,1332,BEA,2533
TB_090926_030B.jpeg,2026-09-09,Turtle_Bay,6,030B,,,,,,,,NGS,,,,,,898,247,BTurf,10211
TB_090926_030B.jpeg,2026-09-09,Turtle_Bay,6,030B,,,,,,,,NGS,,,,,,985,254,BTurf,10211
TB_090926_030B.jpeg,2026-09-09,Turtle_Bay,6,030B,,,,,,,,NGS,,,,,,1051,277,BTurf,10211
TB_090926_030B.jpeg,2026-09-09,Turtle_Bay,6,030B,,,,,,,,NGS,,,,,,946,253,BTurf,10211
TB_090926_030B.jpeg,2026-09-09,Turtle_Bay,6,030B,,,,,,,,NGS,,,,,,1095,83,BTurf,10211
TB_090926_030B.jpeg,2026-09-09,Turtle_Bay,6,030B,,,,,,,,NGS,,,,,,1056,457,BEA,2533
TB_090926_030B.jpeg,2026-09-09,Turtle_Bay,6,030B,,,,,,,,NGS,,,,,,1011,736,BTurf,10211
TB_090926_030B.jpeg,2026-09-09,Turtle_Bay,6,030B,,,,,,,,NGS,,,,,,1040,749,BTurf,10211
TB_090926_030B.jpeg,2026-09-09,Turtle_Bay,6,030B,,,,,,,,NGS,,,,,,1029,1094,BTurf,10211
TB_090926_030B.jpeg,2026-09-09,Turtle_Bay,6,030B,,,,,,,,NGS,,,,,,996,953,BEA,2533
TB_090926_030B.jpeg,2026-09-09,Turtle_Bay,6,030B,,,,,,,,NGS,,,,,,910,966,GEA,2534
TB_090926_030B.jpeg,2026-09-09,Turtle_Bay,6,030B,,,,,,,,NGS,,,,,,924,1437,BEA,2533
TB_090926_030B.jpeg,2026-09-09,Turtle_Bay,6,030B,,,,,,,,NGS,,,,,,990,1242,GEA,2534
TB_090926_030B.jpeg,2026-09-09,Turtle_Bay,6,030B,,,,,,,,NGS,,,,,,1315,269,BEA,2533
TB_090926_030B.jpeg,2026-09-09,Turtle_Bay,6,030B,,,,,,,,NGS,,,,,,1295,305,BTurf,10211
TB_090926_030B.jpeg,2026-09-09,Turtle_Bay,6,030B,,,,,,,,NGS,,,,,,1263,107,BEA,2533
TB_090926_030B.jpeg,2026-09-09,Turtle_Bay,6,030B,,,,,,,,NGS,,,,,,1307,380,BEA,2533
TB_090926_030B.jpeg,2026-09-09,Turtle_Bay,6,030B,,,,,,,,NGS,,,,,,1208,450,BEA,2533
TB_090926_030B.jpeg,2026-09-09,Turtle_Bay,6,030B,,,,,,,,NGS,,,,,,1188,594,BTurf,10211
TB_090926_030B.jpeg,2026-09-09,Turtle_Bay,6,030B,,,,,,,,NGS,,,,,,1229,820,GEA,2534
TB_090926_030B.jpeg,2026-09-09,Turtle_Bay,6,030B,,,,,,,,NGS,,,,,,1218,1055,BTurf,10211
TB_090926_030B.jpeg,2026-09-09,Turtle_Bay,6,030B,,,,,,,,NGS,,,,,,1170,969,BEA,2533
TB_090926_030B.jpeg,2026-09-09,Turtle_Bay,6,030B,,,,,,,,NGS,,,,,,1279,978,BEA,2533
TB_090926_030B.jpeg,2026-09-09,Turtle_Bay,6,030B,,,,,,,,NGS,,,,,,1133,1211,BEA,2533
TB_090926_030B.jpeg,2026-09-09,Turtle_Bay,6,030B,,,,,,,,NGS,,,,,,1187,1329,BEA,2533
TB_090926_030B.jpeg,2026-09-09,Turtle_Bay,6,030B,,,,,,,,NGS,,,,,,1192,1201,BEA,2533
TB_090926_030B.jpeg,2026-09-09,Turtle_Bay,6,030B,,,,,,,,NGS,,,,,,1199,1169,BEA,2533
TB_090926_030B.jpeg,2026-09-09,Turtle_Bay,6,030B,,,,,,,,NGS,,,,,,1158,1267,BEA,2533
TB_090926_030B.jpeg,2026-09-09,Turtle_Bay,6,030B,,,,,,,,NGS,,,,,,1254,1377,GEA,2534
TB_090926_030B.jpeg,2026-09-09,Turtle_Bay,6,030B,,,,,,,,NGS,,,,,,1363,1390,BEA,2533
