Name,Date,Site,Timepoint,Tile ID,Aux4,Aux5,Row,Column,Label code
TB_090926_001A.jpeg,2026-09-09,Turtle_Bay,6,001A,,,180,357,BTurf
TB_090926_001A.jpeg,2026-09-09,Turtle_Bay,6,001A,,,382,132,BTurf
TB_090926_001A.jpeg,2026-09-09,Turtle_Bay,6,001A,,,368,815,BTurf
TB_090926_001A.jpeg,2026-09-09,Turtle_Bay,6,001A,,,411,505,BTurf
TB_090926_001A.jpeg,2026-09-09,Turtle_Bay,6,001A,,,409,690,BTurf
TB_090926_001A.jpeg,2026-09-09,Turtle_Bay,6,001A,,,224,998,BTurf
TB_090926_001A.jpeg,2026-09-09,Turtle_Bay,6,001A,,,344,960,BTurf
TB_090926_001A.jpeg,2026-09-09,Turtle_Bay,6,001A,,,238,898,BTurf
TB_090926_001A.jpeg,2026-09-09,Turtle_Bay,6,001A,,,328,880,BTurf
TB_090926_001A.jpeg,2026-09-09,Turtle_Bay,6,001A,,,417,1040,BTurf
TB_090926_001A.jpeg,2026-09-09,Turtle_Bay,6,001A,,,351,1457,BTurf
TB_090926_001A.jpeg,2026-09-09,Turtle_Bay,6,001A,,,356,1386,BTurf
TB_090926_001A.jpeg,2026-09-09,Turtle_Bay,6,001A,,,283,1505,BTurf
TB_090926_001A.jpeg,2026-09-09,Turtle_Bay,6,001A,,,151,1246,BTurf
TB_090926_001A.jpeg,2026-09-09,Turtle_Bay,6,001A,,,222,1440,BTurf
TB_090926_001A.jpeg,2026-09-09,Turtle_Bay,6,001A,,,216,1870,BTurf
TB_090926_001A.jpeg,2026-09-09,Turtle_Bay,6,001A,,,331,1670,BTurf
TB_090926_001A.jpeg,2026-09-09,Turtle_Bay,6,001A,,,748,186,BTurf
TB_090926_001A.jpeg,2026-09-09,Turtle_Bay,6,001A,,,803,224,BEA
TB_090926_001A.jpeg,2026-09-09,Turtle_Bay,6,001A,,,471,534,BTurf
TB_090926_001A.jpeg,2026-09-09,Turtle_Bay,6,001A,,,730,805,BTurf
TB_090926_001A.jpeg,2026-09-09,Turtle_Bay,6,001A,,,644,714,BTurf
TB_090926_001A.jpeg,2026-09-09,Turtle_Bay,6,001A,,,676,999,BTurf
TB_090926_001A.jpeg,2026-09-09,Turtle_Bay,6,001A,,,466,1091,BTurf
TB_090926_001A.jpeg,2026-09-09,Turtle_Bay,6,001A,,,644,1009,BTurf
TB_090926_001A.jpeg,2026-09-09,Turtle_Bay,6,001A,,,716,1156,BTurf
TB_090926_001A.jpeg,2026-09-09,Turtle_Bay,6,001A,,,745,1425,BTurf
TB_090926_001A.jpeg,2026-09-09,Turtle_Bay,6,001A,,,614,1445,BTurf
TB_090926_001A.jpeg,2026-09-09,Turtle_Bay,6,001A,,,501,1262,BTurf
TB_090926_001A.jpeg,2026-09-09,Turtle_Bay,6,001A,,,520,1248,BTurf
TB_090926_001A.jpeg,2026-09-09,Turtle_Bay,6,001A,,,532,1402,BTurf
TB_090926_001A.jpeg,2026-09-09,Turtle_Bay,6,001A,,,712,1768,BTurf
TB_090926_001A.jpeg,2026-09-09,Turtle_Bay,6,001A,,,567,1576,BTurf
TB_090926_001A.jpeg,2026-09-09,Turtle_Bay,6,001A,,,772,1722,BTurf
TB_090926_001A.jpeg,2026-09-09,Turtle_Bay,6,001A,,,454,1712,BTurf
TB_090926_001A.jpeg,2026-09-09,Turtle_Bay,6,001A,,,866,249,BEA
TB_090926_001A.jpeg,2026-09-09,Turtle_Bay,6,001A,,,1012,353,BTurf
TB_090926_001A.jpeg,2026-09-09,Turtle_Bay,6,001A,,,916,289,BTurf
TB_090926_001A.jpeg,2026-09-09,Turtle_Bay,6,001A,,,1035,487,BTurf
TB_090926_001A.jpeg,2026-09-09,Turtle_Bay,6,001A,,,909,472,BTurf
TB_090926_001A.jpeg,2026-09-09,Turtle_Bay,6,001A,,,1065,786,BTurf
TB_090926_001A.jpeg,2026-09-09,Turtle_Bay,6,001A,,,1000,880,BTurf
TB_090926_001A.jpeg,2026-09-09,Turtle_Bay,6,001A,,,1101,984,BTurf
TB_090926_001A.jpeg,2026-09-09,Turtle_Bay,6,001A,,,1095,1340,BTurf
TB_090926_001A.jpeg,2026-09-09,Turtle_Bay,6,001A,,,1049,1209,BTurf
TB_090926_001A.jpeg,2026-09-09,Turtle_Bay,6,001A,,,849,1543,BTurf
TB_090926_001A.jpeg,2026-09-09,Turtle_Bay,6,001A,,,937,1635,BTurf
TB_090926_001A.jpeg,2026-09-09,Turtle_Bay,6,001A,,,827,1878,BTurf
TB_090926_001A.jpeg,2026-09-09,Turtle_Bay,6,001A,,,1084,1638,BTurf
TB_090926_001A.jpeg,2026-09-09,Turtle_Bay,6,001A,,,1166,154,BTurf
TB_090926_001A.jpeg,2026-09-09,Turtle_Bay,6,001A,,,1406,241,BTurf
TB_090926_001A.jpeg,2026-09-09,Turtle_Bay,6,001A,,,1446,196,Unk
TB_090926_001A.jpeg,2026-09-09,Turtle_Bay,6,001A,,,1509,428,BTurf
TB_090926_001A.jpeg,2026-09-09,Turtle_Bay,6,001A,,,1398,635,BTurf
TB_090926_001A.jpeg,2026-09-09,Turtle_Bay,6,001A,,,1241,495,BTurf
TB_090926_001A.jpeg,2026-09-09,Turtle_Bay,6,001A,,,1421,680,BTurf
TB_090926_001A.jpeg,2026-09-09,Turtle_Bay,6,001A,,,1194,576,BTurf
TB_090926_001A.jpeg,2026-09-09,Turtle_Bay,6,001A,,,1485,637,BTurf
TB_090926_001A.jpeg,2026-09-09,Turtle_Bay,6,001A,,,1334,808,BTurf
TB_090926_001A.jpeg,2026-09-09,Turtle_Bay,6,001A,,,1400,853,BTurf
TB_090926_001A.jpeg,2026-09-09,Turtle_Bay,6,001A,,,1504,957,BTurf
TB_090926_001A.jpeg,2026-09-09,Turtle_Bay,6,001A,,,1214,892,BTurf
TB_090926_001A.jpeg,2026-09-09,Turtle_Bay,6,001A,,,1315,912,BTurf
TB_090926_001A.jpeg,2026-09-09,Turtle_Bay,6,001A,,,1372,1099,BTurf
TB_090926_001A.jpeg,2026-09-09,Turtle_Bay,6,001A,,,1268,1783,BTurf
TB_090926_001A.jpeg,2026-09-09,Turtle_Bay,6,001A,,,1245,1711,BTurf
TB_090926_001A.jpeg,2026-09-09,Turtle_Bay,6,001A,,,1289,1800,BTurf
TB_090926_001A.jpeg,2026-09-09,Turtle_Bay,6,001A,,,1342,1911,BTurf
TB_090926_001A.jpeg,2026-09-09,Turtle_Bay,6,001A,,,1582,103,BEA
TB_090926_001A.jpeg,2026-09-09,Turtle_Bay,6,001A,,,1658,250,BEA
TB_090926_001A.jpeg,2026-09-09,Turtle_Bay,6,001A,,,1711,244,BEA
TB_090926_001A.jpeg,2026-09-09,Turtle_Bay,6,001A,,,1839,888,BTurf
TB_090926_001A.jpeg,2026-09-09,Turtle_Bay,6,001A,,,1759,1822,BTurf
TB_090926_001A.jpeg,2026-09-09,Turtle_Bay,6,001A,,,1633,1820,BTurf
TB_090926_001A.jpeg,2026-09-09,Turtle_Bay,6,001A,,,1522,1786,BTurf
TB_090926_001B.jpeg,2026-09-09,Turtle_Bay,6,001B,,,328,161,BTurf
TB_090926_001B.jpeg,2026-09-09,Turtle_Bay,6,001B,,,191,264,BTurf
TB_090926_001B.jpeg,2026-09-09,Turtle_Bay,6,001B,,,242,211,BTurf
TB_090926_001B.jpeg,2026-09-09,Turtle_Bay,6,001B,,,491,718,BTurf
TB_090926_001B.jpeg,2026-09-09,Turtle_Bay,6,001B,,,300,642,BTurf
TB_090926_001B.jpeg,2026-09-09,Turtle_Bay,6,001B,,,123,995,BTurf
TB_090926_001B.jpeg,2026-09-09,Turtle_Bay,6,001B,,,290,1665,BTurf
TB_090926_001B.jpeg,2026-09-09,Turtle_Bay,6,001B,,,432,1656,BTurf
TB_090926_001B.jpeg,2026-09-09,Turtle_Bay,6,001B,,,451,1562,BTurf
TB_090926_001B.jpeg,2026-09-09,Turtle_Bay,6,001B,,,452,1409,BTurf
TB_090926_001B.jpeg,2026-09-09,Turtle_Bay,6,001B,,,252,2114,BTurf
TB_090926_001B.jpeg,2026-09-09,Turtle_Bay,6,001B,,,151,2006,BTurf
TB_090926_001B.jpeg,2026-09-09,Turtle_Bay,6,001B,,,242,1949,BTurf
TB_090926_001B.jpeg,2026-09-09,Turtle_Bay,6,001B,,,392,1765,BTurf
TB_090926_001B.jpeg,2026-09-09,Turtle_Bay,6,001B,,,368,1882,BTurf
TB_090926_001B.jpeg,2026-09-09,Turtle_Bay,6,001B,,,538,402,BTurf
TB_090926_001B.jpeg,2026-09-09,Turtle_Bay,6,001B,,,543,357,BEA
TB_090926_001B.jpeg,2026-09-09,Turtle_Bay,6,001B,,,910,518,BTurf
TB_090926_001B.jpeg,2026-09-09,Turtle_Bay,6,001B,,,697,920,ABREV
TB_090926_001B.jpeg,2026-09-09,Turtle_Bay,6,001B,,,760,1082,BTurf
TB_090926_001B.jpeg,2026-09-09,Turtle_Bay,6,001B,,,866,1374,BTurf
TB_090926_001B.jpeg,2026-09-09,Turtle_Bay,6,001B,,,712,1409,BTurf
TB_090926_001B.jpeg,2026-09-09,Turtle_Bay,6,001B,,,647,1326,BTurf
TB_090926_001B.jpeg,2026-09-09,Turtle_Bay,6,001B,,,851,1770,ABREV
TB_090926_001B.jpeg,2026-09-09,Turtle_Bay,6,001B,,,814,1973,BTurf
TB_090926_001B.jpeg,2026-09-09,Turtle_Bay,6,001B,,,715,1901,BTurf
TB_090926_001B.jpeg,2026-09-09,Turtle_Bay,6,001B,,,669,1747,BTurf
TB_090926_001B.jpeg,2026-09-09,Turtle_Bay,6,001B,,,701,1935,BTurf
TB_090926_001B.jpeg,2026-09-09,Turtle_Bay,6,001B,,,1156,218,BTurf
TB_090926_001B.jpeg,2026-09-09,Turtle_Bay,6,001B,,,1330,342,BTurf
TB_090926_001B.jpeg,2026-09-09,Turtle_Bay,6,001B,,,1110,947,BTurf
TB_090926_001B.jpeg,2026-09-09,Turtle_Bay,6,001B,,,1008,1120,BTurf
TB_090926_001B.jpeg,2026-09-09,Turtle_Bay,6,001B,,,1142,1266,BTurf
TB_090926_001B.jpeg,2026-09-09,Turtle_Bay,6,001B,,,1188,1561,BTurf
TB_090926_001B.jpeg,2026-09-09,Turtle_Bay,6,001B,,,1324,1909,BTurf
TB_090926_001B.jpeg,2026-09-09,Turtle_Bay,6,001B,,,1289,2055,BTurf
TB_090926_001B.jpeg,2026-09-09,Turtle_Bay,6,001B,,,1158,1969,BTurf
TB_090926_001B.jpeg,2026-09-09,Turtle_Bay,6,001B,,,1044,1965,BTurf
TB_090926_001B.jpeg,2026-09-09,Turtle_Bay,6,001B,,,1027,1761,ABREV
TB_090926_001B.jpeg,2026-09-09,Turtle_Bay,6,001B,,,1098,1908,BTurf
TB_090926_001B.jpeg,2026-09-09,Turtle_Bay,6,001B,,,1007,1838,BTurf
TB_090926_001B.jpeg,2026-09-09,Turtle_Bay,6,001B,,,1737,210,BTurf
TB_090926_001B.jpeg,2026-09-09,Turtle_Bay,6,001B,,,1466,193,BTurf
TB_090926_001B.jpeg,2026-09-09,Turtle_Bay,6,001B,,,1412,536,BTurf
TB_090926_001B.jpeg,2026-09-09,Turtle_Bay,6,001B,,,1739,826,BTurf
TB_090926_001B.jpeg,2026-09-09,Turtle_Bay,6,001B,,,1657,797,BTurf
TB_090926_001B.jpeg,2026-09-09,Turtle_Bay,6,001B,,,1382,1281,BTurf
TB_090926_001B.jpeg,2026-09-09,Turtle_Bay,6,001B,,,1613,1108,BTurf
TB_090926_001B.jpeg,2026-09-09,Turtle_Bay,6,001B,,,1708,1028,BTurf
TB_090926_001B.jpeg,2026-09-09,Turtle_Bay,6,001B,,,1479,1695,BTurf
TB_090926_001B.jpeg,2026-09-09,Turtle_Bay,6,001B,,,1699,1419,BTurf
TB_090926_001B.jpeg,2026-09-09,Turtle_Bay,6,001B,,,1587,1987,BTurf
TB_090926_001B.jpeg,2026-09-09,Turtle_Bay,6,001B,,,1708,1960,BTurf
TB_090926_001B.jpeg,2026-09-09,Turtle_Bay,6,001B,,,1585,1862,BTurf
TB_090926_001B.jpeg,2026-09-09,Turtle_Bay,6,001B,,,1537,1968,BTurf
TB_090926_001B.jpeg,2026-09-09,Turtle_Bay,6,001B,,,1486,2039,BTurf
TB_090926_001B.jpeg,2026-09-09,Turtle_Bay,6,001B,,,1640,1971,BTurf
TB_090926_001B.jpeg,2026-09-09,Turtle_Bay,6,001B,,,1498,1798,BTurf
TB_090926_001B.jpeg,2026-09-09,Turtle_Bay,6,001B,,,1460,2112,BTurf
TB_090926_001B.jpeg,2026-09-09,Turtle_Bay,6,001B,,,1387,1746,BTurf
TB_090926_001B.jpeg,2026-09-09,Turtle_Bay,6,001B,,,1963,359,BTurf
TB_090926_001B.jpeg,2026-09-09,Turtle_Bay,6,001B,,,1976,310,BTurf
TB_090926_001B.jpeg,2026-09-09,Turtle_Bay,6,001B,,,1913,185,BTurf
TB_090926_001B.jpeg,2026-09-09,Turtle_Bay,6,001B,,,2085,792,BTurf
TB_090926_001B.jpeg,2026-09-09,Turtle_Bay,6,001B,,,1752,1111,BTurf
TB_090926_001B.jpeg,2026-09-09,Turtle_Bay,6,001B,,,2005,1235,BTurf
TB_090926_001B.jpeg,2026-09-09,Turtle_Bay,6,001B,,,2106,1593,BTurf
TB_090926_001B.jpeg,2026-09-09,Turtle_Bay,6,001B,,,1856,1633,BTurf
TB_090926_001B.jpeg,2026-09-09,Turtle_Bay,6,001B,,,1930,1466,BTurf
TB_090926_001B.jpeg,2026-09-09,Turtle_Bay,6,001B,,,2029,1558,BTurf
TB_090926_001B.jpeg,2026-09-09,Turtle_Bay,6,001B,,,1882,1945,ABREV
TB_090926_001B.jpeg,2026-09-09,Turtle_Bay,6,001B,,,1923,1957,BTurf
TB_090926_001B.jpeg,2026-09-09,Turtle_Bay,6,001B,,,1841,1822,BTurf
TB_090926_001B.jpeg,2026-09-09,Turtle_Bay,6,001B,,,1879,2046,BTurf
TB_090926_001B.jpeg,2026-09-09,Turtle_Bay,6,001B,,,2080,1785,BTurf
TB_090926_002B.jpeg,2026-09-09,Turtle_Bay,6,002B,,,238,438,GEA
TB_090926_002B.jpeg,2026-09-09,Turtle_Bay,6,002B,,,294,500,GEA
TB_090926_002B.jpeg,2026-09-09,Turtle_Bay,6,002B,,,344,216,GEA
TB_090926_002B.jpeg,2026-09-09,Turtle_Bay,6,002B,,,274,602,GEA
TB_090926_002B.jpeg,2026-09-09,Turtle_Bay,6,002B,,,448,670,BEA
TB_090926_002B.jpeg,2026-09-09,Turtle_Bay,6,002B,,,380,532,GEA
TB_090926_002B.jpeg,2026-09-09,Turtle_Bay,6,002B,,,259,833,BEA
TB_090926_002B.jpeg,2026-09-09,Turtle_Bay,6,002B,,,220,894,GEA
TB_090926_002B.jpeg,2026-09-09,Turtle_Bay,6,002B,,,177,976,GEA
TB_090926_002B.jpeg,2026-09-09,Turtle_Bay,6,002B,,,495,1285,BEA
TB_090926_002B.jpeg,2026-09-09,Turtle_Bay,6,002B,,,397,899,BEA
TB_090926_002B.jpeg,2026-09-09,Turtle_Bay,6,002B,,,318,1323,GEA
TB_090926_002B.jpeg,2026-09-09,Turtle_Bay,6,002B,,,118,1409,BTurf
TB_090926_002B.jpeg,2026-09-09,Turtle_Bay,6,002B,,,172,1466,BTurf
TB_090926_002B.jpeg,2026-09-09,Turtle_Bay,6,002B,,,453,1507,BEA
TB_090926_002B.jpeg,2026-09-09,Turtle_Bay,6,002B,,,345,1986,BTurf
TB_090926_002B.jpeg,2026-09-09,Turtle_Bay,6,002B,,,298,1808,BTurf
TB_090926_002B.jpeg,2026-09-09,Turtle_Bay,6,002B,,,396,2049,BEA
TB_090926_002B.jpeg,2026-09-09,Turtle_Bay,6,002B,,,657,427,BEA
TB_090926_002B.jpeg,2026-09-09,Turtle_Bay,6,002B,,,669,223,GEA
TB_090926_002B.jpeg,2026-09-09,Turtle_Bay,6,002B,,,591,680,BEA
TB_090926_002B.jpeg,2026-09-09,Turtle_Bay,6,002B,,,646,1018,BTurf
TB_090926_002B.jpeg,2026-09-09,Turtle_Bay,6,002B,,,739,1197,BTurf
TB_090926_002B.jpeg,2026-09-09,Turtle_Bay,6,002B,,,689,1111,BTurf
TB_090926_002B.jpeg,2026-09-09,Turtle_Bay,6,002B,,,843,1418,BTurf
TB_090926_002B.jpeg,2026-09-09,Turtle_Bay,6,002B,,,633,1648,GEA
TB_090926_002B.jpeg,2026-09-09,Turtle_Bay,6,002B,,,687,1644,GEA
TB_090926_002B.jpeg,2026-09-09,Turtle_Bay,6,002B,,,794,1546,BTurf
TB_090926_002B.jpeg,2026-09-09,Turtle_Bay,6,002B,,,572,2039,BTurf
TB_090926_002B.jpeg,2026-09-09,Turtle_Bay,6,002B,,,534,1760,GEA
TB_090926_002B.jpeg,2026-09-09,Turtle_Bay,6,002B,,,766,1781,BTurf
TB_090926_002B.jpeg,2026-09-09,Turtle_Bay,6,002B,,,518,1719,GEA
TB_090926_002B.jpeg,2026-09-09,Turtle_Bay,6,002B,,,933,190,GEA
TB_090926_002B.jpeg,2026-09-09,Turtle_Bay,6,002B,,,1186,331,BTurf
TB_090926_002B.jpeg,2026-09-09,Turtle_Bay,6,002B,,,1155,470,GEA
TB_090926_002B.jpeg,2026-09-09,Turtle_Bay,6,002B,,,1276,855,BEA
TB_090926_002B.jpeg,2026-09-09,Turtle_Bay,6,002B,,,921,637,BTurf
TB_090926_002B.jpeg,2026-09-09,Turtle_Bay,6,002B,,,1003,719,BTurf
TB_090926_002B.jpeg,2026-09-09,Turtle_Bay,6,002B,,,1201,1441,BTurf
TB_090926_002B.jpeg,2026-09-09,Turtle_Bay,6,002B,,,947,1374,BTurf
TB_090926_002B.jpeg,2026-09-09,Turtle_Bay,6,002B,,,978,1607,BTurf
TB_090926_002B.jpeg,2026-09-09,Turtle_Bay,6,002B,,,1103,1423,BTurf
TB_090926_002B.jpeg,2026-09-09,Turtle_Bay,6,002B,,,1023,1842,BTurf
TB_090926_002B.jpeg,2026-09-09,Turtle_Bay,6,002B,,,1062,2060,BTurf
TB_090926_002B.jpeg,2026-09-09,Turtle_Bay,6,002B,,,1367,627,GEA
TB_090926_002B.jpeg,2026-09-09,Turtle_Bay,6,002B,,,1370,774,GEA
TB_090926_002B.jpeg,2026-09-09,Turtle_Bay,6,002B,,,1493,917,BTurf
TB_090926_002B.jpeg,2026-09-09,Turtle_Bay,6,002B,,,1646,1038,BTurf
TB_090926_002B.jpeg,2026-09-09,Turtle_Bay,6,002B,,,1332,1125,BEA
TB_090926_002B.jpeg,2026-09-09,Turtle_Bay,6,002B,,,1684,1181,BTurf
TB_090926_002B.jpeg,2026-09-09,Turtle_Bay,6,002B,,,1590,1216,BTurf
TB_090926_002B.jpeg,2026-09-09,Turtle_Bay,6,002B,,,1337,923,BTurf
TB_090926_002B.jpeg,2026-09-09,Turtle_Bay,6,002B,,,1576,1234,BTurf
TB_090926_002B.jpeg,2026-09-09,Turtle_Bay,6,002B,,,1575,1345,BEA
TB_090926_002B.jpeg,2026-09-09,Turtle_Bay,6,002B,,,1460,1421,BEA
TB_090926_002B.jpeg,2026-09-09,Turtle_Bay,6,002B,,,1495,1630,BEA
TB_090926_002B.jpeg,2026-09-09,Turtle_Bay,6,002B,,,1652,1576,BEA
TB_090926_002B.jpeg,2026-09-09,Turtle_Bay,6,002B,,,1369,2020,BEA
TB_090926_002B.jpeg,2026-09-09,Turtle_Bay,6,002B,,,1365,1987,BTurf
TB_090926_002B.jpeg,2026-09-09,Turtle_Bay,6,002B,,,1879,435,BTurf
TB_090926_002B.jpeg,2026-09-09,Turtle_Bay,6,002B,,,1787,358,BEA
TB_090926_002B.jpeg,2026-09-09,Turtle_Bay,6,002B,,,1791,855,GEA
TB_090926_002B.jpeg,2026-09-09,Turtle_Bay,6,002B,,,2010,635,GEA
TB_090926_002B.jpeg,2026-09-09,Turtle_Bay,6,002B,,,1932,819,GEA
TB_090926_002B.jpeg,2026-09-09,Turtle_Bay,6,002B,,,1868,748,GEA
TB_090926_002B.jpeg,2026-09-09,Turtle_Bay,6,002B,,,1908,959,BEA
TB_090926_002B.jpeg,2026-09-09,Turtle_Bay,6,002B,,,2068,923,BEA
TB_090926_002B.jpeg,2026-09-09,Turtle_Bay,6,002B,,,1892,927,BEA
TB_090926_002B.jpeg,2026-09-09,Turtle_Bay,6,002B,,,1768,917,BEA
TB_090926_002B.jpeg,2026-09-09,Turtle_Bay,6,002B,,,1735,1659,GEA
TB_090926_002B.jpeg,2026-09-09,Turtle_Bay,6,002B,,,1978,1555,BEA
TB_090926_002B.jpeg,2026-09-09,Turtle_Bay,6,002B,,,1972,1400,BTurf
TB_090926_002B.jpeg,2026-09-09,Turtle_Bay,6,002B,,,1948,2045,BEA
TB_090926_002B.jpeg,2026-09-09,Turtle_Bay,6,002B,,,2085,1733,BEA
TB_090926_002B.jpeg,2026-09-09,Turtle_Bay,6,002B,,,1845,2038,BTurf
TB_090926_003A.jpeg,2026-09-09,Turtle_Bay,6,003A,,,200,479,BTurf
TB_090926_003A.jpeg,2026-09-09,Turtle_Bay,6,003A,,,240,333,BTurf
TB_090926_003A.jpeg,2026-09-09,Turtle_Bay,6,003A,,,441,270,BTurf
TB_090926_003A.jpeg,2026-09-09,Turtle_Bay,6,003A,,,282,1114,BTurf
TB_090926_003A.jpeg,2026-09-09,Turtle_Bay,6,003A,,,493,1583,BTurf
TB_090926_003A.jpeg,2026-09-09,Turtle_Bay,6,003A,,,240,1471,BTurf
TB_090926_003A.jpeg,2026-09-09,Turtle_Bay,6,003A,,,153,1346,BEA
TB_090926_003A.jpeg,2026-09-09,Turtle_Bay,6,003A,,,239,1697,BEA
TB_090926_003A.jpeg,2026-09-09,Turtle_Bay,6,003A,,,116,1730,BTurf
TB_090926_003A.jpeg,2026-09-09,Turtle_Bay,6,003A,,,500,1920,BTurf
TB_090926_003A.jpeg,2026-09-09,Turtle_Bay,6,003A,,,309,1732,BTurf
TB_090926_003A.jpeg,2026-09-09,Turtle_Bay,6,003A,,,239,1963,BTurf
TB_090926_003A.jpeg,2026-09-09,Turtle_Bay,6,003A,,,529,403,BTurf
TB_090926_003A.jpeg,2026-09-09,Turtle_Bay,6,003A,,,853,318,BTurf
TB_090926_003A.jpeg,2026-09-09,Turtle_Bay,6,003A,,,734,452,BTurf
TB_090926_003A.jpeg,2026-09-09,Turtle_Bay,6,003A,,,813,242,BTurf
TB_090926_003A.jpeg,2026-09-09,Turtle_Bay,6,003A,,,772,321,BTurf
TB_090926_003A.jpeg,2026-09-09,Turtle_Bay,6,003A,,,909,717,BTurf
TB_090926_003A.jpeg,2026-09-09,Turtle_Bay,6,003A,,,856,780,BTurf
TB_090926_003A.jpeg,2026-09-09,Turtle_Bay,6,003A,,,845,768,BTurf
TB_090926_003A.jpeg,2026-09-09,Turtle_Bay,6,003A,,,579,554,BTurf
TB_090926_003A.jpeg,2026-09-09,Turtle_Bay,6,003A,,,719,1028,BTurf
TB_090926_003A.jpeg,2026-09-09,Turtle_Bay,6,003A,,,526,998,BTurf
TB_090926_003A.jpeg,2026-09-09,Turtle_Bay,6,003A,,,864,981,ABREV
TB_090926_003A.jpeg,2026-09-09,Turtle_Bay,6,003A,,,741,983,BTurf
TB_090926_003A.jpeg,2026-09-09,Turtle_Bay,6,003A,,,901,1357,BTurf
TB_090926_003A.jpeg,2026-09-09,Turtle_Bay,6,003A,,,738,1315,BTurf
TB_090926_003A.jpeg,2026-09-09,Turtle_Bay,6,003A,,,863,1550,BTurf
TB_090926_003A.jpeg,2026-09-09,Turtle_Bay,6,003A,,,703,1467,BTurf
TB_090926_003A.jpeg,2026-09-09,Turtle_Bay,6,003A,,,857,1541,BTurf
TB_090926_003A.jpeg,2026-09-09,Turtle_Bay,6,003A,,,738,2085,BTurf
TB_090926_003A.jpeg,2026-09-09,Turtle_Bay,6,003A,,,534,2029,BTurf
TB_090926_003A.jpeg,2026-09-09,Turtle_Bay,6,003A,,,811,1793,BTurf
TB_090926_003A.jpeg,2026-09-09,Turtle_Bay,6,003A,,,1064,148,BEA
TB_090926_003A.jpeg,2026-09-09,Turtle_Bay,6,003A,,,1251,244,BTurf
TB_090926_003A.jpeg,2026-09-09,Turtle_Bay,6,003A,,,1178,278,BTurf
TB_090926_003A.jpeg,2026-09-09,Turtle_Bay,6,003A,,,1031,686,BTurf
TB_090926_003A.jpeg,2026-09-09,Turtle_Bay,6,003A,,,1115,1225,BTurf
TB_090926_003A.jpeg,2026-09-09,Turtle_Bay,6,003A,,,1228,1182,BTurf
TB_090926_003A.jpeg,2026-09-09,Turtle_Bay,6,003A,,,961,982,BTurf
TB_090926_003A.jpeg,2026-09-09,Turtle_Bay,6,003A,,,1266,1149,BTurf
TB_090926_003A.jpeg,2026-09-09,Turtle_Bay,6,003A,,,943,1532,BTurf
TB_090926_003A.jpeg,2026-09-09,Turtle_Bay,6,003A,,,990,1709,BTurf
TB_090926_003A.jpeg,2026-09-09,Turtle_Bay,6,003A,,,1078,1325,BTurf
TB_090926_003A.jpeg,2026-09-09,Turtle_Bay,6,003A,,,984,1491,BTurf
TB_090926_003A.jpeg,2026-09-09,Turtle_Bay,6,003A,,,1322,228,BTurf
TB_090926_003A.jpeg,2026-09-09,Turtle_Bay,6,003A,,,1669,696,BTurf
TB_090926_003A.jpeg,2026-09-09,Turtle_Bay,6,003A,,,1695,840,ABREV
TB_090926_003A.jpeg,2026-09-09,Turtle_Bay,6,003A,,,1451,688,BTurf
TB_090926_003A.jpeg,2026-09-09,Turtle_Bay,6,003A,,,1671,828,BTurf
TB_090926_003A.jpeg,2026-09-09,Turtle_Bay,6,003A,,,1412,1161,BTurf
TB_090926_003A.jpeg,2026-09-09,Turtle_Bay,6,003A,,,1644,1090,BTurf
TB_090926_003A.jpeg,2026-09-09,Turtle_Bay,6,003A,,,1591,1015,BTurf
TB_090926_003A.jpeg,2026-09-09,Turtle_Bay,6,003A,,,1336,921,BTurf
TB_090926_003A.jpeg,2026-09-09,Turtle_Bay,6,003A,,,1460,912,BTurf
TB_090926_003A.jpeg,2026-09-09,Turtle_Bay,6,003A,,,1489,1288,BTurf
TB_090926_003A.jpeg,2026-09-09,Turtle_Bay,6,003A,,,1637,1311,BTurf
TB_090926_003A.jpeg,2026-09-09,Turtle_Bay,6,003A,,,1488,1632,BTurf
TB_090926_003A.jpeg,2026-09-09,Turtle_Bay,6,003A,,,1595,1659,BTurf
TB_090926_003A.jpeg,2026-09-09,Turtle_Bay,6,003A,,,1437,1958,BTurf
TB_090926_003A.jpeg,2026-09-09,Turtle_Bay,6,003A,,,1389,2108,BTurf
TB_090926_003A.jpeg,2026-09-09,Turtle_Bay,6,003A,,,1640,2000,BTurf
TB_090926_003A.jpeg,2026-09-09,Turtle_Bay,6,003A,,,1867,323,BTurf
TB_090926_003A.jpeg,2026-09-09,Turtle_Bay,6,003A,,,1856,465,BTurf
TB_090926_003A.jpeg,2026-09-09,Turtle_Bay,6,003A,,,1762,201,BTurf
TB_090926_003A.jpeg,2026-09-09,Turtle_Bay,6,003A,,,1822,709,BTurf
TB_090926_003A.jpeg,2026-09-09,Turtle_Bay,6,003A,,,1756,795,BTurf
TB_090926_003A.jpeg,2026-09-09,Turtle_Bay,6,003A,,,2081,736,BTurf
TB_090926_003A.jpeg,2026-09-09,Turtle_Bay,6,003A,,,1755,1297,BTurf
TB_090926_003A.jpeg,2026-09-09,Turtle_Bay,6,003A,,,2018,1153,BTurf
TB_090926_003A.jpeg,2026-09-09,Turtle_Bay,6,003A,,,2045,1264,BEA
TB_090926_003A.jpeg,2026-09-09,Turtle_Bay,6,003A,,,2056,2044,BEA
TB_090926_003A.jpeg,2026-09-09,Turtle_Bay,6,003A,,,2065,1982,BEA
TB_090926_003A.jpeg,2026-09-09,Turtle_Bay,6,003A,,,1921,1848,BEA
TB_090926_003A.jpeg,2026-09-09,Turtle_Bay,6,003A,,,1986,2034,BEA
TB_090926_003B.jpeg,2026-09-09,Turtle_Bay,6,003B,,,226,269,BEA
TB_090926_003B.jpeg,2026-09-09,Turtle_Bay,6,003B,,,345,442,CCA
TB_090926_003B.jpeg,2026-09-09,Turtle_Bay,6,003B,,,388,266,BEA
TB_090926_003B.jpeg,2026-09-09,Turtle_Bay,6,003B,,,184,579,GEA
TB_090926_003B.jpeg,2026-09-09,Turtle_Bay,6,003B,,,188,867,BEA
TB_090926_003B.jpeg,2026-09-09,Turtle_Bay,6,003B,,,328,1311,BEA
TB_090926_003B.jpeg,2026-09-09,Turtle_Bay,6,003B,,,278,1651,BEA
TB_090926_003B.jpeg,2026-09-09,Turtle_Bay,6,003B,,,274,1484,BEA
TB_090926_003B.jpeg,2026-09-09,Turtle_Bay,6,003B,,,209,1385,BEA
TB_090926_003B.jpeg,2026-09-09,Turtle_Bay,6,003B,,,242,1872,BEA
TB_090926_003B.jpeg,2026-09-09,Turtle_Bay,6,003B,,,289,1791,BTurf
TB_090926_003B.jpeg,2026-09-09,Turtle_Bay,6,003B,,,627,373,BTurf
TB_090926_003B.jpeg,2026-09-09,Turtle_Bay,6,003B,,,534,335,BTurf
TB_090926_003B.jpeg,2026-09-09,Turtle_Bay,6,003B,,,886,486,BTurf
TB_090926_003B.jpeg,2026-09-09,Turtle_Bay,6,003B,,,831,371,BEA
TB_090926_003B.jpeg,2026-09-09,Turtle_Bay,6,003B,,,632,411,BEA
TB_090926_003B.jpeg,2026-09-09,Turtle_Bay,6,003B,,,808,206,BEA
TB_090926_003B.jpeg,2026-09-09,Turtle_Bay,6,003B,,,727,335,BEA
TB_090926_003B.jpeg,2026-09-09,Turtle_Bay,6,003B,,,580,901,GEA
TB_090926_003B.jpeg,2026-09-09,Turtle_Bay,6,003B,,,892,685,BEA
TB_090926_003B.jpeg,2026-09-09,Turtle_Bay,6,003B,,,722,707,BTurf
TB_090926_003B.jpeg,2026-09-09,Turtle_Bay,6,003B,,,788,1243,BEA
TB_090926_003B.jpeg,2026-09-09,Turtle_Bay,6,003B,,,744,1527,BEA
TB_090926_003B.jpeg,2026-09-09,Turtle_Bay,6,003B,,,850,1415,BTurf
TB_090926_003B.jpeg,2026-09-09,Turtle_Bay,6,003B,,,649,1442,BTurf
TB_090926_003B.jpeg,2026-09-09,Turtle_Bay,6,003B,,,761,1344,BTurf
TB_090926_003B.jpeg,2026-09-09,Turtle_Bay,6,003B,,,673,2054,BEA
TB_090926_003B.jpeg,2026-09-09,Turtle_Bay,6,003B,,,593,1947,BEA
TB_090926_003B.jpeg,2026-09-09,Turtle_Bay,6,003B,,,983,382,BEA
TB_090926_003B.jpeg,2026-09-09,Turtle_Bay,6,003B,,,1218,418,BTurf
TB_090926_003B.jpeg,2026-09-09,Turtle_Bay,6,003B,,,1257,432,BTurf
TB_090926_003B.jpeg,2026-09-09,Turtle_Bay,6,003B,,,1182,873,BEA
TB_090926_003B.jpeg,2026-09-09,Turtle_Bay,6,003B,,,1300,877,BEA
TB_090926_003B.jpeg,2026-09-09,Turtle_Bay,6,003B,,,943,533,BEA
TB_090926_003B.jpeg,2026-09-09,Turtle_Bay,6,003B,,,1099,893,GEA
TB_090926_003B.jpeg,2026-09-09,Turtle_Bay,6,003B,,,1221,530,BTurf
TB_090926_003B.jpeg,2026-09-09,Turtle_Bay,6,003B,,,1103,1096,BEA
TB_090926_003B.jpeg,2026-09-09,Turtle_Bay,6,003B,,,1223,936,BTurf
TB_090926_003B.jpeg,2026-09-09,Turtle_Bay,6,003B,,,964,1052,BTurf
TB_090926_003B.jpeg,2026-09-09,Turtle_Bay,6,003B,,,1229,1033,BTurf
TB_090926_003B.jpeg,2026-09-09,Turtle_Bay,6,003B,,,940,1659,BTurf
TB_090926_003B.jpeg,2026-09-09,Turtle_Bay,6,003B,,,1245,2022,BEA
TB_090926_003B.jpeg,2026-09-09,Turtle_Bay,6,003B,,,1303,1837,BTurf
TB_090926_003B.jpeg,2026-09-09,Turtle_Bay,6,003B,,,1140,2057,BEA
TB_090926_003B.jpeg,2026-09-09,Turtle_Bay,6,003B,,,1405,289,BTurf
TB_090926_003B.jpeg,2026-09-09,Turtle_Bay,6,003B,,,1354,341,BTurf
TB_090926_003B.jpeg,2026-09-09,Turtle_Bay,6,003B,,,1381,432,BEA
TB_090926_003B.jpeg,2026-09-09,Turtle_Bay,6,003B,,,1620,232,BEA
TB_090926_003B.jpeg,2026-09-09,Turtle_Bay,6,003B,,,1611,210,BTurf
TB_090926_003B.jpeg,2026-09-09,Turtle_Bay,6,003B,,,1620,781,BTurf
TB_090926_003B.jpeg,2026-09-09,Turtle_Bay,6,003B,,,1385,1354,BEA
TB_090926_003B.jpeg,2026-09-09,Turtle_Bay,6,003B,,,1615,1461,BTurf
TB_090926_003B.jpeg,2026-09-09,Turtle_Bay,6,003B,,,1404,1536,BTurf
TB_090926_003B.jpeg,2026-09-09,Turtle_Bay,6,003B,,,1628,1577,BTurf
TB_090926_003B.jpeg,2026-09-09,Turtle_Bay,6,003B,,,1512,1486,BEA
TB_090926_003B.jpeg,2026-09-09,Turtle_Bay,6,003B,,,1712,2127,BEA
TB_090926_003B.jpeg,2026-09-09,Turtle_Bay,6,003B,,,1542,1902,BTurf
TB_090926_003B.jpeg,2026-09-09,Turtle_Bay,6,003B,,,1373,2066,BTurf
TB_090926_003B.jpeg,2026-09-09,Turtle_Bay,6,003B,,,1413,1966,BEA
TB_090926_003B.jpeg,2026-09-09,Turtle_Bay,6,003B,,,1798,470,BTurf
TB_090926_003B.jpeg,2026-09-09,Turtle_Bay,6,003B,,,1750,139,BEA
TB_090926_003B.jpeg,2026-09-09,Turtle_Bay,6,003B,,,1830,695,BTurf
TB_090926_003B.jpeg,2026-09-09,Turtle_Bay,6,003B,,,1800,716,BTurf
TB_090926_003B.jpeg,2026-09-09,Turtle_Bay,6,003B,,,1854,623,BTurf
TB_090926_003B.jpeg,2026-09-09,Turtle_Bay,6,003B,,,1732,1248,BEA
TB_090926_003B.jpeg,2026-09-09,Turtle_Bay,6,003B,,,1830,1451,BTurf
TB_090926_003B.jpeg,2026-09-09,Turtle_Bay,6,003B,,,1866,1499,BEA
TB_090926_003B.jpeg,2026-09-09,Turtle_Bay,6,003B,,,2119,1913,Outside
TB_090926_003B.jpeg,2026-09-09,Turtle_Bay,6,003B,,,1838,1939,BEA
TB_090926_003B.jpeg,2026-09-09,Turtle_Bay,6,003B,,,1864,1893,BEA
TB_090926_003B.jpeg,2026-09-09,Turtle_Bay,6,003B,,,1851,1933,BEA
TB_090926_003B.jpeg,2026-09-09,Turtle_Bay,6,003B,,,1994,2028,BTurf
TB_090926_003B.jpeg,2026-09-09,Turtle_Bay,6,003B,,,2051,2087,BEA
TB_090926_003B.jpeg,2026-09-09,Turtle_Bay,6,003B,,,2042,1884,BTurf
TB_090926_003B.jpeg,2026-09-09,Turtle_Bay,6,003B,,,2057,2050,BTurf
TB_090926_004A.jpeg,2026-09-09,Turtle_Bay,6,004A,,,215,473,BEA
TB_090926_004A.jpeg,2026-09-09,Turtle_Bay,6,004A,,,308,441,BEA
TB_090926_004A.jpeg,2026-09-09,Turtle_Bay,6,004A,,,151,157,Outside
TB_090926_004A.jpeg,2026-09-09,Turtle_Bay,6,004A,,,157,389,Outside
TB_090926_004A.jpeg,2026-09-09,Turtle_Bay,6,004A,,,452,238,BTurf
TB_090926_004A.jpeg,2026-09-09,Turtle_Bay,6,004A,,,294,833,BTurf
TB_090926_004A.jpeg,2026-09-09,Turtle_Bay,6,004A,,,138,868,Outside
TB_090926_004A.jpeg,2026-09-09,Turtle_Bay,6,004A,,,176,1065,BEA
TB_090926_004A.jpeg,2026-09-09,Turtle_Bay,6,004A,,,388,1210,BTurf
TB_090926_004A.jpeg,2026-09-09,Turtle_Bay,6,004A,,,329,915,BTurf
TB_090926_004A.jpeg,2026-09-09,Turtle_Bay,6,004A,,,299,1740,BTurf
TB_090926_004A.jpeg,2026-09-09,Turtle_Bay,6,004A,,,437,1907,BTurf
TB_090926_004A.jpeg,2026-09-09,Turtle_Bay,6,004A,,,244,1874,BEA
TB_090926_004A.jpeg,2026-09-09,Turtle_Bay,6,004A,,,251,1860,BTurf
TB_090926_004A.jpeg,2026-09-09,Turtle_Bay,6,004A,,,431,1884,BTurf
TB_090926_004A.jpeg,2026-09-09,Turtle_Bay,6,004A,,,671,281,BEA
TB_090926_004A.jpeg,2026-09-09,Turtle_Bay,6,004A,,,521,710,BTurf
TB_090926_004A.jpeg,2026-09-09,Turtle_Bay,6,004A,,,610,513,BTurf
TB_090926_004A.jpeg,2026-09-09,Turtle_Bay,6,004A,,,565,1006,BTurf
TB_090926_004A.jpeg,2026-09-09,Turtle_Bay,6,004A,,,521,1165,BTurf
TB_090926_004A.jpeg,2026-09-09,Turtle_Bay,6,004A,,,547,907,BTurf
TB_090926_004A.jpeg,2026-09-09,Turtle_Bay,6,004A,,,887,1231,BTurf
TB_090926_004A.jpeg,2026-09-09,Turtle_Bay,6,004A,,,829,1848,BTurf
TB_090926_004A.jpeg,2026-09-09,Turtle_Bay,6,004A,,,759,1874,BTurf
TB_090926_004A.jpeg,2026-09-09,Turtle_Bay,6,004A,,,1028,146,BEA
TB_090926_004A.jpeg,2026-09-09,Turtle_Bay,6,004A,,,960,370,BTurf
TB_090926_004A.jpeg,2026-09-09,Turtle_Bay,6,004A,,,1243,798,BTurf
TB_090926_004A.jpeg,2026-09-09,Turtle_Bay,6,004A,,,1184,694,BTurf
TB_090926_004A.jpeg,2026-09-09,Turtle_Bay,6,004A,,,963,884,BEA
TB_090926_004A.jpeg,2026-09-09,Turtle_Bay,6,004A,,,1275,1159,BTurf
TB_090926_004A.jpeg,2026-09-09,Turtle_Bay,6,004A,,,944,1212,BTurf
TB_090926_004A.jpeg,2026-09-09,Turtle_Bay,6,004A,,,1069,938,BTurf
TB_090926_004A.jpeg,2026-09-09,Turtle_Bay,6,004A,,,923,928,BTurf
TB_090926_004A.jpeg,2026-09-09,Turtle_Bay,6,004A,,,1068,1391,BTurf
TB_090926_004A.jpeg,2026-09-09,Turtle_Bay,6,004A,,,1224,1397,BTurf
TB_090926_004A.jpeg,2026-09-09,Turtle_Bay,6,004A,,,914,1588,BTurf
TB_090926_004A.jpeg,2026-09-09,Turtle_Bay,6,004A,,,954,1556,BEA
TB_090926_004A.jpeg,2026-09-09,Turtle_Bay,6,004A,,,1004,1374,BTurf
TB_090926_004A.jpeg,2026-09-09,Turtle_Bay,6,004A,,,962,1412,BTurf
TB_090926_004A.jpeg,2026-09-09,Turtle_Bay,6,004A,,,1066,1942,BTurf
TB_090926_004A.jpeg,2026-09-09,Turtle_Bay,6,004A,,,980,1842,BTurf
TB_090926_004A.jpeg,2026-09-09,Turtle_Bay,6,004A,,,1486,255,BTurf
TB_090926_004A.jpeg,2026-09-09,Turtle_Bay,6,004A,,,1606,420,BTurf
TB_090926_004A.jpeg,2026-09-09,Turtle_Bay,6,004A,,,1461,545,BTurf
TB_090926_004A.jpeg,2026-09-09,Turtle_Bay,6,004A,,,1365,602,BTurf
TB_090926_004A.jpeg,2026-09-09,Turtle_Bay,6,004A,,,1675,713,BTurf
TB_090926_004A.jpeg,2026-09-09,Turtle_Bay,6,004A,,,1689,793,BTurf
TB_090926_004A.jpeg,2026-09-09,Turtle_Bay,6,004A,,,1398,1109,BTurf
TB_090926_004A.jpeg,2026-09-09,Turtle_Bay,6,004A,,,1575,955,BTurf
TB_090926_004A.jpeg,2026-09-09,Turtle_Bay,6,004A,,,1602,987,BTurf
TB_090926_004A.jpeg,2026-09-09,Turtle_Bay,6,004A,,,1664,854,BTurf
TB_090926_004A.jpeg,2026-09-09,Turtle_Bay,6,004A,,,1548,1370,BTurf
TB_090926_004A.jpeg,2026-09-09,Turtle_Bay,6,004A,,,1299,1535,BTurf
TB_090926_004A.jpeg,2026-09-09,Turtle_Bay,6,004A,,,1671,1417,BTurf
TB_090926_004A.jpeg,2026-09-09,Turtle_Bay,6,004A,,,1473,1655,BEA
TB_090926_004A.jpeg,2026-09-09,Turtle_Bay,6,004A,,,1314,1811,BEA
TB_090926_004A.jpeg,2026-09-09,Turtle_Bay,6,004A,,,2064,216,BEA
TB_090926_004A.jpeg,2026-09-09,Turtle_Bay,6,004A,,,1817,135,BTurf
TB_090926_004A.jpeg,2026-09-09,Turtle_Bay,6,004A,,,1840,443,BTurf
TB_090926_004A.jpeg,2026-09-09,Turtle_Bay,6,004A,,,2034,120,BTurf
TB_090926_004A.jpeg,2026-09-09,Turtle_Bay,6,004A,,,1999,512,BTurf
TB_090926_004A.jpeg,2026-09-09,Turtle_Bay,6,004A,,,1910,485,BEA
TB_090926_004A.jpeg,2026-09-09,Turtle_Bay,6,004A,,,2026,731,BTurf
TB_090926_004A.jpeg,2026-09-09,Turtle_Bay,6,004A,,,2047,945,BTurf
TB_090926_004A.jpeg,2026-09-09,Turtle_Bay,6,004A,,,2067,1072,BTurf
TB_090926_004A.jpeg,2026-09-09,Turtle_Bay,6,004A,,,2082,1483,BEA
TB_090926_004A.jpeg,2026-09-09,Turtle_Bay,6,004A,,,1886,1538,BTurf
TB_090926_004A.jpeg,2026-09-09,Turtle_Bay,6,004A,,,2084,1267,BEA
TB_090926_004A.jpeg,2026-09-09,Turtle_Bay,6,004A,,,1916,1568,BTurf
TB_090926_004A.jpeg,2026-09-09,Turtle_Bay,6,004A,,,1937,1346,BEA
TB_090926_004A.jpeg,2026-09-09,Turtle_Bay,6,004A,,,2006,1584,BTurf
TB_090926_004A.jpeg,2026-09-09,Turtle_Bay,6,004A,,,2006,1851,BTurf
TB_090926_004A.jpeg,2026-09-09,Turtle_Bay,6,004A,,,1812,1638,BTurf
TB_090926_004A.jpeg,2026-09-09,Turtle_Bay,6,004A,,,1928,1622,BEA
TB_090926_004A.jpeg,2026-09-09,Turtle_Bay,6,004A,,,1746,1618,BTurf
TB_090926_004B.jpeg,2026-09-09,Turtle_Bay,6,004B,,,456,186,BTurf
TB_090926_004B.jpeg,2026-09-09,Turtle_Bay,6,004B,,,262,540,BTurf
TB_090926_004B.jpeg,2026-09-09,Turtle_Bay,6,004B,,,196,833,BTurf
TB_090926_004B.jpeg,2026-09-09,Turtle_Bay,6,004B,,,206,746,BTurf
TB_090926_004B.jpeg,2026-09-09,Turtle_Bay,6,004B,,,222,529,BTurf
TB_090926_004B.jpeg,2026-09-09,Turtle_Bay,6,004B,,,144,862,BEA
TB_090926_004B.jpeg,2026-09-09,Turtle_Bay,6,004B,,,406,1020,BTurf
TB_090926_004B.jpeg,2026-09-09,Turtle_Bay,6,004B,,,453,961,BTurf
TB_090926_004B.jpeg,2026-09-09,Turtle_Bay,6,004B,,,115,953,BTurf
TB_090926_004B.jpeg,2026-09-09,Turtle_Bay,6,004B,,,483,1398,BTurf
TB_090926_004B.jpeg,2026-09-09,Turtle_Bay,6,004B,,,411,1757,BTurf
TB_090926_004B.jpeg,2026-09-09,Turtle_Bay,6,004B,,,248,1707,BTurf
TB_090926_004B.jpeg,2026-09-09,Turtle_Bay,6,004B,,,200,1692,BTurf
TB_090926_004B.jpeg,2026-09-09,Turtle_Bay,6,004B,,,458,1964,BTurf
TB_090926_004B.jpeg,2026-09-09,Turtle_Bay,6,004B,,,795,373,BTurf
TB_090926_004B.jpeg,2026-09-09,Turtle_Bay,6,004B,,,651,450,BTurf
TB_090926_004B.jpeg,2026-09-09,Turtle_Bay,6,004B,,,794,514,BTurf
TB_090926_004B.jpeg,2026-09-09,Turtle_Bay,6,004B,,,775,1086,BTurf
TB_090926_004B.jpeg,2026-09-09,Turtle_Bay,6,004B,,,735,1000,BTurf
TB_090926_004B.jpeg,2026-09-09,Turtle_Bay,6,004B,,,690,995,BTurf
TB_090926_004B.jpeg,2026-09-09,Turtle_Bay,6,004B,,,550,993,BTurf
TB_090926_004B.jpeg,2026-09-09,Turtle_Bay,6,004B,,,827,1413,BTurf
TB_090926_004B.jpeg,2026-09-09,Turtle_Bay,6,004B,,,746,1446,BTurf
TB_090926_004B.jpeg,2026-09-09,Turtle_Bay,6,004B,,,499,1522,BTurf
TB_090926_004B.jpeg,2026-09-09,Turtle_Bay,6,004B,,,633,1556,BTurf
TB_090926_004B.jpeg,2026-09-09,Turtle_Bay,6,004B,,,730,1993,UnkMacroa
TB_090926_004B.jpeg,2026-09-09,Turtle_Bay,6,004B,,,1083,293,BTurf
TB_090926_004B.jpeg,2026-09-09,Turtle_Bay,6,004B,,,1051,246,BTurf
TB_090926_004B.jpeg,2026-09-09,Turtle_Bay,6,004B,,,1034,278,BTurf
TB_090926_004B.jpeg,2026-09-09,Turtle_Bay,6,004B,,,1092,396,BEA
TB_090926_004B.jpeg,2026-09-09,Turtle_Bay,6,004B,,,1141,215,BTurf
TB_090926_004B.jpeg,2026-09-09,Turtle_Bay,6,004B,,,1195,375,BTurf
TB_090926_004B.jpeg,2026-09-09,Turtle_Bay,6,004B,,,999,400,BTurf
TB_090926_004B.jpeg,2026-09-09,Turtle_Bay,6,004B,,,960,500,BTurf
TB_090926_004B.jpeg,2026-09-09,Turtle_Bay,6,004B,,,1121,578,BTurf
TB_090926_004B.jpeg,2026-09-09,Turtle_Bay,6,004B,,,1097,628,BTurf
TB_090926_004B.jpeg,2026-09-09,Turtle_Bay,6,004B,,,929,667,BTurf
TB_090926_004B.jpeg,2026-09-09,Turtle_Bay,6,004B,,,950,1052,RedTurf
TB_090926_004B.jpeg,2026-09-09,Turtle_Bay,6,004B,,,1058,1146,BTurf
TB_090926_004B.jpeg,2026-09-09,Turtle_Bay,6,004B,,,1131,1265,BEA
TB_090926_004B.jpeg,2026-09-09,Turtle_Bay,6,004B,,,1044,1082,BTurf
TB_090926_004B.jpeg,2026-09-09,Turtle_Bay,6,004B,,,1080,1256,BTurf
TB_090926_004B.jpeg,2026-09-09,Turtle_Bay,6,004B,,,1256,1525,GEA
TB_090926_004B.jpeg,2026-09-09,Turtle_Bay,6,004B,,,1210,1519,BEA
TB_090926_004B.jpeg,2026-09-09,Turtle_Bay,6,004B,,,1196,1584,CCA
TB_090926_004B.jpeg,2026-09-09,Turtle_Bay,6,004B,,,1191,1928,BTurf
TB_090926_004B.jpeg,2026-09-09,Turtle_Bay,6,004B,,,1613,759,BTurf
TB_090926_004B.jpeg,2026-09-09,Turtle_Bay,6,004B,,,1271,523,BTurf
TB_090926_004B.jpeg,2026-09-09,Turtle_Bay,6,004B,,,1455,800,BTurf
TB_090926_004B.jpeg,2026-09-09,Turtle_Bay,6,004B,,,1330,551,BTurf
TB_090926_004B.jpeg,2026-09-09,Turtle_Bay,6,004B,,,1531,870,BTurf
TB_090926_004B.jpeg,2026-09-09,Turtle_Bay,6,004B,,,1550,692,GEA
TB_090926_004B.jpeg,2026-09-09,Turtle_Bay,6,004B,,,1295,641,BTurf
TB_090926_004B.jpeg,2026-09-09,Turtle_Bay,6,004B,,,1306,1054,BTurf
TB_090926_004B.jpeg,2026-09-09,Turtle_Bay,6,004B,,,1402,923,BTurf
TB_090926_004B.jpeg,2026-09-09,Turtle_Bay,6,004B,,,1643,1083,BEA
TB_090926_004B.jpeg,2026-09-09,Turtle_Bay,6,004B,,,1623,1340,BTurf
TB_090926_004B.jpeg,2026-09-09,Turtle_Bay,6,004B,,,1615,1558,BTurf
TB_090926_004B.jpeg,2026-09-09,Turtle_Bay,6,004B,,,1490,1347,BTurf
TB_090926_004B.jpeg,2026-09-09,Turtle_Bay,6,004B,,,1360,1617,BTurf
TB_090926_004B.jpeg,2026-09-09,Turtle_Bay,6,004B,,,1489,1857,BTurf
TB_090926_004B.jpeg,2026-09-09,Turtle_Bay,6,004B,,,1947,112,BTurf
TB_090926_004B.jpeg,2026-09-09,Turtle_Bay,6,004B,,,1942,186,BTurf
TB_090926_004B.jpeg,2026-09-09,Turtle_Bay,6,004B,,,1723,299,BTurf
TB_090926_004B.jpeg,2026-09-09,Turtle_Bay,6,004B,,,1803,118,BTurf
TB_090926_004B.jpeg,2026-09-09,Turtle_Bay,6,004B,,,1957,454,BTurf
TB_090926_004B.jpeg,2026-09-09,Turtle_Bay,6,004B,,,1834,470,BEA
TB_090926_004B.jpeg,2026-09-09,Turtle_Bay,6,004B,,,1742,1271,BTurf
TB_090926_004B.jpeg,2026-09-09,Turtle_Bay,6,004B,,,1704,930,BTurf
TB_090926_004B.jpeg,2026-09-09,Turtle_Bay,6,004B,,,1808,1064,BTurf
TB_090926_004B.jpeg,2026-09-09,Turtle_Bay,6,004B,,,1894,1558,BTurf
TB_090926_004B.jpeg,2026-09-09,Turtle_Bay,6,004B,,,1707,1365,BEA
TB_090926_004B.jpeg,2026-09-09,Turtle_Bay,6,004B,,,1886,1742,BTurf
TB_090926_004B.jpeg,2026-09-09,Turtle_Bay,6,004B,,,1713,1952,BEA
TB_090926_004B.jpeg,2026-09-09,Turtle_Bay,6,004B,,,1687,1664,BTurf
TB_090926_005B.jpeg,2026-09-09,Turtle_Bay,6,005B,,,469,303,BEA
TB_090926_005B.jpeg,2026-09-09,Turtle_Bay,6,005B,,,381,149,BEA
TB_090926_005B.jpeg,2026-09-09,Turtle_Bay,6,005B,,,381,663,BTurf
TB_090926_005B.jpeg,2026-09-09,Turtle_Bay,6,005B,,,393,1384,BEA
TB_090926_005B.jpeg,2026-09-09,Turtle_Bay,6,005B,,,302,1074,BEA
TB_090926_005B.jpeg,2026-09-09,Turtle_Bay,6,005B,,,387,1057,BTurf
TB_090926_005B.jpeg,2026-09-09,Turtle_Bay,6,005B,,,254,1200,BEA
TB_090926_005B.jpeg,2026-09-09,Turtle_Bay,6,005B,,,402,1277,BEA
TB_090926_005B.jpeg,2026-09-09,Turtle_Bay,6,005B,,,457,1431,BEA
TB_090926_005B.jpeg,2026-09-09,Turtle_Bay,6,005B,,,470,1551,BTurf
TB_090926_005B.jpeg,2026-09-09,Turtle_Bay,6,005B,,,304,1432,BEA
TB_090926_005B.jpeg,2026-09-09,Turtle_Bay,6,005B,,,493,2126,BTurf
TB_090926_005B.jpeg,2026-09-09,Turtle_Bay,6,005B,,,350,2266,BTurf
TB_090926_005B.jpeg,2026-09-09,Turtle_Bay,6,005B,,,365,2027,BTurf
TB_090926_005B.jpeg,2026-09-09,Turtle_Bay,6,005B,,,153,2220,BEA
TB_090926_005B.jpeg,2026-09-09,Turtle_Bay,6,005B,,,192,2045,BTurf
TB_090926_005B.jpeg,2026-09-09,Turtle_Bay,6,005B,,,519,2088,BEA
TB_090926_005B.jpeg,2026-09-09,Turtle_Bay,6,005B,,,571,167,BEA
TB_090926_005B.jpeg,2026-09-09,Turtle_Bay,6,005B,,,689,389,BEA
TB_090926_005B.jpeg,2026-09-09,Turtle_Bay,6,005B,,,625,407,GEA
TB_090926_005B.jpeg,2026-09-09,Turtle_Bay,6,005B,,,890,862,BEA
TB_090926_005B.jpeg,2026-09-09,Turtle_Bay,6,005B,,,877,1107,BEA
TB_090926_005B.jpeg,2026-09-09,Turtle_Bay,6,005B,,,942,1097,BEA
TB_090926_005B.jpeg,2026-09-09,Turtle_Bay,6,005B,,,606,1014,BEA
TB_090926_005B.jpeg,2026-09-09,Turtle_Bay,6,005B,,,592,1048,BEA
TB_090926_005B.jpeg,2026-09-09,Turtle_Bay,6,005B,,,581,991,BEA
TB_090926_005B.jpeg,2026-09-09,Turtle_Bay,6,005B,,,992,989,BEA
TB_090926_005B.jpeg,2026-09-09,Turtle_Bay,6,005B,,,922,1830,BEA
TB_090926_005B.jpeg,2026-09-09,Turtle_Bay,6,005B,,,959,1442,BEA
TB_090926_005B.jpeg,2026-09-09,Turtle_Bay,6,005B,,,732,2052,BEA
TB_090926_005B.jpeg,2026-09-09,Turtle_Bay,6,005B,,,763,1993,BTurf
TB_090926_005B.jpeg,2026-09-09,Turtle_Bay,6,005B,,,1243,478,BTurf
TB_090926_005B.jpeg,2026-09-09,Turtle_Bay,6,005B,,,1382,396,BTurf
TB_090926_005B.jpeg,2026-09-09,Turtle_Bay,6,005B,,,1317,426,BEA
TB_090926_005B.jpeg,2026-09-09,Turtle_Bay,6,005B,,,1117,913,BEA
TB_090926_005B.jpeg,2026-09-09,Turtle_Bay,6,005B,,,1364,621,GEA
TB_090926_005B.jpeg,2026-09-09,Turtle_Bay,6,005B,,,1423,613,BEA
TB_090926_005B.jpeg,2026-09-09,Turtle_Bay,6,005B,,,1317,771,BEA
TB_090926_005B.jpeg,2026-09-09,Turtle_Bay,6,005B,,,1274,879,BEA
TB_090926_005B.jpeg,2026-09-09,Turtle_Bay,6,005B,,,1454,743,BEA
TB_090926_005B.jpeg,2026-09-09,Turtle_Bay,6,005B,,,1237,986,BEA
TB_090926_005B.jpeg,2026-09-09,Turtle_Bay,6,005B,,,1112,1791,BEA
TB_090926_005B.jpeg,2026-09-09,Turtle_Bay,6,005B,,,1031,1649,BEA
TB_090926_005B.jpeg,2026-09-09,Turtle_Bay,6,005B,,,1364,1839,BTurf
TB_090926_005B.jpeg,2026-09-09,Turtle_Bay,6,005B,,,1020,1597,BTurf
TB_090926_005B.jpeg,2026-09-09,Turtle_Bay,6,005B,,,1124,1807,BTurf
TB_090926_005B.jpeg,2026-09-09,Turtle_Bay,6,005B,,,1205,1493,BEA
TB_090926_005B.jpeg,2026-09-09,Turtle_Bay,6,005B,,,1051,2188,BEA
TB_090926_005B.jpeg,2026-09-09,Turtle_Bay,6,005B,,,1369,2159,BEA
TB_090926_005B.jpeg,2026-09-09,Turtle_Bay,6,005B,,,1032,2026,BTurf
TB_090926_005B.jpeg,2026-09-09,Turtle_Bay,6,005B,,,1712,423,BTurf
TB_090926_005B.jpeg,2026-09-09,Turtle_Bay,6,005B,,,1845,417,BTurf
TB_090926_005B.jpeg,2026-09-09,Turtle_Bay,6,005B,,,1648,921,BTurf
TB_090926_005B.jpeg,2026-09-09,Turtle_Bay,6,005B,,,1900,907,BEA
TB_090926_005B.jpeg,2026-09-09,Turtle_Bay,6,005B,,,1700,954,BEA
TB_090926_005B.jpeg,2026-09-09,Turtle_Bay,6,005B,,,1802,759,BEA
TB_090926_005B.jpeg,2026-09-09,Turtle_Bay,6,005B,,,1723,1242,BTurf
TB_090926_005B.jpeg,2026-09-09,Turtle_Bay,6,005B,,,1578,1365,BEA
TB_090926_005B.jpeg,2026-09-09,Turtle_Bay,6,005B,,,1598,1027,BTurf
TB_090926_005B.jpeg,2026-09-09,Turtle_Bay,6,005B,,,1472,1200,BEA
TB_090926_005B.jpeg,2026-09-09,Turtle_Bay,6,005B,,,1704,1145,BTurf
TB_090926_005B.jpeg,2026-09-09,Turtle_Bay,6,005B,,,1813,1589,BEA
TB_090926_005B.jpeg,2026-09-09,Turtle_Bay,6,005B,,,1758,1998,GEA
TB_090926_005B.jpeg,2026-09-09,Turtle_Bay,6,005B,,,1672,1917,BTurf
TB_090926_005B.jpeg,2026-09-09,Turtle_Bay,6,005B,,,2352,448,Outside
TB_090926_005B.jpeg,2026-09-09,Turtle_Bay,6,005B,,,2211,509,BEA
TB_090926_005B.jpeg,2026-09-09,Turtle_Bay,6,005B,,,1957,458,BTurf
TB_090926_005B.jpeg,2026-09-09,Turtle_Bay,6,005B,,,2086,949,BEA
TB_090926_005B.jpeg,2026-09-09,Turtle_Bay,6,005B,,,2107,1344,BEA
TB_090926_005B.jpeg,2026-09-09,Turtle_Bay,6,005B,,,1976,1505,BEA
TB_090926_005B.jpeg,2026-09-09,Turtle_Bay,6,005B,,,1983,1576,BTurf
TB_090926_005B.jpeg,2026-09-09,Turtle_Bay,6,005B,,,2275,2227,BEA
TB_090926_005B.jpeg,2026-09-09,Turtle_Bay,6,005B,,,2072,1887,BTurf
TB_090926_005B.jpeg,2026-09-09,Turtle_Bay,6,005B,,,1980,2094,BTurf
TB_090926_005B.jpeg,2026-09-09,Turtle_Bay,6,005B,,,1950,1895,BEA
TB_090926_006A.jpeg,2026-09-09,Turtle_Bay,6,006A,,,511,393,BEA
TB_090926_006A.jpeg,2026-09-09,Turtle_Bay,6,006A,,,478,322,BTurf
TB_090926_006A.jpeg,2026-09-09,Turtle_Bay,6,006A,,,205,149,BEA
TB_090926_006A.jpeg,2026-09-09,Turtle_Bay,6,006A,,,171,354,BEA
TB_090926_006A.jpeg,2026-09-09,Turtle_Bay,6,006A,,,344,282,BEA
TB_090926_006A.jpeg,2026-09-09,Turtle_Bay,6,006A,,,295,570,BTurf
TB_090926_006A.jpeg,2026-09-09,Turtle_Bay,6,006A,,,271,776,BEA
TB_090926_006A.jpeg,2026-09-09,Turtle_Bay,6,006A,,,553,885,BEA
TB_090926_006A.jpeg,2026-09-09,Turtle_Bay,6,006A,,,225,1091,BTurf
TB_090926_006A.jpeg,2026-09-09,Turtle_Bay,6,006A,,,153,1119,BTurf
TB_090926_006A.jpeg,2026-09-09,Turtle_Bay,6,006A,,,148,1454,BTurf
TB_090926_006A.jpeg,2026-09-09,Turtle_Bay,6,006A,,,332,1833,BTurf
TB_090926_006A.jpeg,2026-09-09,Turtle_Bay,6,006A,,,322,1561,BEA
TB_090926_006A.jpeg,2026-09-09,Turtle_Bay,6,006A,,,359,1839,BTurf
TB_090926_006A.jpeg,2026-09-09,Turtle_Bay,6,006A,,,197,2083,BTurf
TB_090926_006A.jpeg,2026-09-09,Turtle_Bay,6,006A,,,260,2009,BEA
TB_090926_006A.jpeg,2026-09-09,Turtle_Bay,6,006A,,,270,2148,BTurf
TB_090926_006A.jpeg,2026-09-09,Turtle_Bay,6,006A,,,717,244,BTurf
TB_090926_006A.jpeg,2026-09-09,Turtle_Bay,6,006A,,,627,206,BEA
TB_090926_006A.jpeg,2026-09-09,Turtle_Bay,6,006A,,,869,364,BEA
TB_090926_006A.jpeg,2026-09-09,Turtle_Bay,6,006A,,,578,930,BTurf
TB_090926_006A.jpeg,2026-09-09,Turtle_Bay,6,006A,,,612,654,BTurf
TB_090926_006A.jpeg,2026-09-09,Turtle_Bay,6,006A,,,727,561,BEA
TB_090926_006A.jpeg,2026-09-09,Turtle_Bay,6,006A,,,917,820,BEA
TB_090926_006A.jpeg,2026-09-09,Turtle_Bay,6,006A,,,936,619,BTurf
TB_090926_006A.jpeg,2026-09-09,Turtle_Bay,6,006A,,,600,963,GEA
TB_090926_006A.jpeg,2026-09-09,Turtle_Bay,6,006A,,,935,1275,BTurf
TB_090926_006A.jpeg,2026-09-09,Turtle_Bay,6,006A,,,606,1256,BTurf
TB_090926_006A.jpeg,2026-09-09,Turtle_Bay,6,006A,,,965,1215,BTurf
TB_090926_006A.jpeg,2026-09-09,Turtle_Bay,6,006A,,,920,1018,BEA
TB_090926_006A.jpeg,2026-09-09,Turtle_Bay,6,006A,,,948,1472,BTurf
TB_090926_006A.jpeg,2026-09-09,Turtle_Bay,6,006A,,,753,2120,BTurf
TB_090926_006A.jpeg,2026-09-09,Turtle_Bay,6,006A,,,680,2230,BTurf
TB_090926_006A.jpeg,2026-09-09,Turtle_Bay,6,006A,,,568,2005,BEA
TB_090926_006A.jpeg,2026-09-09,Turtle_Bay,6,006A,,,573,2085,BTurf
TB_090926_006A.jpeg,2026-09-09,Turtle_Bay,6,006A,,,564,2274,BEA
TB_090926_006A.jpeg,2026-09-09,Turtle_Bay,6,006A,,,749,2107,BTurf
TB_090926_006A.jpeg,2026-09-09,Turtle_Bay,6,006A,,,1263,208,BEA
TB_090926_006A.jpeg,2026-09-09,Turtle_Bay,6,006A,,,1214,312,BEA
TB_090926_006A.jpeg,2026-09-09,Turtle_Bay,6,006A,,,1253,453,BEA
TB_090926_006A.jpeg,2026-09-09,Turtle_Bay,6,006A,,,1204,641,BTurf
TB_090926_006A.jpeg,2026-09-09,Turtle_Bay,6,006A,,,1336,667,BEA
TB_090926_006A.jpeg,2026-09-09,Turtle_Bay,6,006A,,,1126,832,BEA
TB_090926_006A.jpeg,2026-09-09,Turtle_Bay,6,006A,,,1085,1034,BEA
TB_090926_006A.jpeg,2026-09-09,Turtle_Bay,6,006A,,,1114,1133,BEA
TB_090926_006A.jpeg,2026-09-09,Turtle_Bay,6,006A,,,1379,1756,BTurf
TB_090926_006A.jpeg,2026-09-09,Turtle_Bay,6,006A,,,1232,1919,BTurf
TB_090926_006A.jpeg,2026-09-09,Turtle_Bay,6,006A,,,1339,2081,BTurf
TB_090926_006A.jpeg,2026-09-09,Turtle_Bay,6,006A,,,1095,2295,BEA
TB_090926_006A.jpeg,2026-09-09,Turtle_Bay,6,006A,,,1159,2179,BEA
TB_090926_006A.jpeg,2026-09-09,Turtle_Bay,6,006A,,,1565,507,BEA
TB_090926_006A.jpeg,2026-09-09,Turtle_Bay,6,006A,,,1820,447,BEA
TB_090926_006A.jpeg,2026-09-09,Turtle_Bay,6,006A,,,1820,1155,BTurf
TB_090926_006A.jpeg,2026-09-09,Turtle_Bay,6,006A,,,1853,1068,BEA
TB_090926_006A.jpeg,2026-09-09,Turtle_Bay,6,006A,,,1637,1733,BTurf
TB_090926_006A.jpeg,2026-09-09,Turtle_Bay,6,006A,,,1594,1643,BEA
TB_090926_006A.jpeg,2026-09-09,Turtle_Bay,6,006A,,,1804,1724,BTurf
TB_090926_006A.jpeg,2026-09-09,Turtle_Bay,6,006A,,,1685,1959,BTurf
TB_090926_006A.jpeg,2026-09-09,Turtle_Bay,6,006A,,,1796,2214,BTurf
TB_090926_006A.jpeg,2026-09-09,Turtle_Bay,6,006A,,,1889,250,BEA
TB_090926_006A.jpeg,2026-09-09,Turtle_Bay,6,006A,,,2051,527,BTurf
TB_090926_006A.jpeg,2026-09-09,Turtle_Bay,6,006A,,,2236,494,BTurf
TB_090926_006A.jpeg,2026-09-09,Turtle_Bay,6,006A,,,2019,374,BEA
TB_090926_006A.jpeg,2026-09-09,Turtle_Bay,6,006A,,,2125,735,BEA
TB_090926_006A.jpeg,2026-09-09,Turtle_Bay,6,006A,,,2096,782,BEA
TB_090926_006A.jpeg,2026-09-09,Turtle_Bay,6,006A,,,2258,678,BEA
TB_090926_006A.jpeg,2026-09-09,Turtle_Bay,6,006A,,,1956,599,BTurf
TB_090926_006A.jpeg,2026-09-09,Turtle_Bay,6,006A,,,2246,578,BEA
TB_090926_006A.jpeg,2026-09-09,Turtle_Bay,6,006A,,,2283,996,BTurf
TB_090926_006A.jpeg,2026-09-09,Turtle_Bay,6,006A,,,1861,1851,BTurf
TB_090926_006A.jpeg,2026-09-09,Turtle_Bay,6,006A,,,2163,1560,BTurf
TB_090926_006A.jpeg,2026-09-09,Turtle_Bay,6,006A,,,1993,1910,BTurf
TB_090926_006A.jpeg,2026-09-09,Turtle_Bay,6,006A,,,2023,2225,BEA
TB_090926_006A.jpeg,2026-09-09,Turtle_Bay,6,006A,,,2186,1949,BTurf
TB_090926_006A.jpeg,2026-09-09,Turtle_Bay,6,006A,,,1954,2158,BEA
TB_090926_007A.jpeg,2026-09-09,Turtle_Bay,6,007A,,,155,301,BEA
TB_090926_007A.jpeg,2026-09-09,Turtle_Bay,6,007A,,,117,147,BEA
TB_090926_007A.jpeg,2026-09-09,Turtle_Bay,6,007A,,,182,75,BTurf
TB_090926_007A.jpeg,2026-09-09,Turtle_Bay,6,007A,,,76,476,BEA
TB_090926_007A.jpeg,2026-09-09,Turtle_Bay,6,007A,,,73,365,BEA
TB_090926_007A.jpeg,2026-09-09,Turtle_Bay,6,007A,,,256,494,BEA
TB_090926_007A.jpeg,2026-09-09,Turtle_Bay,6,007A,,,277,474,BEA
TB_090926_007A.jpeg,2026-09-09,Turtle_Bay,6,007A,,,155,514,BEA
TB_090926_007A.jpeg,2026-09-09,Turtle_Bay,6,007A,,,313,607,BEA
TB_090926_007A.jpeg,2026-09-09,Turtle_Bay,6,007A,,,228,614,BEA
TB_090926_007A.jpeg,2026-09-09,Turtle_Bay,6,007A,,,248,645,BEA
TB_090926_007A.jpeg,2026-09-09,Turtle_Bay,6,007A,,,102,674,BEA
TB_090926_007A.jpeg,2026-09-09,Turtle_Bay,6,007A,,,78,1078,BEA
TB_090926_007A.jpeg,2026-09-09,Turtle_Bay,6,007A,,,315,954,BEA
TB_090926_007A.jpeg,2026-09-09,Turtle_Bay,6,007A,,,206,1295,BTurf
TB_090926_007A.jpeg,2026-09-09,Turtle_Bay,6,007A,,,208,1307,BTurf
TB_090926_007A.jpeg,2026-09-09,Turtle_Bay,6,007A,,,508,314,BEA
TB_090926_007A.jpeg,2026-09-09,Turtle_Bay,6,007A,,,539,88,BTurf
TB_090926_007A.jpeg,2026-09-09,Turtle_Bay,6,007A,,,365,91,BEA
TB_090926_007A.jpeg,2026-09-09,Turtle_Bay,6,007A,,,427,274,BEA
TB_090926_007A.jpeg,2026-09-09,Turtle_Bay,6,007A,,,385,222,BEA
TB_090926_007A.jpeg,2026-09-09,Turtle_Bay,6,007A,,,419,506,BEA
TB_090926_007A.jpeg,2026-09-09,Turtle_Bay,6,007A,,,568,565,BTurf
TB_090926_007A.jpeg,2026-09-09,Turtle_Bay,6,007A,,,367,328,BEA
TB_090926_007A.jpeg,2026-09-09,Turtle_Bay,6,007A,,,452,650,BEA
TB_090926_007A.jpeg,2026-09-09,Turtle_Bay,6,007A,,,348,694,BEA
TB_090926_007A.jpeg,2026-09-09,Turtle_Bay,6,007A,,,534,616,BEA
TB_090926_007A.jpeg,2026-09-09,Turtle_Bay,6,007A,,,360,1062,BEA
TB_090926_007A.jpeg,2026-09-09,Turtle_Bay,6,007A,,,392,960,BEA
TB_090926_007A.jpeg,2026-09-09,Turtle_Bay,6,007A,,,370,1154,BEA
TB_090926_007A.jpeg,2026-09-09,Turtle_Bay,6,007A,,,529,1317,BEA
TB_090926_007A.jpeg,2026-09-09,Turtle_Bay,6,007A,,,383,1135,BEA
TB_090926_007A.jpeg,2026-09-09,Turtle_Bay,6,007A,,,426,1270,BEA
TB_090926_007A.jpeg,2026-09-09,Turtle_Bay,6,007A,,,705,105,BTurf
TB_090926_007A.jpeg,2026-09-09,Turtle_Bay,6,007A,,,700,235,BTurf
TB_090926_007A.jpeg,2026-09-09,Turtle_Bay,6,007A,,,646,253,BEA
TB_090926_007A.jpeg,2026-09-09,Turtle_Bay,6,007A,,,647,235,BEA
TB_090926_007A.jpeg,2026-09-09,Turtle_Bay,6,007A,,,655,522,BTurf
TB_090926_007A.jpeg,2026-09-09,Turtle_Bay,6,007A,,,819,825,BEA
TB_090926_007A.jpeg,2026-09-09,Turtle_Bay,6,007A,,,636,687,BEA
TB_090926_007A.jpeg,2026-09-09,Turtle_Bay,6,007A,,,607,667,BEA
TB_090926_007A.jpeg,2026-09-09,Turtle_Bay,6,007A,,,680,771,BEA
TB_090926_007A.jpeg,2026-09-09,Turtle_Bay,6,007A,,,575,791,BEA
TB_090926_007A.jpeg,2026-09-09,Turtle_Bay,6,007A,,,768,1040,BEA
TB_090926_007A.jpeg,2026-09-09,Turtle_Bay,6,007A,,,743,1000,BEA
TB_090926_007A.jpeg,2026-09-09,Turtle_Bay,6,007A,,,816,886,BEA
TB_090926_007A.jpeg,2026-09-09,Turtle_Bay,6,007A,,,629,1177,BEA
TB_090926_007A.jpeg,2026-09-09,Turtle_Bay,6,007A,,,954,227,BEA
TB_090926_007A.jpeg,2026-09-09,Turtle_Bay,6,007A,,,961,135,BEA
TB_090926_007A.jpeg,2026-09-09,Turtle_Bay,6,007A,,,951,270,BEA
TB_090926_007A.jpeg,2026-09-09,Turtle_Bay,6,007A,,,1068,96,BEA
TB_090926_007A.jpeg,2026-09-09,Turtle_Bay,6,007A,,,950,273,BEA
TB_090926_007A.jpeg,2026-09-09,Turtle_Bay,6,007A,,,1071,349,BEA
TB_090926_007A.jpeg,2026-09-09,Turtle_Bay,6,007A,,,859,443,BTurf
TB_090926_007A.jpeg,2026-09-09,Turtle_Bay,6,007A,,,989,784,BEA
TB_090926_007A.jpeg,2026-09-09,Turtle_Bay,6,007A,,,1049,767,BTurf
TB_090926_007A.jpeg,2026-09-09,Turtle_Bay,6,007A,,,936,746,BTurf
TB_090926_007A.jpeg,2026-09-09,Turtle_Bay,6,007A,,,1042,829,BEA
TB_090926_007A.jpeg,2026-09-09,Turtle_Bay,6,007A,,,1049,619,BEA
TB_090926_007A.jpeg,2026-09-09,Turtle_Bay,6,007A,,,913,1062,BEA
TB_090926_007A.jpeg,2026-09-09,Turtle_Bay,6,007A,,,862,1335,Outside
TB_090926_007A.jpeg,2026-09-09,Turtle_Bay,6,007A,,,909,1234,BEA
TB_090926_007A.jpeg,2026-09-09,Turtle_Bay,6,007A,,,1217,137,BEA
TB_090926_007A.jpeg,2026-09-09,Turtle_Bay,6,007A,,,1174,99,BEA
TB_090926_007A.jpeg,2026-09-09,Turtle_Bay,6,007A,,,1243,72,BTurf
TB_090926_007A.jpeg,2026-09-09,Turtle_Bay,6,007A,,,1175,344,BEA
TB_090926_007A.jpeg,2026-09-09,Turtle_Bay,6,007A,,,1320,491,BEA
TB_090926_007A.jpeg,2026-09-09,Turtle_Bay,6,007A,,,1320,440,BTurf
TB_090926_007A.jpeg,2026-09-09,Turtle_Bay,6,007A,,,1147,566,BEA
TB_090926_007A.jpeg,2026-09-09,Turtle_Bay,6,007A,,,1175,344,BEA
TB_090926_007A.jpeg,2026-09-09,Turtle_Bay,6,007A,,,1157,964,BEA
TB_090926_007A.jpeg,2026-09-09,Turtle_Bay,6,007A,,,1253,1067,BEA
TB_090926_007A.jpeg,2026-09-09,Turtle_Bay,6,007A,,,1261,872,BEA
TB_090926_007A.jpeg,2026-09-09,Turtle_Bay,6,007A,,,1248,1284,BEA
TB_090926_007A.jpeg,2026-09-09,Turtle_Bay,6,007A,,,1291,1129,BEA
TB_090926_007B.jpeg,2026-09-09,Turtle_Bay,6,007B,,,152,155,BEA
TB_090926_007B.jpeg,2026-09-09,Turtle_Bay,6,007B,,,190,134,GEA
TB_090926_007B.jpeg,2026-09-09,Turtle_Bay,6,007B,,,160,118,GEA
TB_090926_007B.jpeg,2026-09-09,Turtle_Bay,6,007B,,,189,327,BEA
TB_090926_007B.jpeg,2026-09-09,Turtle_Bay,6,007B,,,132,312,BEA
TB_090926_007B.jpeg,2026-09-09,Turtle_Bay,6,007B,,,288,678,BEA
TB_090926_007B.jpeg,2026-09-09,Turtle_Bay,6,007B,,,305,586,BEA
TB_090926_007B.jpeg,2026-09-09,Turtle_Bay,6,007B,,,167,761,BEA
TB_090926_007B.jpeg,2026-09-09,Turtle_Bay,6,007B,,,97,690,BEA
TB_090926_007B.jpeg,2026-09-09,Turtle_Bay,6,007B,,,88,707,BEA
TB_090926_007B.jpeg,2026-09-09,Turtle_Bay,6,007B,,,192,1168,BEA
TB_090926_007B.jpeg,2026-09-09,Turtle_Bay,6,007B,,,199,1095,BEA
TB_090926_007B.jpeg,2026-09-09,Turtle_Bay,6,007B,,,91,1258,BEA
TB_090926_007B.jpeg,2026-09-09,Turtle_Bay,6,007B,,,428,302,BEA
TB_090926_007B.jpeg,2026-09-09,Turtle_Bay,6,007B,,,439,267,BEA
TB_090926_007B.jpeg,2026-09-09,Turtle_Bay,6,007B,,,333,289,GEA
TB_090926_007B.jpeg,2026-09-09,Turtle_Bay,6,007B,,,357,236,BEA
TB_090926_007B.jpeg,2026-09-09,Turtle_Bay,6,007B,,,338,385,BEA
TB_090926_007B.jpeg,2026-09-09,Turtle_Bay,6,007B,,,443,363,GEA
TB_090926_007B.jpeg,2026-09-09,Turtle_Bay,6,007B,,,473,523,BTurf
TB_090926_007B.jpeg,2026-09-09,Turtle_Bay,6,007B,,,336,548,BEA
TB_090926_007B.jpeg,2026-09-09,Turtle_Bay,6,007B,,,482,616,BEA
TB_090926_007B.jpeg,2026-09-09,Turtle_Bay,6,007B,,,411,982,BEA
TB_090926_007B.jpeg,2026-09-09,Turtle_Bay,6,007B,,,459,893,BEA
TB_090926_007B.jpeg,2026-09-09,Turtle_Bay,6,007B,,,348,846,BTurf
TB_090926_007B.jpeg,2026-09-09,Turtle_Bay,6,007B,,,337,854,BTurf
TB_090926_007B.jpeg,2026-09-09,Turtle_Bay,6,007B,,,319,991,BTurf
TB_090926_007B.jpeg,2026-09-09,Turtle_Bay,6,007B,,,514,1062,BEA
TB_090926_007B.jpeg,2026-09-09,Turtle_Bay,6,007B,,,520,1156,BEA
TB_090926_007B.jpeg,2026-09-09,Turtle_Bay,6,007B,,,365,1169,BTurf
TB_090926_007B.jpeg,2026-09-09,Turtle_Bay,6,007B,,,516,1071,BEA
TB_090926_007B.jpeg,2026-09-09,Turtle_Bay,6,007B,,,354,1123,BTurf
TB_090926_007B.jpeg,2026-09-09,Turtle_Bay,6,007B,,,352,1058,BEA
TB_090926_007B.jpeg,2026-09-09,Turtle_Bay,6,007B,,,550,1241,BTurf
TB_090926_007B.jpeg,2026-09-09,Turtle_Bay,6,007B,,,573,188,BEA
TB_090926_007B.jpeg,2026-09-09,Turtle_Bay,6,007B,,,722,123,BEA
TB_090926_007B.jpeg,2026-09-09,Turtle_Bay,6,007B,,,655,339,BEA
TB_090926_007B.jpeg,2026-09-09,Turtle_Bay,6,007B,,,678,468,BTurf
TB_090926_007B.jpeg,2026-09-09,Turtle_Bay,6,007B,,,691,399,BEA
TB_090926_007B.jpeg,2026-09-09,Turtle_Bay,6,007B,,,568,325,BEA
TB_090926_007B.jpeg,2026-09-09,Turtle_Bay,6,007B,,,690,643,BEA
TB_090926_007B.jpeg,2026-09-09,Turtle_Bay,6,007B,,,615,997,BEA
TB_090926_007B.jpeg,2026-09-09,Turtle_Bay,6,007B,,,581,899,GEA
TB_090926_007B.jpeg,2026-09-09,Turtle_Bay,6,007B,,,716,912,BEA
TB_090926_007B.jpeg,2026-09-09,Turtle_Bay,6,007B,,,714,933,BEA
TB_090926_007B.jpeg,2026-09-09,Turtle_Bay,6,007B,,,730,961,BEA
TB_090926_007B.jpeg,2026-09-09,Turtle_Bay,6,007B,,,671,857,BEA
TB_090926_007B.jpeg,2026-09-09,Turtle_Bay,6,007B,,,669,1194,BEA
TB_090926_007B.jpeg,2026-09-09,Turtle_Bay,6,007B,,,618,1176,BEA
TB_090926_007B.jpeg,2026-09-09,Turtle_Bay,6,007B,,,648,1128,BEA
TB_090926_007B.jpeg,2026-09-09,Turtle_Bay,6,007B,,,909,182,BEA
TB_090926_007B.jpeg,2026-09-09,Turtle_Bay,6,007B,,,962,170,BEA
TB_090926_007B.jpeg,2026-09-09,Turtle_Bay,6,007B,,,911,74,BEA
TB_090926_007B.jpeg,2026-09-09,Turtle_Bay,6,007B,,,977,72,BEA
TB_090926_007B.jpeg,2026-09-09,Turtle_Bay,6,007B,,,857,534,GEA
TB_090926_007B.jpeg,2026-09-09,Turtle_Bay,6,007B,,,839,424,BEA
TB_090926_007B.jpeg,2026-09-09,Turtle_Bay,6,007B,,,997,351,BTurf
TB_090926_007B.jpeg,2026-09-09,Turtle_Bay,6,007B,,,914,768,BEA
TB_090926_007B.jpeg,2026-09-09,Turtle_Bay,6,007B,,,857,707,BEA
TB_090926_007B.jpeg,2026-09-09,Turtle_Bay,6,007B,,,865,926,BEA
TB_090926_007B.jpeg,2026-09-09,Turtle_Bay,6,007B,,,959,1114,BTurf
TB_090926_007B.jpeg,2026-09-09,Turtle_Bay,6,007B,,,1037,1241,BEA
TB_090926_007B.jpeg,2026-09-09,Turtle_Bay,6,007B,,,1031,1067,BTurf
TB_090926_007B.jpeg,2026-09-09,Turtle_Bay,6,007B,,,1175,69,GEA
TB_090926_007B.jpeg,2026-09-09,Turtle_Bay,6,007B,,,1074,164,GEA
TB_090926_007B.jpeg,2026-09-09,Turtle_Bay,6,007B,,,1126,386,BEA
TB_090926_007B.jpeg,2026-09-09,Turtle_Bay,6,007B,,,1056,340,BEA
TB_090926_007B.jpeg,2026-09-09,Turtle_Bay,6,007B,,,1131,308,BEA
TB_090926_007B.jpeg,2026-09-09,Turtle_Bay,6,007B,,,1185,770,BEA
TB_090926_007B.jpeg,2026-09-09,Turtle_Bay,6,007B,,,1222,889,BTurf
TB_090926_007B.jpeg,2026-09-09,Turtle_Bay,6,007B,,,1129,893,BEA
TB_090926_007B.jpeg,2026-09-09,Turtle_Bay,6,007B,,,1194,943,BTurf
TB_090926_007B.jpeg,2026-09-09,Turtle_Bay,6,007B,,,1152,1030,BTurf
TB_090926_007B.jpeg,2026-09-09,Turtle_Bay,6,007B,,,1150,1100,BTurf
TB_090926_007B.jpeg,2026-09-09,Turtle_Bay,6,007B,,,1105,1049,BTurf
TB_090926_008A.jpeg,2026-09-09,Turtle_Bay,6,008A,,,513,534,BEA
TB_090926_008A.jpeg,2026-09-09,Turtle_Bay,6,008A,,,247,893,BEA
TB_090926_008A.jpeg,2026-09-09,Turtle_Bay,6,008A,,,217,922,BEA
TB_090926_008A.jpeg,2026-09-09,Turtle_Bay,6,008A,,,481,925,CCA
TB_090926_008A.jpeg,2026-09-09,Turtle_Bay,6,008A,,,479,1324,BTurf
TB_090926_008A.jpeg,2026-09-09,Turtle_Bay,6,008A,,,319,1331,CCA
TB_090926_008A.jpeg,2026-09-09,Turtle_Bay,6,008A,,,504,1649,BTurf
TB_090926_008A.jpeg,2026-09-09,Turtle_Bay,6,008A,,,350,1514,BTurf
TB_090926_008A.jpeg,2026-09-09,Turtle_Bay,6,008A,,,171,1416,BTurf
TB_090926_008A.jpeg,2026-09-09,Turtle_Bay,6,008A,,,298,1912,BTurf
TB_090926_008A.jpeg,2026-09-09,Turtle_Bay,6,008A,,,305,2192,BEA
TB_090926_008A.jpeg,2026-09-09,Turtle_Bay,6,008A,,,252,2094,BTurf
TB_090926_008A.jpeg,2026-09-09,Turtle_Bay,6,008A,,,629,259,BTurf
TB_090926_008A.jpeg,2026-09-09,Turtle_Bay,6,008A,,,645,517,BTurf
TB_090926_008A.jpeg,2026-09-09,Turtle_Bay,6,008A,,,865,409,BEA
TB_090926_008A.jpeg,2026-09-09,Turtle_Bay,6,008A,,,748,527,BTurf
TB_090926_008A.jpeg,2026-09-09,Turtle_Bay,6,008A,,,603,432,BTurf
TB_090926_008A.jpeg,2026-09-09,Turtle_Bay,6,008A,,,801,837,GEA
TB_090926_008A.jpeg,2026-09-09,Turtle_Bay,6,008A,,,894,753,BTurf
TB_090926_008A.jpeg,2026-09-09,Turtle_Bay,6,008A,,,900,1327,BTurf
TB_090926_008A.jpeg,2026-09-09,Turtle_Bay,6,008A,,,910,1337,BTurf
TB_090926_008A.jpeg,2026-09-09,Turtle_Bay,6,008A,,,598,1229,BTurf
TB_090926_008A.jpeg,2026-09-09,Turtle_Bay,6,008A,,,852,1605,BTurf
TB_090926_008A.jpeg,2026-09-09,Turtle_Bay,6,008A,,,823,1415,BTurf
TB_090926_008A.jpeg,2026-09-09,Turtle_Bay,6,008A,,,640,1750,BTurf
TB_090926_008A.jpeg,2026-09-09,Turtle_Bay,6,008A,,,872,2047,BTurf
TB_090926_008A.jpeg,2026-09-09,Turtle_Bay,6,008A,,,800,1901,BTurf
TB_090926_008A.jpeg,2026-09-09,Turtle_Bay,6,008A,,,671,1885,BTurf
TB_090926_008A.jpeg,2026-09-09,Turtle_Bay,6,008A,,,799,1996,BTurf
TB_090926_008A.jpeg,2026-09-09,Turtle_Bay,6,008A,,,685,1902,BTurf
TB_090926_008A.jpeg,2026-09-09,Turtle_Bay,6,008A,,,1146,340,BEA
TB_090926_008A.jpeg,2026-09-09,Turtle_Bay,6,008A,,,1343,445,BTurf
TB_090926_008A.jpeg,2026-09-09,Turtle_Bay,6,008A,,,1087,287,BTurf
TB_090926_008A.jpeg,2026-09-09,Turtle_Bay,6,008A,,,1214,324,BTurf
TB_090926_008A.jpeg,2026-09-09,Turtle_Bay,6,008A,,,1306,422,BTurf
TB_090926_008A.jpeg,2026-09-09,Turtle_Bay,6,008A,,,1089,276,BEA
TB_090926_008A.jpeg,2026-09-09,Turtle_Bay,6,008A,,,962,640,GEA
TB_090926_008A.jpeg,2026-09-09,Turtle_Bay,6,008A,,,1175,918,BEA
TB_090926_008A.jpeg,2026-09-09,Turtle_Bay,6,008A,,,1308,761,BTurf
TB_090926_008A.jpeg,2026-09-09,Turtle_Bay,6,008A,,,951,910,BTurf
TB_090926_008A.jpeg,2026-09-09,Turtle_Bay,6,008A,,,1269,880,BTurf
TB_090926_008A.jpeg,2026-09-09,Turtle_Bay,6,008A,,,1216,904,BTurf
TB_090926_008A.jpeg,2026-09-09,Turtle_Bay,6,008A,,,1024,1204,BTurf
TB_090926_008A.jpeg,2026-09-09,Turtle_Bay,6,008A,,,1009,1439,BTurf
TB_090926_008A.jpeg,2026-09-09,Turtle_Bay,6,008A,,,1037,1656,BTurf
TB_090926_008A.jpeg,2026-09-09,Turtle_Bay,6,008A,,,1315,1460,BTurf
TB_090926_008A.jpeg,2026-09-09,Turtle_Bay,6,008A,,,1098,1783,BTurf
TB_090926_008A.jpeg,2026-09-09,Turtle_Bay,6,008A,,,1307,2031,BTurf
TB_090926_008A.jpeg,2026-09-09,Turtle_Bay,6,008A,,,1697,241,BTurf
TB_090926_008A.jpeg,2026-09-09,Turtle_Bay,6,008A,,,1461,494,BTurf
TB_090926_008A.jpeg,2026-09-09,Turtle_Bay,6,008A,,,1460,590,BTurf
TB_090926_008A.jpeg,2026-09-09,Turtle_Bay,6,008A,,,1629,748,BEA
TB_090926_008A.jpeg,2026-09-09,Turtle_Bay,6,008A,,,1408,569,BTurf
TB_090926_008A.jpeg,2026-09-09,Turtle_Bay,6,008A,,,1348,718,BTurf
TB_090926_008A.jpeg,2026-09-09,Turtle_Bay,6,008A,,,1590,541,BTurf
TB_090926_008A.jpeg,2026-09-09,Turtle_Bay,6,008A,,,1628,852,BTurf
TB_090926_008A.jpeg,2026-09-09,Turtle_Bay,6,008A,,,1454,1131,BTurf
TB_090926_008A.jpeg,2026-09-09,Turtle_Bay,6,008A,,,1713,1339,BTurf
TB_090926_008A.jpeg,2026-09-09,Turtle_Bay,6,008A,,,1552,974,BTurf
TB_090926_008A.jpeg,2026-09-09,Turtle_Bay,6,008A,,,1672,1290,BTurf
TB_090926_008A.jpeg,2026-09-09,Turtle_Bay,6,008A,,,1742,1655,BTurf
TB_090926_008A.jpeg,2026-09-09,Turtle_Bay,6,008A,,,1585,1524,BTurf
TB_090926_008A.jpeg,2026-09-09,Turtle_Bay,6,008A,,,1471,2004,BTurf
TB_090926_008A.jpeg,2026-09-09,Turtle_Bay,6,008A,,,1561,2106,BEA
TB_090926_008A.jpeg,2026-09-09,Turtle_Bay,6,008A,,,1822,279,BEA
TB_090926_008A.jpeg,2026-09-09,Turtle_Bay,6,008A,,,1830,533,BTurf
TB_090926_008A.jpeg,2026-09-09,Turtle_Bay,6,008A,,,1777,529,BTurf
TB_090926_008A.jpeg,2026-09-09,Turtle_Bay,6,008A,,,1878,754,BTurf
TB_090926_008A.jpeg,2026-09-09,Turtle_Bay,6,008A,,,1916,931,BTurf
TB_090926_008A.jpeg,2026-09-09,Turtle_Bay,6,008A,,,1992,758,BEA
TB_090926_008A.jpeg,2026-09-09,Turtle_Bay,6,008A,,,1891,1156,BTurf
TB_090926_008A.jpeg,2026-09-09,Turtle_Bay,6,008A,,,2139,1342,BTurf
TB_090926_008A.jpeg,2026-09-09,Turtle_Bay,6,008A,,,2161,1504,BTurf
TB_090926_008A.jpeg,2026-09-09,Turtle_Bay,6,008A,,,1893,1732,BTurf
TB_090926_008A.jpeg,2026-09-09,Turtle_Bay,6,008A,,,2055,1821,BTurf
TB_090926_009A.jpeg,2026-09-09,Turtle_Bay,6,009A,,,118,666,BTurf
TB_090926_009A.jpeg,2026-09-09,Turtle_Bay,6,009A,,,290,533,BTurf
TB_090926_009A.jpeg,2026-09-09,Turtle_Bay,6,009A,,,288,455,BTurf
TB_090926_009A.jpeg,2026-09-09,Turtle_Bay,6,009A,,,184,1078,BTurf
TB_090926_009A.jpeg,2026-09-09,Turtle_Bay,6,009A,,,448,822,BTurf
TB_090926_009A.jpeg,2026-09-09,Turtle_Bay,6,009A,,,229,939,BTurf
TB_090926_009A.jpeg,2026-09-09,Turtle_Bay,6,009A,,,100,953,BTurf
TB_090926_009A.jpeg,2026-09-09,Turtle_Bay,6,009A,,,133,975,BTurf
TB_090926_009A.jpeg,2026-09-09,Turtle_Bay,6,009A,,,143,1603,BTurf
TB_090926_009A.jpeg,2026-09-09,Turtle_Bay,6,009A,,,413,1785,BTurf
TB_090926_009A.jpeg,2026-09-09,Turtle_Bay,6,009A,,,415,1621,BTurf
TB_090926_009A.jpeg,2026-09-09,Turtle_Bay,6,009A,,,590,390,BTurf
TB_090926_009A.jpeg,2026-09-09,Turtle_Bay,6,009A,,,577,264,BTurf
TB_090926_009A.jpeg,2026-09-09,Turtle_Bay,6,009A,,,470,336,BTurf
TB_090926_009A.jpeg,2026-09-09,Turtle_Bay,6,009A,,,479,573,BTurf
TB_090926_009A.jpeg,2026-09-09,Turtle_Bay,6,009A,,,627,724,BTurf
TB_090926_009A.jpeg,2026-09-09,Turtle_Bay,6,009A,,,714,724,BTurf
TB_090926_009A.jpeg,2026-09-09,Turtle_Bay,6,009A,,,584,534,BTurf
TB_090926_009A.jpeg,2026-09-09,Turtle_Bay,6,009A,,,664,728,BTurf
TB_090926_009A.jpeg,2026-09-09,Turtle_Bay,6,009A,,,775,871,BTurf
TB_090926_009A.jpeg,2026-09-09,Turtle_Bay,6,009A,,,809,1145,BTurf
TB_090926_009A.jpeg,2026-09-09,Turtle_Bay,6,009A,,,687,880,BTurf
TB_090926_009A.jpeg,2026-09-09,Turtle_Bay,6,009A,,,774,999,BTurf
TB_090926_009A.jpeg,2026-09-09,Turtle_Bay,6,009A,,,598,802,BEA
TB_090926_009A.jpeg,2026-09-09,Turtle_Bay,6,009A,,,721,848,BTurf
TB_090926_009A.jpeg,2026-09-09,Turtle_Bay,6,009A,,,599,817,BTurf
TB_090926_009A.jpeg,2026-09-09,Turtle_Bay,6,009A,,,726,1408,BTurf
TB_090926_009A.jpeg,2026-09-09,Turtle_Bay,6,009A,,,488,1781,BEA
TB_090926_009A.jpeg,2026-09-09,Turtle_Bay,6,009A,,,784,1812,BTurf
TB_090926_009A.jpeg,2026-09-09,Turtle_Bay,6,009A,,,1147,270,BTurf
TB_090926_009A.jpeg,2026-09-09,Turtle_Bay,6,009A,,,895,172,BTurf
TB_090926_009A.jpeg,2026-09-09,Turtle_Bay,6,009A,,,823,233,BTurf
TB_090926_009A.jpeg,2026-09-09,Turtle_Bay,6,009A,,,873,566,BTurf
TB_090926_009A.jpeg,2026-09-09,Turtle_Bay,6,009A,,,939,775,BTurf
TB_090926_009A.jpeg,2026-09-09,Turtle_Bay,6,009A,,,1009,1104,BTurf
TB_090926_009A.jpeg,2026-09-09,Turtle_Bay,6,009A,,,902,884,BTurf
TB_090926_009A.jpeg,2026-09-09,Turtle_Bay,6,009A,,,949,977,BTurf
TB_090926_009A.jpeg,2026-09-09,Turtle_Bay,6,009A,,,860,855,BTurf
TB_090926_009A.jpeg,2026-09-09,Turtle_Bay,6,009A,,,1118,1167,BTurf
TB_090926_009A.jpeg,2026-09-09,Turtle_Bay,6,009A,,,855,1187,BTurf
TB_090926_009A.jpeg,2026-09-09,Turtle_Bay,6,009A,,,1115,1722,BTurf
TB_090926_009A.jpeg,2026-09-09,Turtle_Bay,6,009A,,,1054,1744,BEA
TB_090926_009A.jpeg,2026-09-09,Turtle_Bay,6,009A,,,1123,1640,BTurf
TB_090926_009A.jpeg,2026-09-09,Turtle_Bay,6,009A,,,1379,405,BTurf
TB_090926_009A.jpeg,2026-09-09,Turtle_Bay,6,009A,,,1278,108,BTurf
TB_090926_009A.jpeg,2026-09-09,Turtle_Bay,6,009A,,,1189,311,BTurf
TB_090926_009A.jpeg,2026-09-09,Turtle_Bay,6,009A,,,1397,582,BEA
TB_090926_009A.jpeg,2026-09-09,Turtle_Bay,6,009A,,,1353,634,BTurf
TB_090926_009A.jpeg,2026-09-09,Turtle_Bay,6,009A,,,1289,1058,BTurf
TB_090926_009A.jpeg,2026-09-09,Turtle_Bay,6,009A,,,1386,926,BTurf
TB_090926_009A.jpeg,2026-09-09,Turtle_Bay,6,009A,,,1449,872,BTurf
TB_090926_009A.jpeg,2026-09-09,Turtle_Bay,6,009A,,,1486,882,BTurf
TB_090926_009A.jpeg,2026-09-09,Turtle_Bay,6,009A,,,1239,1121,BTurf
TB_090926_009A.jpeg,2026-09-09,Turtle_Bay,6,009A,,,1465,1173,BTurf
TB_090926_009A.jpeg,2026-09-09,Turtle_Bay,6,009A,,,1392,1382,BTurf
TB_090926_009A.jpeg,2026-09-09,Turtle_Bay,6,009A,,,1173,1538,BTurf
TB_090926_009A.jpeg,2026-09-09,Turtle_Bay,6,009A,,,1199,1595,BTurf
TB_090926_009A.jpeg,2026-09-09,Turtle_Bay,6,009A,,,1245,1816,BTurf
TB_090926_009A.jpeg,2026-09-09,Turtle_Bay,6,009A,,,1554,134,BTurf
TB_090926_009A.jpeg,2026-09-09,Turtle_Bay,6,009A,,,1716,406,BTurf
TB_090926_009A.jpeg,2026-09-09,Turtle_Bay,6,009A,,,1726,144,BTurf
TB_090926_009A.jpeg,2026-09-09,Turtle_Bay,6,009A,,,1720,516,BTurf
TB_090926_009A.jpeg,2026-09-09,Turtle_Bay,6,009A,,,1862,576,BTurf
TB_090926_009A.jpeg,2026-09-09,Turtle_Bay,6,009A,,,1663,694,BTurf
TB_090926_009A.jpeg,2026-09-09,Turtle_Bay,6,009A,,,1726,780,BTurf
TB_090926_009A.jpeg,2026-09-09,Turtle_Bay,6,009A,,,1664,664,BTurf
TB_090926_009A.jpeg,2026-09-09,Turtle_Bay,6,009A,,,1587,650,BTurf
TB_090926_009A.jpeg,2026-09-09,Turtle_Bay,6,009A,,,1712,1091,BTurf
TB_090926_009A.jpeg,2026-09-09,Turtle_Bay,6,009A,,,1723,833,BTurf
TB_090926_009A.jpeg,2026-09-09,Turtle_Bay,6,009A,,,1633,913,BTurf
TB_090926_009A.jpeg,2026-09-09,Turtle_Bay,6,009A,,,1884,1082,BTurf
TB_090926_009A.jpeg,2026-09-09,Turtle_Bay,6,009A,,,1708,1273,BTurf
TB_090926_009A.jpeg,2026-09-09,Turtle_Bay,6,009A,,,1727,1266,BTurf
TB_090926_009A.jpeg,2026-09-09,Turtle_Bay,6,009A,,,1857,1275,BTurf
TB_090926_009A.jpeg,2026-09-09,Turtle_Bay,6,009A,,,1864,1770,Outside
TB_090926_011A.jpeg,2026-09-09,Turtle_Bay,6,011A,,,238,328,GEA
TB_090926_011A.jpeg,2026-09-09,Turtle_Bay,6,011A,,,438,304,BTurf
TB_090926_011A.jpeg,2026-09-09,Turtle_Bay,6,011A,,,194,233,BEA
TB_090926_011A.jpeg,2026-09-09,Turtle_Bay,6,011A,,,184,181,BEA
TB_090926_011A.jpeg,2026-09-09,Turtle_Bay,6,011A,,,373,583,BEA
TB_090926_011A.jpeg,2026-09-09,Turtle_Bay,6,011A,,,307,781,BEA
TB_090926_011A.jpeg,2026-09-09,Turtle_Bay,6,011A,,,469,884,BTurf
TB_090926_011A.jpeg,2026-09-09,Turtle_Bay,6,011A,,,266,725,BTurf
TB_090926_011A.jpeg,2026-09-09,Turtle_Bay,6,011A,,,122,631,BEA
TB_090926_011A.jpeg,2026-09-09,Turtle_Bay,6,011A,,,540,1296,BTurf
TB_090926_011A.jpeg,2026-09-09,Turtle_Bay,6,011A,,,377,1296,BTurf
TB_090926_011A.jpeg,2026-09-09,Turtle_Bay,6,011A,,,384,1792,BEA
TB_090926_011A.jpeg,2026-09-09,Turtle_Bay,6,011A,,,248,1770,BTurf
TB_090926_011A.jpeg,2026-09-09,Turtle_Bay,6,011A,,,133,1533,BTurf
TB_090926_011A.jpeg,2026-09-09,Turtle_Bay,6,011A,,,473,1616,BTurf
TB_090926_011A.jpeg,2026-09-09,Turtle_Bay,6,011A,,,482,1713,BEA
TB_090926_011A.jpeg,2026-09-09,Turtle_Bay,6,011A,,,588,353,BTurf
TB_090926_011A.jpeg,2026-09-09,Turtle_Bay,6,011A,,,664,584,BEA
TB_090926_011A.jpeg,2026-09-09,Turtle_Bay,6,011A,,,729,628,BEA
TB_090926_011A.jpeg,2026-09-09,Turtle_Bay,6,011A,,,970,1298,BEA
TB_090926_011A.jpeg,2026-09-09,Turtle_Bay,6,011A,,,968,1089,BEA
TB_090926_011A.jpeg,2026-09-09,Turtle_Bay,6,011A,,,922,1281,BEA
TB_090926_011A.jpeg,2026-09-09,Turtle_Bay,6,011A,,,986,1430,BTurf
TB_090926_011A.jpeg,2026-09-09,Turtle_Bay,6,011A,,,710,1952,BEA
TB_090926_011A.jpeg,2026-09-09,Turtle_Bay,6,011A,,,562,2105,BEA
TB_090926_011A.jpeg,2026-09-09,Turtle_Bay,6,011A,,,1305,532,BEA
TB_090926_011A.jpeg,2026-09-09,Turtle_Bay,6,011A,,,1192,397,BTurf
TB_090926_011A.jpeg,2026-09-09,Turtle_Bay,6,011A,,,1418,778,GEA
TB_090926_011A.jpeg,2026-09-09,Turtle_Bay,6,011A,,,1089,920,BTurf
TB_090926_011A.jpeg,2026-09-09,Turtle_Bay,6,011A,,,1190,732,BEA
TB_090926_011A.jpeg,2026-09-09,Turtle_Bay,6,011A,,,1104,559,BTurf
TB_090926_011A.jpeg,2026-09-09,Turtle_Bay,6,011A,,,1180,900,BTurf
TB_090926_011A.jpeg,2026-09-09,Turtle_Bay,6,011A,,,1410,804,BEA
TB_090926_011A.jpeg,2026-09-09,Turtle_Bay,6,011A,,,1336,867,BEA
TB_090926_011A.jpeg,2026-09-09,Turtle_Bay,6,011A,,,1361,779,BEA
TB_090926_011A.jpeg,2026-09-09,Turtle_Bay,6,011A,,,1394,1065,BEA
TB_090926_011A.jpeg,2026-09-09,Turtle_Bay,6,011A,,,1076,1085,BEA
TB_090926_011A.jpeg,2026-09-09,Turtle_Bay,6,011A,,,1277,978,BEA
TB_090926_011A.jpeg,2026-09-09,Turtle_Bay,6,011A,,,1404,1528,GEA
TB_090926_011A.jpeg,2026-09-09,Turtle_Bay,6,011A,,,1074,2244,BEA
TB_090926_011A.jpeg,2026-09-09,Turtle_Bay,6,011A,,,1369,2179,BEA
TB_090926_011A.jpeg,2026-09-09,Turtle_Bay,6,011A,,,1204,1850,BTurf
TB_090926_011A.jpeg,2026-09-09,Turtle_Bay,6,011A,,,1273,2258,BEA
TB_090926_011A.jpeg,2026-09-09,Turtle_Bay,6,011A,,,1156,2188,BTurf
TB_090926_011A.jpeg,2026-09-09,Turtle_Bay,6,011A,,,1388,2152,BEA
TB_090926_011A.jpeg,2026-09-09,Turtle_Bay,6,011A,,,1797,126,BTurf
TB_090926_011A.jpeg,2026-09-09,Turtle_Bay,6,011A,,,1471,349,BTurf
TB_090926_011A.jpeg,2026-09-09,Turtle_Bay,6,011A,,,1581,509,BEA
TB_090926_011A.jpeg,2026-09-09,Turtle_Bay,6,011A,,,1524,191,BTurf
TB_090926_011A.jpeg,2026-09-09,Turtle_Bay,6,011A,,,1486,773,BTurf
TB_090926_011A.jpeg,2026-09-09,Turtle_Bay,6,011A,,,1736,787,BEA
TB_090926_011A.jpeg,2026-09-09,Turtle_Bay,6,011A,,,1776,937,BTurf
TB_090926_011A.jpeg,2026-09-09,Turtle_Bay,6,011A,,,1799,569,BTurf
TB_090926_011A.jpeg,2026-09-09,Turtle_Bay,6,011A,,,1545,1321,BEA
TB_090926_011A.jpeg,2026-09-09,Turtle_Bay,6,011A,,,1534,1577,BEA
TB_090926_011A.jpeg,2026-09-09,Turtle_Bay,6,011A,,,1709,1470,BTurf
TB_090926_011A.jpeg,2026-09-09,Turtle_Bay,6,011A,,,1766,2014,BEA
TB_090926_011A.jpeg,2026-09-09,Turtle_Bay,6,011A,,,1753,2177,BEA
TB_090926_011A.jpeg,2026-09-09,Turtle_Bay,6,011A,,,1721,2136,BTurf
TB_090926_011A.jpeg,2026-09-09,Turtle_Bay,6,011A,,,1611,2247,BEA
TB_090926_011A.jpeg,2026-09-09,Turtle_Bay,6,011A,,,1547,2188,BEA
TB_090926_011A.jpeg,2026-09-09,Turtle_Bay,6,011A,,,1573,2090,GEA
TB_090926_011A.jpeg,2026-09-09,Turtle_Bay,6,011A,,,1983,413,BEA
TB_090926_011A.jpeg,2026-09-09,Turtle_Bay,6,011A,,,2206,479,BTurf
TB_090926_011A.jpeg,2026-09-09,Turtle_Bay,6,011A,,,2038,156,BEA
TB_090926_011A.jpeg,2026-09-09,Turtle_Bay,6,011A,,,1928,386,BEA
TB_090926_011A.jpeg,2026-09-09,Turtle_Bay,6,011A,,,1981,667,BEA
TB_090926_011A.jpeg,2026-09-09,Turtle_Bay,6,011A,,,2200,707,BTurf
TB_090926_011A.jpeg,2026-09-09,Turtle_Bay,6,011A,,,2021,1206,BEA
TB_090926_011A.jpeg,2026-09-09,Turtle_Bay,6,011A,,,2039,1067,BTurf
TB_090926_011A.jpeg,2026-09-09,Turtle_Bay,6,011A,,,2266,1362,BTurf
TB_090926_011A.jpeg,2026-09-09,Turtle_Bay,6,011A,,,2188,1247,BEA
TB_090926_011A.jpeg,2026-09-09,Turtle_Bay,6,011A,,,2121,1306,BEA
TB_090926_011A.jpeg,2026-09-09,Turtle_Bay,6,011A,,,1957,1662,BTurf
TB_090926_011A.jpeg,2026-09-09,Turtle_Bay,6,011A,,,2303,2054,BEA
TB_090926_012A.jpeg,2026-09-09,Turtle_Bay,6,012A,,,391,493,BEA
TB_090926_012A.jpeg,2026-09-09,Turtle_Bay,6,012A,,,425,638,BTurf
TB_090926_012A.jpeg,2026-09-09,Turtle_Bay,6,012A,,,278,920,BTurf
TB_090926_012A.jpeg,2026-09-09,Turtle_Bay,6,012A,,,165,586,BTurf
TB_090926_012A.jpeg,2026-09-09,Turtle_Bay,6,012A,,,516,604,BTurf
TB_090926_012A.jpeg,2026-09-09,Turtle_Bay,6,012A,,,231,1177,BTurf
TB_090926_012A.jpeg,2026-09-09,Turtle_Bay,6,012A,,,212,1220,BEA
TB_090926_012A.jpeg,2026-09-09,Turtle_Bay,6,012A,,,280,1033,BTurf
TB_090926_012A.jpeg,2026-09-09,Turtle_Bay,6,012A,,,355,2019,BEA
TB_090926_012A.jpeg,2026-09-09,Turtle_Bay,6,012A,,,466,2223,BEA
TB_090926_012A.jpeg,2026-09-09,Turtle_Bay,6,012A,,,428,2021,BEA
TB_090926_012A.jpeg,2026-09-09,Turtle_Bay,6,012A,,,120,1815,BEA
TB_090926_012A.jpeg,2026-09-09,Turtle_Bay,6,012A,,,572,469,BEA
TB_090926_012A.jpeg,2026-09-09,Turtle_Bay,6,012A,,,927,223,BEA
TB_090926_012A.jpeg,2026-09-09,Turtle_Bay,6,012A,,,878,172,BEA
TB_090926_012A.jpeg,2026-09-09,Turtle_Bay,6,012A,,,885,147,BEA
TB_090926_012A.jpeg,2026-09-09,Turtle_Bay,6,012A,,,734,714,BEA
TB_090926_012A.jpeg,2026-09-09,Turtle_Bay,6,012A,,,534,752,BEA
TB_090926_012A.jpeg,2026-09-09,Turtle_Bay,6,012A,,,893,894,BTurf
TB_090926_012A.jpeg,2026-09-09,Turtle_Bay,6,012A,,,841,893,BTurf
TB_090926_012A.jpeg,2026-09-09,Turtle_Bay,6,012A,,,801,798,BEA
TB_090926_012A.jpeg,2026-09-09,Turtle_Bay,6,012A,,,900,1093,BEA
TB_090926_012A.jpeg,2026-09-09,Turtle_Bay,6,012A,,,662,997,BTurf
TB_090926_012A.jpeg,2026-09-09,Turtle_Bay,6,012A,,,695,1189,BTurf
TB_090926_012A.jpeg,2026-09-09,Turtle_Bay,6,012A,,,770,1664,BEA
TB_090926_012A.jpeg,2026-09-09,Turtle_Bay,6,012A,,,899,1971,BTurf
TB_090926_012A.jpeg,2026-09-09,Turtle_Bay,6,012A,,,810,1866,GEA
TB_090926_012A.jpeg,2026-09-09,Turtle_Bay,6,012A,,,809,1815,BEA
TB_090926_012A.jpeg,2026-09-09,Turtle_Bay,6,012A,,,726,2095,BEA
TB_090926_012A.jpeg,2026-09-09,Turtle_Bay,6,012A,,,554,1948,BTurf
TB_090926_012A.jpeg,2026-09-09,Turtle_Bay,6,012A,,,1096,436,BTurf
TB_090926_012A.jpeg,2026-09-09,Turtle_Bay,6,012A,,,982,264,BEA
TB_090926_012A.jpeg,2026-09-09,Turtle_Bay,6,012A,,,1224,130,BEA
TB_090926_012A.jpeg,2026-09-09,Turtle_Bay,6,012A,,,1016,221,BEA
TB_090926_012A.jpeg,2026-09-09,Turtle_Bay,6,012A,,,1233,624,BEA
TB_090926_012A.jpeg,2026-09-09,Turtle_Bay,6,012A,,,967,582,BTurf
TB_090926_012A.jpeg,2026-09-09,Turtle_Bay,6,012A,,,1122,1336,BTurf
TB_090926_012A.jpeg,2026-09-09,Turtle_Bay,6,012A,,,1308,1174,BTurf
TB_090926_012A.jpeg,2026-09-09,Turtle_Bay,6,012A,,,1259,1339,BEA
TB_090926_012A.jpeg,2026-09-09,Turtle_Bay,6,012A,,,961,1036,BEA
TB_090926_012A.jpeg,2026-09-09,Turtle_Bay,6,012A,,,1262,1419,BEA
TB_090926_012A.jpeg,2026-09-09,Turtle_Bay,6,012A,,,1016,1524,BTurf
TB_090926_012A.jpeg,2026-09-09,Turtle_Bay,6,012A,,,1099,1442,BEA
TB_090926_012A.jpeg,2026-09-09,Turtle_Bay,6,012A,,,1287,2039,BEA
TB_090926_012A.jpeg,2026-09-09,Turtle_Bay,6,012A,,,1704,329,BTurf
TB_090926_012A.jpeg,2026-09-09,Turtle_Bay,6,012A,,,1535,277,BEA
TB_090926_012A.jpeg,2026-09-09,Turtle_Bay,6,012A,,,1430,1202,GEA
TB_090926_012A.jpeg,2026-09-09,Turtle_Bay,6,012A,,,1653,1252,BEA
TB_090926_012A.jpeg,2026-09-09,Turtle_Bay,6,012A,,,1512,1100,BEA
TB_090926_012A.jpeg,2026-09-09,Turtle_Bay,6,012A,,,1742,1131,BTurf
TB_090926_012A.jpeg,2026-09-09,Turtle_Bay,6,012A,,,1586,1375,BEA
TB_090926_012A.jpeg,2026-09-09,Turtle_Bay,6,012A,,,1447,1671,BEA
TB_090926_012A.jpeg,2026-09-09,Turtle_Bay,6,012A,,,1711,1852,BTurf
TB_090926_012A.jpeg,2026-09-09,Turtle_Bay,6,012A,,,1886,302,BEA
TB_090926_012A.jpeg,2026-09-09,Turtle_Bay,6,012A,,,1893,141,GEA
TB_090926_012A.jpeg,2026-09-09,Turtle_Bay,6,012A,,,2192,507,BEA
TB_090926_012A.jpeg,2026-09-09,Turtle_Bay,6,012A,,,2121,362,Bare-Subst
TB_090926_012A.jpeg,2026-09-09,Turtle_Bay,6,012A,,,1922,196,GEA
TB_090926_012A.jpeg,2026-09-09,Turtle_Bay,6,012A,,,1900,133,GEA
TB_090926_012A.jpeg,2026-09-09,Turtle_Bay,6,012A,,,1831,200,BEA
TB_090926_012A.jpeg,2026-09-09,Turtle_Bay,6,012A,,,1815,612,GEA
TB_090926_012A.jpeg,2026-09-09,Turtle_Bay,6,012A,,,2149,842,BEA
TB_090926_012A.jpeg,2026-09-09,Turtle_Bay,6,012A,,,2042,680,BEA
TB_090926_012A.jpeg,2026-09-09,Turtle_Bay,6,012A,,,1797,1268,BTurf
TB_090926_012A.jpeg,2026-09-09,Turtle_Bay,6,012A,,,1865,1284,BEA
TB_090926_012A.jpeg,2026-09-09,Turtle_Bay,6,012A,,,2035,1416,BEA
TB_090926_012A.jpeg,2026-09-09,Turtle_Bay,6,012A,,,1952,1482,BEA
TB_090926_012A.jpeg,2026-09-09,Turtle_Bay,6,012A,,,1878,1674,BEA
TB_090926_012A.jpeg,2026-09-09,Turtle_Bay,6,012A,,,2005,1615,BEA
TB_090926_012A.jpeg,2026-09-09,Turtle_Bay,6,012A,,,1863,1391,BEA
TB_090926_012A.jpeg,2026-09-09,Turtle_Bay,6,012A,,,2049,1674,BEA
TB_090926_012A.jpeg,2026-09-09,Turtle_Bay,6,012A,,,2085,1818,BTurf
TB_090926_012A.jpeg,2026-09-09,Turtle_Bay,6,012A,,,1941,2191,BTurf
TB_090926_012A.jpeg,2026-09-09,Turtle_Bay,6,012A,,,1926,2098,BTurf
TB_090926_012A.jpeg,2026-09-09,Turtle_Bay,6,012A,,,2067,2166,BEA
TB_090926_013A.jpeg,2026-09-09,Turtle_Bay,6,013A,,,399,403,BEA
TB_090926_013A.jpeg,2026-09-09,Turtle_Bay,6,013A,,,466,197,BEA
TB_090926_013A.jpeg,2026-09-09,Turtle_Bay,6,013A,,,286,535,BTurf
TB_090926_013A.jpeg,2026-09-09,Turtle_Bay,6,013A,,,288,972,BTurf
TB_090926_013A.jpeg,2026-09-09,Turtle_Bay,6,013A,,,254,679,BTurf
TB_090926_013A.jpeg,2026-09-09,Turtle_Bay,6,013A,,,348,621,BTurf
TB_090926_013A.jpeg,2026-09-09,Turtle_Bay,6,013A,,,555,870,BTurf
TB_090926_013A.jpeg,2026-09-09,Turtle_Bay,6,013A,,,225,741,BTurf
TB_090926_013A.jpeg,2026-09-09,Turtle_Bay,6,013A,,,297,1018,BTurf
TB_090926_013A.jpeg,2026-09-09,Turtle_Bay,6,013A,,,227,769,BTurf
TB_090926_013A.jpeg,2026-09-09,Turtle_Bay,6,013A,,,511,1414,BEA
TB_090926_013A.jpeg,2026-09-09,Turtle_Bay,6,013A,,,274,1206,BEA
TB_090926_013A.jpeg,2026-09-09,Turtle_Bay,6,013A,,,208,1424,BTurf
TB_090926_013A.jpeg,2026-09-09,Turtle_Bay,6,013A,,,505,1295,BTurf
TB_090926_013A.jpeg,2026-09-09,Turtle_Bay,6,013A,,,531,1358,BTurf
TB_090926_013A.jpeg,2026-09-09,Turtle_Bay,6,013A,,,413,1563,BTurf
TB_090926_013A.jpeg,2026-09-09,Turtle_Bay,6,013A,,,517,1689,BTurf
TB_090926_013A.jpeg,2026-09-09,Turtle_Bay,6,013A,,,218,1517,BEA
TB_090926_013A.jpeg,2026-09-09,Turtle_Bay,6,013A,,,130,1915,BEA
TB_090926_013A.jpeg,2026-09-09,Turtle_Bay,6,013A,,,194,2151,BTurf
TB_090926_013A.jpeg,2026-09-09,Turtle_Bay,6,013A,,,244,2219,BTurf
TB_090926_013A.jpeg,2026-09-09,Turtle_Bay,6,013A,,,193,2063,BTurf
TB_090926_013A.jpeg,2026-09-09,Turtle_Bay,6,013A,,,512,2138,BTurf
TB_090926_013A.jpeg,2026-09-09,Turtle_Bay,6,013A,,,155,2264,BEA
TB_090926_013A.jpeg,2026-09-09,Turtle_Bay,6,013A,,,247,2068,BEA
TB_090926_013A.jpeg,2026-09-09,Turtle_Bay,6,013A,,,879,197,BEA
TB_090926_013A.jpeg,2026-09-09,Turtle_Bay,6,013A,,,954,800,BTurf
TB_090926_013A.jpeg,2026-09-09,Turtle_Bay,6,013A,,,649,1122,BTurf
TB_090926_013A.jpeg,2026-09-09,Turtle_Bay,6,013A,,,645,1421,BTurf
TB_090926_013A.jpeg,2026-09-09,Turtle_Bay,6,013A,,,643,1362,BTurf
TB_090926_013A.jpeg,2026-09-09,Turtle_Bay,6,013A,,,993,1662,BTurf
TB_090926_013A.jpeg,2026-09-09,Turtle_Bay,6,013A,,,826,1543,BTurf
TB_090926_013A.jpeg,2026-09-09,Turtle_Bay,6,013A,,,691,1723,BTurf
TB_090926_013A.jpeg,2026-09-09,Turtle_Bay,6,013A,,,793,2060,BTurf
TB_090926_013A.jpeg,2026-09-09,Turtle_Bay,6,013A,,,899,2165,BTurf
TB_090926_013A.jpeg,2026-09-09,Turtle_Bay,6,013A,,,743,2043,BTurf
TB_090926_013A.jpeg,2026-09-09,Turtle_Bay,6,013A,,,668,2183,BTurf
TB_090926_013A.jpeg,2026-09-09,Turtle_Bay,6,013A,,,884,2231,BTurf
TB_090926_013A.jpeg,2026-09-09,Turtle_Bay,6,013A,,,684,2108,BEA
TB_090926_013A.jpeg,2026-09-09,Turtle_Bay,6,013A,,,1024,490,BTurf
TB_090926_013A.jpeg,2026-09-09,Turtle_Bay,6,013A,,,1244,317,BEA
TB_090926_013A.jpeg,2026-09-09,Turtle_Bay,6,013A,,,1328,171,BEA
TB_090926_013A.jpeg,2026-09-09,Turtle_Bay,6,013A,,,1242,629,BEA
TB_090926_013A.jpeg,2026-09-09,Turtle_Bay,6,013A,,,1083,1068,BTurf
TB_090926_013A.jpeg,2026-09-09,Turtle_Bay,6,013A,,,1282,1375,BTurf
TB_090926_013A.jpeg,2026-09-09,Turtle_Bay,6,013A,,,1066,1383,BTurf
TB_090926_013A.jpeg,2026-09-09,Turtle_Bay,6,013A,,,1396,1684,BTurf
TB_090926_013A.jpeg,2026-09-09,Turtle_Bay,6,013A,,,1070,2196,BTurf
TB_090926_013A.jpeg,2026-09-09,Turtle_Bay,6,013A,,,1369,2078,BTurf
TB_090926_013A.jpeg,2026-09-09,Turtle_Bay,6,013A,,,1257,2228,BEA
TB_090926_013A.jpeg,2026-09-09,Turtle_Bay,6,013A,,,1225,2162,ABREV
TB_090926_013A.jpeg,2026-09-09,Turtle_Bay,6,013A,,,1456,298,BEA
TB_090926_013A.jpeg,2026-09-09,Turtle_Bay,6,013A,,,1846,416,BTurf
TB_090926_013A.jpeg,2026-09-09,Turtle_Bay,6,013A,,,1538,926,BTurf
TB_090926_013A.jpeg,2026-09-09,Turtle_Bay,6,013A,,,1584,811,BEA
TB_090926_013A.jpeg,2026-09-09,Turtle_Bay,6,013A,,,1563,715,BEA
TB_090926_013A.jpeg,2026-09-09,Turtle_Bay,6,013A,,,1607,919,BTurf
TB_090926_013A.jpeg,2026-09-09,Turtle_Bay,6,013A,,,1705,725,BTurf
TB_090926_013A.jpeg,2026-09-09,Turtle_Bay,6,013A,,,1681,1085,BTurf
TB_090926_013A.jpeg,2026-09-09,Turtle_Bay,6,013A,,,1770,1900,BTurf
TB_090926_013A.jpeg,2026-09-09,Turtle_Bay,6,013A,,,1465,2321,BEA
TB_090926_013A.jpeg,2026-09-09,Turtle_Bay,6,013A,,,1474,2177,BTurf
TB_090926_013A.jpeg,2026-09-09,Turtle_Bay,6,013A,,,1788,2286,BTurf
TB_090926_013A.jpeg,2026-09-09,Turtle_Bay,6,013A,,,2082,318,BEA
TB_090926_013A.jpeg,2026-09-09,Turtle_Bay,6,013A,,,2242,480,BEA
TB_090926_013A.jpeg,2026-09-09,Turtle_Bay,6,013A,,,1914,806,BEA
TB_090926_013A.jpeg,2026-09-09,Turtle_Bay,6,013A,,,1960,836,BTurf
TB_090926_013A.jpeg,2026-09-09,Turtle_Bay,6,013A,,,1903,1463,BTurf
TB_090926_013A.jpeg,2026-09-09,Turtle_Bay,6,013A,,,2174,1308,BTurf
TB_090926_013A.jpeg,2026-09-09,Turtle_Bay,6,013A,,,2044,1224,BTurf
TB_090926_013A.jpeg,2026-09-09,Turtle_Bay,6,013A,,,2026,1529,BEA
TB_090926_013A.jpeg,2026-09-09,Turtle_Bay,6,013A,,,1976,1581,BEA
TB_090926_013A.jpeg,2026-09-09,Turtle_Bay,6,013A,,,2132,1544,BEA
TB_090926_013A.jpeg,2026-09-09,Turtle_Bay,6,013A,,,1955,1781,BTurf
TB_090926_013A.jpeg,2026-09-09,Turtle_Bay,6,013A,,,2266,2037,BEA
TB_090926_014A.jpeg,2026-09-09,Turtle_Bay,6,014A,,,533,326,BTurf
TB_090926_014A.jpeg,2026-09-09,Turtle_Bay,6,014A,,,285,226,BTurf
TB_090926_014A.jpeg,2026-09-09,Turtle_Bay,6,014A,,,390,387,BTurf
TB_090926_014A.jpeg,2026-09-09,Turtle_Bay,6,014A,,,362,647,BTurf
TB_090926_014A.jpeg,2026-09-09,Turtle_Bay,6,014A,,,185,970,BTurf
TB_090926_014A.jpeg,2026-09-09,Turtle_Bay,6,014A,,,405,1276,BTurf
TB_090926_014A.jpeg,2026-09-09,Turtle_Bay,6,014A,,,198,1004,BTurf
TB_090926_014A.jpeg,2026-09-09,Turtle_Bay,6,014A,,,524,1344,BTurf
TB_090926_014A.jpeg,2026-09-09,Turtle_Bay,6,014A,,,135,1729,BTurf
TB_090926_014A.jpeg,2026-09-09,Turtle_Bay,6,014A,,,466,1569,BTurf
TB_090926_014A.jpeg,2026-09-09,Turtle_Bay,6,014A,,,272,1572,BTurf
TB_090926_014A.jpeg,2026-09-09,Turtle_Bay,6,014A,,,479,2096,RedTurf
TB_090926_014A.jpeg,2026-09-09,Turtle_Bay,6,014A,,,480,2017,RedTurf
TB_090926_014A.jpeg,2026-09-09,Turtle_Bay,6,014A,,,514,1885,BTurf
TB_090926_014A.jpeg,2026-09-09,Turtle_Bay,6,014A,,,568,448,BTurf
TB_090926_014A.jpeg,2026-09-09,Turtle_Bay,6,014A,,,861,277,BTurf
TB_090926_014A.jpeg,2026-09-09,Turtle_Bay,6,014A,,,813,307,BTurf
TB_090926_014A.jpeg,2026-09-09,Turtle_Bay,6,014A,,,684,550,BTurf
TB_090926_014A.jpeg,2026-09-09,Turtle_Bay,6,014A,,,971,955,BTurf
TB_090926_014A.jpeg,2026-09-09,Turtle_Bay,6,014A,,,810,1203,BTurf
TB_090926_014A.jpeg,2026-09-09,Turtle_Bay,6,014A,,,891,1424,RedTurf
TB_090926_014A.jpeg,2026-09-09,Turtle_Bay,6,014A,,,868,1120,RedTurf
TB_090926_014A.jpeg,2026-09-09,Turtle_Bay,6,014A,,,613,1247,BTurf
TB_090926_014A.jpeg,2026-09-09,Turtle_Bay,6,014A,,,649,1568,RedTurf
TB_090926_014A.jpeg,2026-09-09,Turtle_Bay,6,014A,,,722,1469,RedTurf
TB_090926_014A.jpeg,2026-09-09,Turtle_Bay,6,014A,,,971,1829,BTurf
TB_090926_014A.jpeg,2026-09-09,Turtle_Bay,6,014A,,,705,2058,RedTurf
TB_090926_014A.jpeg,2026-09-09,Turtle_Bay,6,014A,,,756,2198,RedTurf
TB_090926_014A.jpeg,2026-09-09,Turtle_Bay,6,014A,,,1219,273,BTurf
TB_090926_014A.jpeg,2026-09-09,Turtle_Bay,6,014A,,,1325,418,BTurf
TB_090926_014A.jpeg,2026-09-09,Turtle_Bay,6,014A,,,1175,794,BTurf
TB_090926_014A.jpeg,2026-09-09,Turtle_Bay,6,014A,,,1039,744,BTurf
TB_090926_014A.jpeg,2026-09-09,Turtle_Bay,6,014A,,,1311,1195,GTurf
TB_090926_014A.jpeg,2026-09-09,Turtle_Bay,6,014A,,,1205,1423,BTurf
TB_090926_014A.jpeg,2026-09-09,Turtle_Bay,6,014A,,,1122,1163,BTurf
TB_090926_014A.jpeg,2026-09-09,Turtle_Bay,6,014A,,,1047,1841,RedTurf
TB_090926_014A.jpeg,2026-09-09,Turtle_Bay,6,014A,,,1398,1587,BTurf
TB_090926_014A.jpeg,2026-09-09,Turtle_Bay,6,014A,,,1312,1748,RedTurf
TB_090926_014A.jpeg,2026-09-09,Turtle_Bay,6,014A,,,1091,1523,BTurf
TB_090926_014A.jpeg,2026-09-09,Turtle_Bay,6,014A,,,1090,2151,RedTurf
TB_090926_014A.jpeg,2026-09-09,Turtle_Bay,6,014A,,,1088,2033,RedTurf
TB_090926_014A.jpeg,2026-09-09,Turtle_Bay,6,014A,,,1192,2263,RedTurf
TB_090926_014A.jpeg,2026-09-09,Turtle_Bay,6,014A,,,1036,2042,RedTurf
TB_090926_014A.jpeg,2026-09-09,Turtle_Bay,6,014A,,,1335,1897,BEA
TB_090926_014A.jpeg,2026-09-09,Turtle_Bay,6,014A,,,1479,435,BTurf
TB_090926_014A.jpeg,2026-09-09,Turtle_Bay,6,014A,,,1807,270,BTurf
TB_090926_014A.jpeg,2026-09-09,Turtle_Bay,6,014A,,,1565,261,BTurf
TB_090926_014A.jpeg,2026-09-09,Turtle_Bay,6,014A,,,1650,592,BTurf
TB_090926_014A.jpeg,2026-09-09,Turtle_Bay,6,014A,,,1760,875,BTurf
TB_090926_014A.jpeg,2026-09-09,Turtle_Bay,6,014A,,,1571,615,BTurf
TB_090926_014A.jpeg,2026-09-09,Turtle_Bay,6,014A,,,1666,905,BTurf
TB_090926_014A.jpeg,2026-09-09,Turtle_Bay,6,014A,,,1710,1343,BTurf
TB_090926_014A.jpeg,2026-09-09,Turtle_Bay,6,014A,,,1710,1336,BTurf
TB_090926_014A.jpeg,2026-09-09,Turtle_Bay,6,014A,,,1822,1649,BTurf
TB_090926_014A.jpeg,2026-09-09,Turtle_Bay,6,014A,,,1543,1440,BTurf
TB_090926_014A.jpeg,2026-09-09,Turtle_Bay,6,014A,,,1626,1808,BTurf
TB_090926_014A.jpeg,2026-09-09,Turtle_Bay,6,014A,,,1556,1505,BTurf
TB_090926_014A.jpeg,2026-09-09,Turtle_Bay,6,014A,,,1551,1961,BEA
TB_090926_014A.jpeg,2026-09-09,Turtle_Bay,6,014A,,,1598,1928,BEA
TB_090926_014A.jpeg,2026-09-09,Turtle_Bay,6,014A,,,1819,2177,BEA
TB_090926_014A.jpeg,2026-09-09,Turtle_Bay,6,014A,,,1601,2125,RedTurf
TB_090926_014A.jpeg,2026-09-09,Turtle_Bay,6,014A,,,2036,148,BTurf
TB_090926_014A.jpeg,2026-09-09,Turtle_Bay,6,014A,,,2124,212,BTurf
TB_090926_014A.jpeg,2026-09-09,Turtle_Bay,6,014A,,,2264,901,BTurf
TB_090926_014A.jpeg,2026-09-09,Turtle_Bay,6,014A,,,2147,566,BTurf
TB_090926_014A.jpeg,2026-09-09,Turtle_Bay,6,014A,,,2189,609,BTurf
TB_090926_014A.jpeg,2026-09-09,Turtle_Bay,6,014A,,,1900,984,BTurf
TB_090926_014A.jpeg,2026-09-09,Turtle_Bay,6,014A,,,1949,712,BTurf
TB_090926_014A.jpeg,2026-09-09,Turtle_Bay,6,014A,,,2087,730,BTurf
TB_090926_014A.jpeg,2026-09-09,Turtle_Bay,6,014A,,,2215,1201,BTurf
TB_090926_014A.jpeg,2026-09-09,Turtle_Bay,6,014A,,,1857,1281,BTurf
TB_090926_014A.jpeg,2026-09-09,Turtle_Bay,6,014A,,,2172,1061,BTurf
TB_090926_014A.jpeg,2026-09-09,Turtle_Bay,6,014A,,,1927,1181,BTurf
TB_090926_014A.jpeg,2026-09-09,Turtle_Bay,6,014A,,,2076,1835,BTurf
TB_090926_014A.jpeg,2026-09-09,Turtle_Bay,6,014A,,,1849,1958,BTurf
TB_090926_015A.jpeg,2026-09-09,Turtle_Bay,6,015A,,,503,389,BTurf
TB_090926_015A.jpeg,2026-09-09,Turtle_Bay,6,015A,,,246,372,RedTurf
TB_090926_015A.jpeg,2026-09-09,Turtle_Bay,6,015A,,,232,374,RedTurf
TB_090926_015A.jpeg,2026-09-09,Turtle_Bay,6,015A,,,202,750,RedTurf
TB_090926_015A.jpeg,2026-09-09,Turtle_Bay,6,015A,,,248,1295,RedTurf
TB_090926_015A.jpeg,2026-09-09,Turtle_Bay,6,015A,,,266,1361,RedTurf
TB_090926_015A.jpeg,2026-09-09,Turtle_Bay,6,015A,,,374,1322,RedTurf
TB_090926_015A.jpeg,2026-09-09,Turtle_Bay,6,015A,,,246,1833,RedTurf
TB_090926_015A.jpeg,2026-09-09,Turtle_Bay,6,015A,,,224,1658,RedTurf
TB_090926_015A.jpeg,2026-09-09,Turtle_Bay,6,015A,,,483,1783,BTurf
TB_090926_015A.jpeg,2026-09-09,Turtle_Bay,6,015A,,,131,2044,RedTurf
TB_090926_015A.jpeg,2026-09-09,Turtle_Bay,6,015A,,,413,2001,BTurf
TB_090926_015A.jpeg,2026-09-09,Turtle_Bay,6,015A,,,702,226,BTurf
TB_090926_015A.jpeg,2026-09-09,Turtle_Bay,6,015A,,,623,169,BTurf
TB_090926_015A.jpeg,2026-09-09,Turtle_Bay,6,015A,,,1000,473,BTurf
TB_090926_015A.jpeg,2026-09-09,Turtle_Bay,6,015A,,,607,957,BTurf
TB_090926_015A.jpeg,2026-09-09,Turtle_Bay,6,015A,,,639,1378,BTurf
TB_090926_015A.jpeg,2026-09-09,Turtle_Bay,6,015A,,,690,1326,BTurf
TB_090926_015A.jpeg,2026-09-09,Turtle_Bay,6,015A,,,968,1398,BTurf
TB_090926_015A.jpeg,2026-09-09,Turtle_Bay,6,015A,,,1012,1824,RedTurf
TB_090926_015A.jpeg,2026-09-09,Turtle_Bay,6,015A,,,601,1829,BTurf
TB_090926_015A.jpeg,2026-09-09,Turtle_Bay,6,015A,,,642,1930,BTurf
TB_090926_015A.jpeg,2026-09-09,Turtle_Bay,6,015A,,,878,2300,BTurf
TB_090926_015A.jpeg,2026-09-09,Turtle_Bay,6,015A,,,1465,357,RedTurf
TB_090926_015A.jpeg,2026-09-09,Turtle_Bay,6,015A,,,1443,572,BTurf
TB_090926_015A.jpeg,2026-09-09,Turtle_Bay,6,015A,,,1363,188,BTurf
TB_090926_015A.jpeg,2026-09-09,Turtle_Bay,6,015A,,,1427,291,BTurf
TB_090926_015A.jpeg,2026-09-09,Turtle_Bay,6,015A,,,1391,301,BTurf
TB_090926_015A.jpeg,2026-09-09,Turtle_Bay,6,015A,,,1118,780,Unk_Inv
TB_090926_015A.jpeg,2026-09-09,Turtle_Bay,6,015A,,,1407,656,BTurf
TB_090926_015A.jpeg,2026-09-09,Turtle_Bay,6,015A,,,1279,724,BTurf
TB_090926_015A.jpeg,2026-09-09,Turtle_Bay,6,015A,,,1508,1472,BTurf
TB_090926_015A.jpeg,2026-09-09,Turtle_Bay,6,015A,,,1245,1260,BTurf
TB_090926_015A.jpeg,2026-09-09,Turtle_Bay,6,015A,,,1076,1254,BTurf
TB_090926_015A.jpeg,2026-09-09,Turtle_Bay,6,015A,,,1106,1429,BTurf
TB_090926_015A.jpeg,2026-09-09,Turtle_Bay,6,015A,,,1126,1163,BTurf
TB_090926_015A.jpeg,2026-09-09,Turtle_Bay,6,015A,,,1134,1078,BTurf
TB_090926_015A.jpeg,2026-09-09,Turtle_Bay,6,015A,,,1251,1620,BTurf
TB_090926_015A.jpeg,2026-09-09,Turtle_Bay,6,015A,,,1307,1863,RedTurf
TB_090926_015A.jpeg,2026-09-09,Turtle_Bay,6,015A,,,1052,1489,BTurf
TB_090926_015A.jpeg,2026-09-09,Turtle_Bay,6,015A,,,1276,2297,RedTurf
TB_090926_015A.jpeg,2026-09-09,Turtle_Bay,6,015A,,,1487,2107,BTurf
TB_090926_015A.jpeg,2026-09-09,Turtle_Bay,6,015A,,,1333,2249,BTurf
TB_090926_015A.jpeg,2026-09-09,Turtle_Bay,6,015A,,,1242,1966,BTurf
TB_090926_015A.jpeg,2026-09-09,Turtle_Bay,6,015A,,,1236,1996,RedTurf
TB_090926_015A.jpeg,2026-09-09,Turtle_Bay,6,015A,,,1305,2101,RedTurf
TB_090926_015A.jpeg,2026-09-09,Turtle_Bay,6,015A,,,1519,303,BTurf
TB_090926_015A.jpeg,2026-09-09,Turtle_Bay,6,015A,,,1825,477,BTurf
TB_090926_015A.jpeg,2026-09-09,Turtle_Bay,6,015A,,,1878,485,BTurf
TB_090926_015A.jpeg,2026-09-09,Turtle_Bay,6,015A,,,1891,412,BTurf
TB_090926_015A.jpeg,2026-09-09,Turtle_Bay,6,015A,,,1735,137,BTurf
TB_090926_015A.jpeg,2026-09-09,Turtle_Bay,6,015A,,,1629,971,BTurf
TB_090926_015A.jpeg,2026-09-09,Turtle_Bay,6,015A,,,1819,609,BTurf
TB_090926_015A.jpeg,2026-09-09,Turtle_Bay,6,015A,,,1516,890,BTurf
TB_090926_015A.jpeg,2026-09-09,Turtle_Bay,6,015A,,,1576,1425,BTurf
TB_090926_015A.jpeg,2026-09-09,Turtle_Bay,6,015A,,,1693,1363,BTurf
TB_090926_015A.jpeg,2026-09-09,Turtle_Bay,6,015A,,,1655,1090,BTurf
TB_090926_015A.jpeg,2026-09-09,Turtle_Bay,6,015A,,,1718,1591,BTurf
TB_090926_015A.jpeg,2026-09-09,Turtle_Bay,6,015A,,,1886,1857,BTurf
TB_090926_015A.jpeg,2026-09-09,Turtle_Bay,6,015A,,,1876,1959,BTurf
TB_090926_015A.jpeg,2026-09-09,Turtle_Bay,6,015A,,,1528,2341,BTurf
TB_090926_015A.jpeg,2026-09-09,Turtle_Bay,6,015A,,,1819,2270,BTurf
TB_090926_015A.jpeg,2026-09-09,Turtle_Bay,6,015A,,,1875,2056,BTurf
TB_090926_015A.jpeg,2026-09-09,Turtle_Bay,6,015A,,,2165,795,BTurf
TB_090926_015A.jpeg,2026-09-09,Turtle_Bay,6,015A,,,2358,921,RedTurf
TB_090926_015A.jpeg,2026-09-09,Turtle_Bay,6,015A,,,1988,717,BEA
TB_090926_015A.jpeg,2026-09-09,Turtle_Bay,6,015A,,,2313,1052,BEA
TB_090926_015A.jpeg,2026-09-09,Turtle_Bay,6,015A,,,2275,1340,BEA
TB_090926_015A.jpeg,2026-09-09,Turtle_Bay,6,015A,,,2064,1109,BTurf
TB_090926_015A.jpeg,2026-09-09,Turtle_Bay,6,015A,,,2009,1138,BEA
TB_090926_015A.jpeg,2026-09-09,Turtle_Bay,6,015A,,,2294,1981,BEA
TB_090926_015A.jpeg,2026-09-09,Turtle_Bay,6,015A,,,2160,2208,BEA
TB_090926_015A.jpeg,2026-09-09,Turtle_Bay,6,015A,,,2195,2283,BEA
TB_090926_015A.jpeg,2026-09-09,Turtle_Bay,6,015A,,,2411,2273,Outside
TB_090926_015A.jpeg,2026-09-09,Turtle_Bay,6,015A,,,2335,2351,BTurf
TB_090926_016A.jpeg,2026-09-09,Turtle_Bay,6,016A,,,463,369,BTurf
TB_090926_016A.jpeg,2026-09-09,Turtle_Bay,6,016A,,,385,521,BEA
TB_090926_016A.jpeg,2026-09-09,Turtle_Bay,6,016A,,,127,424,BTurf
TB_090926_016A.jpeg,2026-09-09,Turtle_Bay,6,016A,,,252,598,BTurf
TB_090926_016A.jpeg,2026-09-09,Turtle_Bay,6,016A,,,303,690,BTurf
TB_090926_016A.jpeg,2026-09-09,Turtle_Bay,6,016A,,,120,747,BTurf
TB_090926_016A.jpeg,2026-09-09,Turtle_Bay,6,016A,,,319,577,BTurf
TB_090926_016A.jpeg,2026-09-09,Turtle_Bay,6,016A,,,445,1170,BTurf
TB_090926_016A.jpeg,2026-09-09,Turtle_Bay,6,016A,,,404,1025,BEA
TB_090926_016A.jpeg,2026-09-09,Turtle_Bay,6,016A,,,497,1177,BEA
TB_090926_016A.jpeg,2026-09-09,Turtle_Bay,6,016A,,,212,1744,BEA
TB_090926_016A.jpeg,2026-09-09,Turtle_Bay,6,016A,,,415,1703,BTurf
TB_090926_016A.jpeg,2026-09-09,Turtle_Bay,6,016A,,,377,1391,BEA
TB_090926_016A.jpeg,2026-09-09,Turtle_Bay,6,016A,,,498,1539,BEA
TB_090926_016A.jpeg,2026-09-09,Turtle_Bay,6,016A,,,321,2098,BEA
TB_090926_016A.jpeg,2026-09-09,Turtle_Bay,6,016A,,,203,1843,BTurf
TB_090926_016A.jpeg,2026-09-09,Turtle_Bay,6,016A,,,391,2053,BEA
TB_090926_016A.jpeg,2026-09-09,Turtle_Bay,6,016A,,,129,1955,BTurf
TB_090926_016A.jpeg,2026-09-09,Turtle_Bay,6,016A,,,511,1875,BEA
TB_090926_016A.jpeg,2026-09-09,Turtle_Bay,6,016A,,,303,2066,BEA
TB_090926_016A.jpeg,2026-09-09,Turtle_Bay,6,016A,,,672,270,BTurf
TB_090926_016A.jpeg,2026-09-09,Turtle_Bay,6,016A,,,810,129,GEA
TB_090926_016A.jpeg,2026-09-09,Turtle_Bay,6,016A,,,623,194,BTurf
TB_090926_016A.jpeg,2026-09-09,Turtle_Bay,6,016A,,,828,479,BTurf
TB_090926_016A.jpeg,2026-09-09,Turtle_Bay,6,016A,,,576,281,BEA
TB_090926_016A.jpeg,2026-09-09,Turtle_Bay,6,016A,,,564,286,BEA
TB_090926_016A.jpeg,2026-09-09,Turtle_Bay,6,016A,,,545,518,BTurf
TB_090926_016A.jpeg,2026-09-09,Turtle_Bay,6,016A,,,647,705,BTurf
TB_090926_016A.jpeg,2026-09-09,Turtle_Bay,6,016A,,,688,897,BTurf
TB_090926_016A.jpeg,2026-09-09,Turtle_Bay,6,016A,,,568,652,BTurf
TB_090926_016A.jpeg,2026-09-09,Turtle_Bay,6,016A,,,559,790,BTurf
TB_090926_016A.jpeg,2026-09-09,Turtle_Bay,6,016A,,,758,980,BEA
TB_090926_016A.jpeg,2026-09-09,Turtle_Bay,6,016A,,,896,1020,BEA
TB_090926_016A.jpeg,2026-09-09,Turtle_Bay,6,016A,,,606,1004,BTurf
TB_090926_016A.jpeg,2026-09-09,Turtle_Bay,6,016A,,,808,1652,BTurf
TB_090926_016A.jpeg,2026-09-09,Turtle_Bay,6,016A,,,611,1671,BTurf
TB_090926_016A.jpeg,2026-09-09,Turtle_Bay,6,016A,,,892,1710,BTurf
TB_090926_016A.jpeg,2026-09-09,Turtle_Bay,6,016A,,,649,1982,BTurf
TB_090926_016A.jpeg,2026-09-09,Turtle_Bay,6,016A,,,1154,1050,BTurf
TB_090926_016A.jpeg,2026-09-09,Turtle_Bay,6,016A,,,1132,1321,BEA
TB_090926_016A.jpeg,2026-09-09,Turtle_Bay,6,016A,,,1249,1051,BTurf
TB_090926_016A.jpeg,2026-09-09,Turtle_Bay,6,016A,,,1119,939,BTurf
TB_090926_016A.jpeg,2026-09-09,Turtle_Bay,6,016A,,,1210,934,BTurf
TB_090926_016A.jpeg,2026-09-09,Turtle_Bay,6,016A,,,1109,1281,BTurf
TB_090926_016A.jpeg,2026-09-09,Turtle_Bay,6,016A,,,1085,1133,BTurf
TB_090926_016A.jpeg,2026-09-09,Turtle_Bay,6,016A,,,992,1709,BEA
TB_090926_016A.jpeg,2026-09-09,Turtle_Bay,6,016A,,,1125,1846,BEA
TB_090926_016A.jpeg,2026-09-09,Turtle_Bay,6,016A,,,1217,1939,BEA
TB_090926_016A.jpeg,2026-09-09,Turtle_Bay,6,016A,,,1062,2028,BEA
TB_090926_016A.jpeg,2026-09-09,Turtle_Bay,6,016A,,,1217,1788,BTurf
TB_090926_016A.jpeg,2026-09-09,Turtle_Bay,6,016A,,,1179,2080,Bare-Subst
TB_090926_016A.jpeg,2026-09-09,Turtle_Bay,6,016A,,,1354,489,BTurf
TB_090926_016A.jpeg,2026-09-09,Turtle_Bay,6,016A,,,1357,765,BEA
TB_090926_016A.jpeg,2026-09-09,Turtle_Bay,6,016A,,,1456,533,BEA
TB_090926_016A.jpeg,2026-09-09,Turtle_Bay,6,016A,,,1512,734,BEA
TB_090926_016A.jpeg,2026-09-09,Turtle_Bay,6,016A,,,1606,1149,BTurf
TB_090926_016A.jpeg,2026-09-09,Turtle_Bay,6,016A,,,1672,1519,BTurf
TB_090926_016A.jpeg,2026-09-09,Turtle_Bay,6,016A,,,1689,1486,BTurf
TB_090926_016A.jpeg,2026-09-09,Turtle_Bay,6,016A,,,1565,1541,BTurf
TB_090926_016A.jpeg,2026-09-09,Turtle_Bay,6,016A,,,1426,1746,BTurf
TB_090926_016A.jpeg,2026-09-09,Turtle_Bay,6,016A,,,1349,1371,BEA
TB_090926_016A.jpeg,2026-09-09,Turtle_Bay,6,016A,,,1350,2148,Outside
TB_090926_016A.jpeg,2026-09-09,Turtle_Bay,6,016A,,,1435,2115,BEA
TB_090926_016A.jpeg,2026-09-09,Turtle_Bay,6,016A,,,2097,336,BEA
TB_090926_016A.jpeg,2026-09-09,Turtle_Bay,6,016A,,,1891,474,BEA
TB_090926_016A.jpeg,2026-09-09,Turtle_Bay,6,016A,,,1973,119,BEA
TB_090926_016A.jpeg,2026-09-09,Turtle_Bay,6,016A,,,1944,928,BEA
TB_090926_016A.jpeg,2026-09-09,Turtle_Bay,6,016A,,,2007,612,BEA
TB_090926_016A.jpeg,2026-09-09,Turtle_Bay,6,016A,,,1885,676,BEA
TB_090926_016A.jpeg,2026-09-09,Turtle_Bay,6,016A,,,2010,526,BEA
TB_090926_016A.jpeg,2026-09-09,Turtle_Bay,6,016A,,,1943,1328,BEA
TB_090926_016A.jpeg,2026-09-09,Turtle_Bay,6,016A,,,1872,1070,BEA
TB_090926_016A.jpeg,2026-09-09,Turtle_Bay,6,016A,,,2007,1721,BTurf
TB_090926_016A.jpeg,2026-09-09,Turtle_Bay,6,016A,,,1768,1704,BTurf
TB_090926_016A.jpeg,2026-09-09,Turtle_Bay,6,016A,,,1848,2061,BTurf
TB_090926_026A.jpeg,2026-09-09,Turtle_Bay,6,026A,,,163,241,BTurf
TB_090926_026A.jpeg,2026-09-09,Turtle_Bay,6,026A,,,213,137,BTurf
TB_090926_026A.jpeg,2026-09-09,Turtle_Bay,6,026A,,,133,175,BTurf
TB_090926_026A.jpeg,2026-09-09,Turtle_Bay,6,026A,,,133,951,BTurf
TB_090926_026A.jpeg,2026-09-09,Turtle_Bay,6,026A,,,426,974,BEA
TB_090926_026A.jpeg,2026-09-09,Turtle_Bay,6,026A,,,538,1599,BTurf
TB_090926_026A.jpeg,2026-09-09,Turtle_Bay,6,026A,,,215,1678,BTurf
TB_090926_026A.jpeg,2026-09-09,Turtle_Bay,6,026A,,,122,1400,BTurf
TB_090926_026A.jpeg,2026-09-09,Turtle_Bay,6,026A,,,326,1808,BTurf
TB_090926_026A.jpeg,2026-09-09,Turtle_Bay,6,026A,,,710,505,BTurf
TB_090926_026A.jpeg,2026-09-09,Turtle_Bay,6,026A,,,555,145,BEA
TB_090926_026A.jpeg,2026-09-09,Turtle_Bay,6,026A,,,954,235,BTurf
TB_090926_026A.jpeg,2026-09-09,Turtle_Bay,6,026A,,,583,415,BTurf
TB_090926_026A.jpeg,2026-09-09,Turtle_Bay,6,026A,,,672,929,BTurf
TB_090926_026A.jpeg,2026-09-09,Turtle_Bay,6,026A,,,961,943,BTurf
TB_090926_026A.jpeg,2026-09-09,Turtle_Bay,6,026A,,,592,714,BTurf
TB_090926_026A.jpeg,2026-09-09,Turtle_Bay,6,026A,,,622,944,BTurf
TB_090926_026A.jpeg,2026-09-09,Turtle_Bay,6,026A,,,685,796,BTurf
TB_090926_026A.jpeg,2026-09-09,Turtle_Bay,6,026A,,,960,915,BTurf
TB_090926_026A.jpeg,2026-09-09,Turtle_Bay,6,026A,,,598,1146,BTurf
TB_090926_026A.jpeg,2026-09-09,Turtle_Bay,6,026A,,,890,1603,BTurf
TB_090926_026A.jpeg,2026-09-09,Turtle_Bay,6,026A,,,797,1405,BEA
TB_090926_026A.jpeg,2026-09-09,Turtle_Bay,6,026A,,,930,1527,BTurf
TB_090926_026A.jpeg,2026-09-09,Turtle_Bay,6,026A,,,692,1771,BTurf
TB_090926_026A.jpeg,2026-09-09,Turtle_Bay,6,026A,,,799,1956,BTurf
TB_090926_026A.jpeg,2026-09-09,Turtle_Bay,6,026A,,,730,2031,BTurf
TB_090926_026A.jpeg,2026-09-09,Turtle_Bay,6,026A,,,911,1932,BTurf
TB_090926_026A.jpeg,2026-09-09,Turtle_Bay,6,026A,,,911,1861,BTurf
TB_090926_026A.jpeg,2026-09-09,Turtle_Bay,6,026A,,,722,1885,BTurf
TB_090926_026A.jpeg,2026-09-09,Turtle_Bay,6,026A,,,717,1960,BTurf
TB_090926_026A.jpeg,2026-09-09,Turtle_Bay,6,026A,,,966,2148,BTurf
TB_090926_026A.jpeg,2026-09-09,Turtle_Bay,6,026A,,,1164,342,BTurf
TB_090926_026A.jpeg,2026-09-09,Turtle_Bay,6,026A,,,1132,365,BTurf
TB_090926_026A.jpeg,2026-09-09,Turtle_Bay,6,026A,,,1280,557,BTurf
TB_090926_026A.jpeg,2026-09-09,Turtle_Bay,6,026A,,,1153,883,BTurf
TB_090926_026A.jpeg,2026-09-09,Turtle_Bay,6,026A,,,1368,783,BTurf
TB_090926_026A.jpeg,2026-09-09,Turtle_Bay,6,026A,,,1169,676,BTurf
TB_090926_026A.jpeg,2026-09-09,Turtle_Bay,6,026A,,,1324,1259,BTurf
TB_090926_026A.jpeg,2026-09-09,Turtle_Bay,6,026A,,,1324,1048,BTurf
TB_090926_026A.jpeg,2026-09-09,Turtle_Bay,6,026A,,,1351,1067,BTurf
TB_090926_026A.jpeg,2026-09-09,Turtle_Bay,6,026A,,,1092,1347,BTurf
TB_090926_026A.jpeg,2026-09-09,Turtle_Bay,6,026A,,,1046,1143,BTurf
TB_090926_026A.jpeg,2026-09-09,Turtle_Bay,6,026A,,,978,1442,BTurf
TB_090926_026A.jpeg,2026-09-09,Turtle_Bay,6,026A,,,1372,1500,BTurf
TB_090926_026A.jpeg,2026-09-09,Turtle_Bay,6,026A,,,1159,1599,BTurf
TB_090926_026A.jpeg,2026-09-09,Turtle_Bay,6,026A,,,996,1914,BTurf
TB_090926_026A.jpeg,2026-09-09,Turtle_Bay,6,026A,,,1324,2118,BTurf
TB_090926_026A.jpeg,2026-09-09,Turtle_Bay,6,026A,,,1289,2194,BTurf
TB_090926_026A.jpeg,2026-09-09,Turtle_Bay,6,026A,,,1007,1895,BTurf
TB_090926_026A.jpeg,2026-09-09,Turtle_Bay,6,026A,,,1708,514,BTurf
TB_090926_026A.jpeg,2026-09-09,Turtle_Bay,6,026A,,,1518,257,BEA
TB_090926_026A.jpeg,2026-09-09,Turtle_Bay,6,026A,,,1560,787,BTurf
TB_090926_026A.jpeg,2026-09-09,Turtle_Bay,6,026A,,,1423,708,BTurf
TB_090926_026A.jpeg,2026-09-09,Turtle_Bay,6,026A,,,1672,612,BTurf
TB_090926_026A.jpeg,2026-09-09,Turtle_Bay,6,026A,,,1632,808,BEA
TB_090926_026A.jpeg,2026-09-09,Turtle_Bay,6,026A,,,1758,748,BTurf
TB_090926_026A.jpeg,2026-09-09,Turtle_Bay,6,026A,,,1764,1131,GEA
TB_090926_026A.jpeg,2026-09-09,Turtle_Bay,6,026A,,,1675,1020,BTurf
TB_090926_026A.jpeg,2026-09-09,Turtle_Bay,6,026A,,,1834,1637,BTurf
TB_090926_026A.jpeg,2026-09-09,Turtle_Bay,6,026A,,,1694,1508,BTurf
TB_090926_026A.jpeg,2026-09-09,Turtle_Bay,6,026A,,,1655,2204,BTurf
TB_090926_026A.jpeg,2026-09-09,Turtle_Bay,6,026A,,,2195,418,BTurf
TB_090926_026A.jpeg,2026-09-09,Turtle_Bay,6,026A,,,2148,620,BTurf
TB_090926_026A.jpeg,2026-09-09,Turtle_Bay,6,026A,,,2201,722,BTurf
TB_090926_026A.jpeg,2026-09-09,Turtle_Bay,6,026A,,,1975,1054,CCA
TB_090926_026A.jpeg,2026-09-09,Turtle_Bay,6,026A,,,2068,1422,BTurf
TB_090926_026A.jpeg,2026-09-09,Turtle_Bay,6,026A,,,2127,1563,BTurf
TB_090926_026A.jpeg,2026-09-09,Turtle_Bay,6,026A,,,2249,1746,BTurf
TB_090926_026A.jpeg,2026-09-09,Turtle_Bay,6,026A,,,1937,1723,BEA
TB_090926_026A.jpeg,2026-09-09,Turtle_Bay,6,026A,,,2056,1498,BTurf
TB_090926_026A.jpeg,2026-09-09,Turtle_Bay,6,026A,,,2209,2165,BTurf
TB_090926_026A.jpeg,2026-09-09,Turtle_Bay,6,026A,,,2076,2004,BTurf
TB_090926_026A.jpeg,2026-09-09,Turtle_Bay,6,026A,,,2111,2045,BTurf
TB_090926_026A.jpeg,2026-09-09,Turtle_Bay,6,026A,,,2147,1843,BTurf
TB_090926_026A.jpeg,2026-09-09,Turtle_Bay,6,026A,,,2022,2181,BTurf
TB_090926_026B.jpeg,2026-09-09,Turtle_Bay,6,026B,,,276,124,BTurf
TB_090926_026B.jpeg,2026-09-09,Turtle_Bay,6,026B,,,141,823,GEA
TB_090926_026B.jpeg,2026-09-09,Turtle_Bay,6,026B,,,332,700,BEA
TB_090926_026B.jpeg,2026-09-09,Turtle_Bay,6,026B,,,122,649,BEA
TB_090926_026B.jpeg,2026-09-09,Turtle_Bay,6,026B,,,222,521,BTurf
TB_090926_026B.jpeg,2026-09-09,Turtle_Bay,6,026B,,,135,607,BEA
TB_090926_026B.jpeg,2026-09-09,Turtle_Bay,6,026B,,,403,1051,BTurf
TB_090926_026B.jpeg,2026-09-09,Turtle_Bay,6,026B,,,414,940,BEA
TB_090926_026B.jpeg,2026-09-09,Turtle_Bay,6,026B,,,379,1667,BEA
TB_090926_026B.jpeg,2026-09-09,Turtle_Bay,6,026B,,,491,1515,BEA
TB_090926_026B.jpeg,2026-09-09,Turtle_Bay,6,026B,,,191,1939,BEA
TB_090926_026B.jpeg,2026-09-09,Turtle_Bay,6,026B,,,452,1776,BTurf
TB_090926_026B.jpeg,2026-09-09,Turtle_Bay,6,026B,,,300,2029,BTurf
TB_090926_026B.jpeg,2026-09-09,Turtle_Bay,6,026B,,,432,1940,BEA
TB_090926_026B.jpeg,2026-09-09,Turtle_Bay,6,026B,,,283,1903,BEA
TB_090926_026B.jpeg,2026-09-09,Turtle_Bay,6,026B,,,110,1894,BEA
TB_090926_026B.jpeg,2026-09-09,Turtle_Bay,6,026B,,,182,1926,BEA
TB_090926_026B.jpeg,2026-09-09,Turtle_Bay,6,026B,,,225,1828,BEA
TB_090926_026B.jpeg,2026-09-09,Turtle_Bay,6,026B,,,134,1802,BTurf
TB_090926_026B.jpeg,2026-09-09,Turtle_Bay,6,026B,,,584,207,BEA
TB_090926_026B.jpeg,2026-09-09,Turtle_Bay,6,026B,,,777,229,BEA
TB_090926_026B.jpeg,2026-09-09,Turtle_Bay,6,026B,,,568,359,BEA
TB_090926_026B.jpeg,2026-09-09,Turtle_Bay,6,026B,,,503,289,BEA
TB_090926_026B.jpeg,2026-09-09,Turtle_Bay,6,026B,,,608,1258,BEA
TB_090926_026B.jpeg,2026-09-09,Turtle_Bay,6,026B,,,838,1478,BTurf
TB_090926_026B.jpeg,2026-09-09,Turtle_Bay,6,026B,,,799,1651,BTurf
TB_090926_026B.jpeg,2026-09-09,Turtle_Bay,6,026B,,,702,1653,BTurf
TB_090926_026B.jpeg,2026-09-09,Turtle_Bay,6,026B,,,761,1477,BTurf
TB_090926_026B.jpeg,2026-09-09,Turtle_Bay,6,026B,,,617,1353,BTurf
TB_090926_026B.jpeg,2026-09-09,Turtle_Bay,6,026B,,,829,1614,BTurf
TB_090926_026B.jpeg,2026-09-09,Turtle_Bay,6,026B,,,742,1315,BTurf
TB_090926_026B.jpeg,2026-09-09,Turtle_Bay,6,026B,,,677,1997,BEA
TB_090926_026B.jpeg,2026-09-09,Turtle_Bay,6,026B,,,535,1806,BEA
TB_090926_026B.jpeg,2026-09-09,Turtle_Bay,6,026B,,,840,2062,BTurf
TB_090926_026B.jpeg,2026-09-09,Turtle_Bay,6,026B,,,696,1972,BEA
TB_090926_026B.jpeg,2026-09-09,Turtle_Bay,6,026B,,,586,1715,BTurf
TB_090926_026B.jpeg,2026-09-09,Turtle_Bay,6,026B,,,1036,471,BEA
TB_090926_026B.jpeg,2026-09-09,Turtle_Bay,6,026B,,,1122,503,BEA
TB_090926_026B.jpeg,2026-09-09,Turtle_Bay,6,026B,,,1161,641,BEA
TB_090926_026B.jpeg,2026-09-09,Turtle_Bay,6,026B,,,1194,659,GEA
TB_090926_026B.jpeg,2026-09-09,Turtle_Bay,6,026B,,,1030,830,BEA
TB_090926_026B.jpeg,2026-09-09,Turtle_Bay,6,026B,,,916,1182,BEA
TB_090926_026B.jpeg,2026-09-09,Turtle_Bay,6,026B,,,953,1272,BTurf
TB_090926_026B.jpeg,2026-09-09,Turtle_Bay,6,026B,,,974,1280,BTurf
TB_090926_026B.jpeg,2026-09-09,Turtle_Bay,6,026B,,,1043,1168,BEA
TB_090926_026B.jpeg,2026-09-09,Turtle_Bay,6,026B,,,977,1664,BTurf
TB_090926_026B.jpeg,2026-09-09,Turtle_Bay,6,026B,,,1033,1647,BTurf
TB_090926_026B.jpeg,2026-09-09,Turtle_Bay,6,026B,,,895,1560,BTurf
TB_090926_026B.jpeg,2026-09-09,Turtle_Bay,6,026B,,,1145,1709,BEA
TB_090926_026B.jpeg,2026-09-09,Turtle_Bay,6,026B,,,1474,246,BTurf
TB_090926_026B.jpeg,2026-09-09,Turtle_Bay,6,026B,,,1471,485,BTurf
TB_090926_026B.jpeg,2026-09-09,Turtle_Bay,6,026B,,,1631,310,BTurf
TB_090926_026B.jpeg,2026-09-09,Turtle_Bay,6,026B,,,1538,348,BEA
TB_090926_026B.jpeg,2026-09-09,Turtle_Bay,6,026B,,,1626,386,BTurf
TB_090926_026B.jpeg,2026-09-09,Turtle_Bay,6,026B,,,1501,468,BEA
TB_090926_026B.jpeg,2026-09-09,Turtle_Bay,6,026B,,,1637,543,BEA
TB_090926_026B.jpeg,2026-09-09,Turtle_Bay,6,026B,,,1528,578,BEA
TB_090926_026B.jpeg,2026-09-09,Turtle_Bay,6,026B,,,1417,1190,BTurf
TB_090926_026B.jpeg,2026-09-09,Turtle_Bay,6,026B,,,1521,913,BTurf
TB_090926_026B.jpeg,2026-09-09,Turtle_Bay,6,026B,,,1415,1031,BTurf
TB_090926_026B.jpeg,2026-09-09,Turtle_Bay,6,026B,,,1378,1532,BTurf
TB_090926_026B.jpeg,2026-09-09,Turtle_Bay,6,026B,,,1388,1599,BEA
TB_090926_026B.jpeg,2026-09-09,Turtle_Bay,6,026B,,,1432,1968,BTurf
TB_090926_026B.jpeg,2026-09-09,Turtle_Bay,6,026B,,,1762,239,BTurf
TB_090926_026B.jpeg,2026-09-09,Turtle_Bay,6,026B,,,1759,328,BEA
TB_090926_026B.jpeg,2026-09-09,Turtle_Bay,6,026B,,,1937,680,BEA
TB_090926_026B.jpeg,2026-09-09,Turtle_Bay,6,026B,,,1721,687,BTurf
TB_090926_026B.jpeg,2026-09-09,Turtle_Bay,6,026B,,,1889,779,BEA
TB_090926_026B.jpeg,2026-09-09,Turtle_Bay,6,026B,,,2028,1080,BEA
TB_090926_026B.jpeg,2026-09-09,Turtle_Bay,6,026B,,,1998,925,BEA
TB_090926_026B.jpeg,2026-09-09,Turtle_Bay,6,026B,,,1966,991,BTurf
TB_090926_026B.jpeg,2026-09-09,Turtle_Bay,6,026B,,,1873,2059,BTurf
TB_090926_026B.jpeg,2026-09-09,Turtle_Bay,6,026B,,,1866,1690,BEA
TB_090926_026B.jpeg,2026-09-09,Turtle_Bay,6,026B,,,1944,1678,BTurf
TB_090926_026B.jpeg,2026-09-09,Turtle_Bay,6,026B,,,1808,1779,BTurf
TB_090926_027A.jpeg,2026-09-09,Turtle_Bay,6,027A,,,302,502,BEA
TB_090926_027A.jpeg,2026-09-09,Turtle_Bay,6,027A,,,511,176,BTurf
TB_090926_027A.jpeg,2026-09-09,Turtle_Bay,6,027A,,,344,730,BEA
TB_090926_027A.jpeg,2026-09-09,Turtle_Bay,6,027A,,,423,930,BEA
TB_090926_027A.jpeg,2026-09-09,Turtle_Bay,6,027A,,,164,988,BEA
TB_090926_027A.jpeg,2026-09-09,Turtle_Bay,6,027A,,,485,1440,BTurf
TB_090926_027A.jpeg,2026-09-09,Turtle_Bay,6,027A,,,489,1339,BTurf
TB_090926_027A.jpeg,2026-09-09,Turtle_Bay,6,027A,,,363,1212,BEA
TB_090926_027A.jpeg,2026-09-09,Turtle_Bay,6,027A,,,452,1188,BEA
TB_090926_027A.jpeg,2026-09-09,Turtle_Bay,6,027A,,,393,1678,BTurf
TB_090926_027A.jpeg,2026-09-09,Turtle_Bay,6,027A,,,275,1743,BEA
TB_090926_027A.jpeg,2026-09-09,Turtle_Bay,6,027A,,,350,1696,GEA
TB_090926_027A.jpeg,2026-09-09,Turtle_Bay,6,027A,,,225,2335,BEA
TB_090926_027A.jpeg,2026-09-09,Turtle_Bay,6,027A,,,475,2092,BEA
TB_090926_027A.jpeg,2026-09-09,Turtle_Bay,6,027A,,,631,262,GEA
TB_090926_027A.jpeg,2026-09-09,Turtle_Bay,6,027A,,,704,546,BEA
TB_090926_027A.jpeg,2026-09-09,Turtle_Bay,6,027A,,,569,630,GEA
TB_090926_027A.jpeg,2026-09-09,Turtle_Bay,6,027A,,,995,675,BEA
TB_090926_027A.jpeg,2026-09-09,Turtle_Bay,6,027A,,,850,712,BTurf
TB_090926_027A.jpeg,2026-09-09,Turtle_Bay,6,027A,,,878,1227,BTurf
TB_090926_027A.jpeg,2026-09-09,Turtle_Bay,6,027A,,,569,1117,BTurf
TB_090926_027A.jpeg,2026-09-09,Turtle_Bay,6,027A,,,806,1018,BEA
TB_090926_027A.jpeg,2026-09-09,Turtle_Bay,6,027A,,,871,1054,BTurf
TB_090926_027A.jpeg,2026-09-09,Turtle_Bay,6,027A,,,878,1282,BEA
TB_090926_027A.jpeg,2026-09-09,Turtle_Bay,6,027A,,,596,1226,BEA
TB_090926_027A.jpeg,2026-09-09,Turtle_Bay,6,027A,,,769,1607,BEA
TB_090926_027A.jpeg,2026-09-09,Turtle_Bay,6,027A,,,707,1576,BEA
TB_090926_027A.jpeg,2026-09-09,Turtle_Bay,6,027A,,,601,1846,BEA
TB_090926_027A.jpeg,2026-09-09,Turtle_Bay,6,027A,,,971,1466,GEA
TB_090926_027A.jpeg,2026-09-09,Turtle_Bay,6,027A,,,574,1851,BEA
TB_090926_027A.jpeg,2026-09-09,Turtle_Bay,6,027A,,,956,2316,BEA
TB_090926_027A.jpeg,2026-09-09,Turtle_Bay,6,027A,,,621,2196,BEA
TB_090926_027A.jpeg,2026-09-09,Turtle_Bay,6,027A,,,1186,288,BEA
TB_090926_027A.jpeg,2026-09-09,Turtle_Bay,6,027A,,,1225,208,BTurf
TB_090926_027A.jpeg,2026-09-09,Turtle_Bay,6,027A,,,1398,591,BTurf
TB_090926_027A.jpeg,2026-09-09,Turtle_Bay,6,027A,,,1033,1209,GEA
TB_090926_027A.jpeg,2026-09-09,Turtle_Bay,6,027A,,,1256,1316,BEA
TB_090926_027A.jpeg,2026-09-09,Turtle_Bay,6,027A,,,1230,1806,BTurf
TB_090926_027A.jpeg,2026-09-09,Turtle_Bay,6,027A,,,1067,1740,GEA
TB_090926_027A.jpeg,2026-09-09,Turtle_Bay,6,027A,,,1256,1886,BTurf
TB_090926_027A.jpeg,2026-09-09,Turtle_Bay,6,027A,,,1122,2009,BEA
TB_090926_027A.jpeg,2026-09-09,Turtle_Bay,6,027A,,,1529,453,BEA
TB_090926_027A.jpeg,2026-09-09,Turtle_Bay,6,027A,,,1696,404,BTurf
TB_090926_027A.jpeg,2026-09-09,Turtle_Bay,6,027A,,,1804,718,BTurf
TB_090926_027A.jpeg,2026-09-09,Turtle_Bay,6,027A,,,1565,716,BEA
TB_090926_027A.jpeg,2026-09-09,Turtle_Bay,6,027A,,,1802,997,BTurf
TB_090926_027A.jpeg,2026-09-09,Turtle_Bay,6,027A,,,1588,890,GEA
TB_090926_027A.jpeg,2026-09-09,Turtle_Bay,6,027A,,,1708,580,BTurf
TB_090926_027A.jpeg,2026-09-09,Turtle_Bay,6,027A,,,1790,1361,BTurf
TB_090926_027A.jpeg,2026-09-09,Turtle_Bay,6,027A,,,1820,1369,BTurf
TB_090926_027A.jpeg,2026-09-09,Turtle_Bay,6,027A,,,1622,1111,GEA
TB_090926_027A.jpeg,2026-09-09,Turtle_Bay,6,027A,,,1705,1246,BTurf
TB_090926_027A.jpeg,2026-09-09,Turtle_Bay,6,027A,,,1541,1161,BEA
TB_090926_027A.jpeg,2026-09-09,Turtle_Bay,6,027A,,,1644,1659,BTurf
TB_090926_027A.jpeg,2026-09-09,Turtle_Bay,6,027A,,,1613,1593,BTurf
TB_090926_027A.jpeg,2026-09-09,Turtle_Bay,6,027A,,,1621,2294,BEA
TB_090926_027A.jpeg,2026-09-09,Turtle_Bay,6,027A,,,1659,2163,BTurf
TB_090926_027A.jpeg,2026-09-09,Turtle_Bay,6,027A,,,1810,2205,BTurf
TB_090926_027A.jpeg,2026-09-09,Turtle_Bay,6,027A,,,2263,480,BTurf
TB_090926_027A.jpeg,2026-09-09,Turtle_Bay,6,027A,,,2056,294,BTurf
TB_090926_027A.jpeg,2026-09-09,Turtle_Bay,6,027A,,,1964,246,BTurf
TB_090926_027A.jpeg,2026-09-09,Turtle_Bay,6,027A,,,2207,733,BTurf
TB_090926_027A.jpeg,2026-09-09,Turtle_Bay,6,027A,,,2196,741,BTurf
TB_090926_027A.jpeg,2026-09-09,Turtle_Bay,6,027A,,,1992,1347,GEA
TB_090926_027A.jpeg,2026-09-09,Turtle_Bay,6,027A,,,1966,1215,BTurf
TB_090926_027A.jpeg,2026-09-09,Turtle_Bay,6,027A,,,2223,1628,BTurf
TB_090926_027A.jpeg,2026-09-09,Turtle_Bay,6,027A,,,2046,1782,BTurf
TB_090926_027A.jpeg,2026-09-09,Turtle_Bay,6,027A,,,2166,1484,BTurf
TB_090926_027A.jpeg,2026-09-09,Turtle_Bay,6,027A,,,1965,1664,BEA
TB_090926_027A.jpeg,2026-09-09,Turtle_Bay,6,027A,,,2235,1476,BTurf
TB_090926_027A.jpeg,2026-09-09,Turtle_Bay,6,027A,,,2095,1705,BTurf
TB_090926_027A.jpeg,2026-09-09,Turtle_Bay,6,027A,,,1995,1562,BEA
TB_090926_027A.jpeg,2026-09-09,Turtle_Bay,6,027A,,,2269,1933,BTurf
TB_090926_027A.jpeg,2026-09-09,Turtle_Bay,6,027A,,,2199,2105,BEA
TB_090926_027A.jpeg,2026-09-09,Turtle_Bay,6,027A,,,2026,2032,BEA
TB_090926_027B.jpeg,2026-09-09,Turtle_Bay,6,027B,,,307,208,BEA
TB_090926_027B.jpeg,2026-09-09,Turtle_Bay,6,027B,,,465,496,BEA
TB_090926_027B.jpeg,2026-09-09,Turtle_Bay,6,027B,,,131,158,GEA
TB_090926_027B.jpeg,2026-09-09,Turtle_Bay,6,027B,,,259,774,GEA
TB_090926_027B.jpeg,2026-09-09,Turtle_Bay,6,027B,,,286,524,BEA
TB_090926_027B.jpeg,2026-09-09,Turtle_Bay,6,027B,,,279,1117,BEA
TB_090926_027B.jpeg,2026-09-09,Turtle_Bay,6,027B,,,288,999,BEA
TB_090926_027B.jpeg,2026-09-09,Turtle_Bay,6,027B,,,127,913,BEA
TB_090926_027B.jpeg,2026-09-09,Turtle_Bay,6,027B,,,224,1534,BEA
TB_090926_027B.jpeg,2026-09-09,Turtle_Bay,6,027B,,,312,1326,BEA
TB_090926_027B.jpeg,2026-09-09,Turtle_Bay,6,027B,,,403,1388,BEA
TB_090926_027B.jpeg,2026-09-09,Turtle_Bay,6,027B,,,309,1670,BEA
TB_090926_027B.jpeg,2026-09-09,Turtle_Bay,6,027B,,,455,1907,BEA
TB_090926_027B.jpeg,2026-09-09,Turtle_Bay,6,027B,,,424,1776,BEA
TB_090926_027B.jpeg,2026-09-09,Turtle_Bay,6,027B,,,604,470,BEA
TB_090926_027B.jpeg,2026-09-09,Turtle_Bay,6,027B,,,603,364,GEA
TB_090926_027B.jpeg,2026-09-09,Turtle_Bay,6,027B,,,557,136,BTurf
TB_090926_027B.jpeg,2026-09-09,Turtle_Bay,6,027B,,,828,182,BTurf
TB_090926_027B.jpeg,2026-09-09,Turtle_Bay,6,027B,,,879,825,BTurf
TB_090926_027B.jpeg,2026-09-09,Turtle_Bay,6,027B,,,677,816,BEA
TB_090926_027B.jpeg,2026-09-09,Turtle_Bay,6,027B,,,608,828,BEA
TB_090926_027B.jpeg,2026-09-09,Turtle_Bay,6,027B,,,559,522,BEA
TB_090926_027B.jpeg,2026-09-09,Turtle_Bay,6,027B,,,547,1216,BTurf
TB_090926_027B.jpeg,2026-09-09,Turtle_Bay,6,027B,,,616,1526,BEA
TB_090926_027B.jpeg,2026-09-09,Turtle_Bay,6,027B,,,718,1552,BEA
TB_090926_027B.jpeg,2026-09-09,Turtle_Bay,6,027B,,,665,1507,BEA
TB_090926_027B.jpeg,2026-09-09,Turtle_Bay,6,027B,,,528,1887,BEA
TB_090926_027B.jpeg,2026-09-09,Turtle_Bay,6,027B,,,830,1992,BEA
TB_090926_027B.jpeg,2026-09-09,Turtle_Bay,6,027B,,,992,331,BTurf
TB_090926_027B.jpeg,2026-09-09,Turtle_Bay,6,027B,,,1133,215,BTurf
TB_090926_027B.jpeg,2026-09-09,Turtle_Bay,6,027B,,,997,442,BEA
TB_090926_027B.jpeg,2026-09-09,Turtle_Bay,6,027B,,,1278,250,GEA
TB_090926_027B.jpeg,2026-09-09,Turtle_Bay,6,027B,,,1169,407,BTurf
TB_090926_027B.jpeg,2026-09-09,Turtle_Bay,6,027B,,,1269,632,BEA
TB_090926_027B.jpeg,2026-09-09,Turtle_Bay,6,027B,,,1004,816,BTurf
TB_090926_027B.jpeg,2026-09-09,Turtle_Bay,6,027B,,,1186,819,BTurf
TB_090926_027B.jpeg,2026-09-09,Turtle_Bay,6,027B,,,1097,870,BTurf
TB_090926_027B.jpeg,2026-09-09,Turtle_Bay,6,027B,,,1139,645,BEA
TB_090926_027B.jpeg,2026-09-09,Turtle_Bay,6,027B,,,978,960,BTurf
TB_090926_027B.jpeg,2026-09-09,Turtle_Bay,6,027B,,,1081,1269,BEA
TB_090926_027B.jpeg,2026-09-09,Turtle_Bay,6,027B,,,1248,1106,BEA
TB_090926_027B.jpeg,2026-09-09,Turtle_Bay,6,027B,,,1147,1850,BEA
TB_090926_027B.jpeg,2026-09-09,Turtle_Bay,6,027B,,,1259,1996,BEA
TB_090926_027B.jpeg,2026-09-09,Turtle_Bay,6,027B,,,1102,2042,BEA
TB_090926_027B.jpeg,2026-09-09,Turtle_Bay,6,027B,,,1208,2012,BEA
TB_090926_027B.jpeg,2026-09-09,Turtle_Bay,6,027B,,,1521,488,BEA
TB_090926_027B.jpeg,2026-09-09,Turtle_Bay,6,027B,,,1409,501,BEA
TB_090926_027B.jpeg,2026-09-09,Turtle_Bay,6,027B,,,1417,491,BEA
TB_090926_027B.jpeg,2026-09-09,Turtle_Bay,6,027B,,,1311,1177,BTurf
TB_090926_027B.jpeg,2026-09-09,Turtle_Bay,6,027B,,,1421,1167,BEA
TB_090926_027B.jpeg,2026-09-09,Turtle_Bay,6,027B,,,1301,979,BTurf
TB_090926_027B.jpeg,2026-09-09,Turtle_Bay,6,027B,,,1635,1030,BEA
TB_090926_027B.jpeg,2026-09-09,Turtle_Bay,6,027B,,,1615,1344,BEA
TB_090926_027B.jpeg,2026-09-09,Turtle_Bay,6,027B,,,1384,1531,BEA
TB_090926_027B.jpeg,2026-09-09,Turtle_Bay,6,027B,,,1439,1585,GEA
TB_090926_027B.jpeg,2026-09-09,Turtle_Bay,6,027B,,,1540,1521,BTurf
TB_090926_027B.jpeg,2026-09-09,Turtle_Bay,6,027B,,,1379,1837,BEA
TB_090926_027B.jpeg,2026-09-09,Turtle_Bay,6,027B,,,1466,2062,BEA
TB_090926_027B.jpeg,2026-09-09,Turtle_Bay,6,027B,,,1784,367,BEA
TB_090926_027B.jpeg,2026-09-09,Turtle_Bay,6,027B,,,1950,388,BEA
TB_090926_027B.jpeg,2026-09-09,Turtle_Bay,6,027B,,,2006,598,BEA
TB_090926_027B.jpeg,2026-09-09,Turtle_Bay,6,027B,,,1901,624,BEA
TB_090926_027B.jpeg,2026-09-09,Turtle_Bay,6,027B,,,1863,701,BEA
TB_090926_027B.jpeg,2026-09-09,Turtle_Bay,6,027B,,,2081,1206,BEA
TB_090926_027B.jpeg,2026-09-09,Turtle_Bay,6,027B,,,2028,904,BTurf
TB_090926_027B.jpeg,2026-09-09,Turtle_Bay,6,027B,,,1978,1242,BTurf
TB_090926_027B.jpeg,2026-09-09,Turtle_Bay,6,027B,,,1962,1185,BTurf
TB_090926_027B.jpeg,2026-09-09,Turtle_Bay,6,027B,,,1748,957,BEA
TB_090926_027B.jpeg,2026-09-09,Turtle_Bay,6,027B,,,1894,1143,BTurf
TB_090926_027B.jpeg,2026-09-09,Turtle_Bay,6,027B,,,1801,1568,BEA
TB_090926_027B.jpeg,2026-09-09,Turtle_Bay,6,027B,,,1862,1467,BEA
TB_090926_027B.jpeg,2026-09-09,Turtle_Bay,6,027B,,,1925,1708,BEA
TB_090926_027B.jpeg,2026-09-09,Turtle_Bay,6,027B,,,1963,1813,BEA
TB_090926_027B.jpeg,2026-09-09,Turtle_Bay,6,027B,,,1953,1874,BEA
TB_090926_027B.jpeg,2026-09-09,Turtle_Bay,6,027B,,,1888,1890,BEA
TB_090926_028A.jpeg,2026-09-09,Turtle_Bay,6,028A,,,411,143,BEA
TB_090926_028A.jpeg,2026-09-09,Turtle_Bay,6,028A,,,397,340,BEA
TB_090926_028A.jpeg,2026-09-09,Turtle_Bay,6,028A,,,138,677,BEA
TB_090926_028A.jpeg,2026-09-09,Turtle_Bay,6,028A,,,171,591,BEA
TB_090926_028A.jpeg,2026-09-09,Turtle_Bay,6,028A,,,459,737,BEA
TB_090926_028A.jpeg,2026-09-09,Turtle_Bay,6,028A,,,155,1250,BTurf
TB_090926_028A.jpeg,2026-09-09,Turtle_Bay,6,028A,,,277,1014,BEA
TB_090926_028A.jpeg,2026-09-09,Turtle_Bay,6,028A,,,381,1350,BTurf
TB_090926_028A.jpeg,2026-09-09,Turtle_Bay,6,028A,,,299,1124,BEA
TB_090926_028A.jpeg,2026-09-09,Turtle_Bay,6,028A,,,356,1028,BEA
TB_090926_028A.jpeg,2026-09-09,Turtle_Bay,6,028A,,,236,2027,BEA
TB_090926_028A.jpeg,2026-09-09,Turtle_Bay,6,028A,,,496,1885,BEA
TB_090926_028A.jpeg,2026-09-09,Turtle_Bay,6,028A,,,536,440,BEA
TB_090926_028A.jpeg,2026-09-09,Turtle_Bay,6,028A,,,898,181,BTurf
TB_090926_028A.jpeg,2026-09-09,Turtle_Bay,6,028A,,,878,638,BTurf
TB_090926_028A.jpeg,2026-09-09,Turtle_Bay,6,028A,,,884,609,BTurf
TB_090926_028A.jpeg,2026-09-09,Turtle_Bay,6,028A,,,691,956,BTurf
TB_090926_028A.jpeg,2026-09-09,Turtle_Bay,6,028A,,,644,956,BTurf
TB_090926_028A.jpeg,2026-09-09,Turtle_Bay,6,028A,,,574,989,BEA
TB_090926_028A.jpeg,2026-09-09,Turtle_Bay,6,028A,,,711,1111,BTurf
TB_090926_028A.jpeg,2026-09-09,Turtle_Bay,6,028A,,,877,1344,BEA
TB_090926_028A.jpeg,2026-09-09,Turtle_Bay,6,028A,,,573,1332,BEA
TB_090926_028A.jpeg,2026-09-09,Turtle_Bay,6,028A,,,536,1763,BTurf
TB_090926_028A.jpeg,2026-09-09,Turtle_Bay,6,028A,,,898,1699,BTurf
TB_090926_028A.jpeg,2026-09-09,Turtle_Bay,6,028A,,,659,1671,BTurf
TB_090926_028A.jpeg,2026-09-09,Turtle_Bay,6,028A,,,913,1657,BTurf
TB_090926_028A.jpeg,2026-09-09,Turtle_Bay,6,028A,,,846,2090,BTurf
TB_090926_028A.jpeg,2026-09-09,Turtle_Bay,6,028A,,,719,1815,BEA
TB_090926_028A.jpeg,2026-09-09,Turtle_Bay,6,028A,,,548,2002,BEA
TB_090926_028A.jpeg,2026-09-09,Turtle_Bay,6,028A,,,737,2043,BEA
TB_090926_028A.jpeg,2026-09-09,Turtle_Bay,6,028A,,,1078,280,BTurf
TB_090926_028A.jpeg,2026-09-09,Turtle_Bay,6,028A,,,1365,374,BTurf
TB_090926_028A.jpeg,2026-09-09,Turtle_Bay,6,028A,,,1215,872,BEA
TB_090926_028A.jpeg,2026-09-09,Turtle_Bay,6,028A,,,1097,1140,BTurf
TB_090926_028A.jpeg,2026-09-09,Turtle_Bay,6,028A,,,1311,1040,BEA
TB_090926_028A.jpeg,2026-09-09,Turtle_Bay,6,028A,,,1116,1502,BEA
TB_090926_028A.jpeg,2026-09-09,Turtle_Bay,6,028A,,,1082,1731,BTurf
TB_090926_028A.jpeg,2026-09-09,Turtle_Bay,6,028A,,,1290,1404,BTurf
TB_090926_028A.jpeg,2026-09-09,Turtle_Bay,6,028A,,,1204,2105,BEA
TB_090926_028A.jpeg,2026-09-09,Turtle_Bay,6,028A,,,1194,2098,BEA
TB_090926_028A.jpeg,2026-09-09,Turtle_Bay,6,028A,,,1301,2058,BTurf
TB_090926_028A.jpeg,2026-09-09,Turtle_Bay,6,028A,,,1034,1904,BEA
TB_090926_028A.jpeg,2026-09-09,Turtle_Bay,6,028A,,,1194,2111,BEA
TB_090926_028A.jpeg,2026-09-09,Turtle_Bay,6,028A,,,1442,193,BEA
TB_090926_028A.jpeg,2026-09-09,Turtle_Bay,6,028A,,,1433,150,BEA
TB_090926_028A.jpeg,2026-09-09,Turtle_Bay,6,028A,,,1603,352,BEA
TB_090926_028A.jpeg,2026-09-09,Turtle_Bay,6,028A,,,1749,316,BEA
TB_090926_028A.jpeg,2026-09-09,Turtle_Bay,6,028A,,,1488,784,BEA
TB_090926_028A.jpeg,2026-09-09,Turtle_Bay,6,028A,,,1712,748,BEA
TB_090926_028A.jpeg,2026-09-09,Turtle_Bay,6,028A,,,1725,896,BTurf
TB_090926_028A.jpeg,2026-09-09,Turtle_Bay,6,028A,,,1782,1254,BTurf
TB_090926_028A.jpeg,2026-09-09,Turtle_Bay,6,028A,,,1543,1046,BTurf
TB_090926_028A.jpeg,2026-09-09,Turtle_Bay,6,028A,,,1481,1102,BTurf
TB_090926_028A.jpeg,2026-09-09,Turtle_Bay,6,028A,,,1508,1702,BTurf
TB_090926_028A.jpeg,2026-09-09,Turtle_Bay,6,028A,,,1592,1608,BEA
TB_090926_028A.jpeg,2026-09-09,Turtle_Bay,6,028A,,,1542,1993,BTurf
TB_090926_028A.jpeg,2026-09-09,Turtle_Bay,6,028A,,,1474,2148,BTurf
TB_090926_028A.jpeg,2026-09-09,Turtle_Bay,6,028A,,,1535,2146,BTurf
TB_090926_028A.jpeg,2026-09-09,Turtle_Bay,6,028A,,,1596,1964,BTurf
TB_090926_028A.jpeg,2026-09-09,Turtle_Bay,6,028A,,,1644,1845,BTurf
TB_090926_028A.jpeg,2026-09-09,Turtle_Bay,6,028A,,,1676,1952,BTurf
TB_090926_028A.jpeg,2026-09-09,Turtle_Bay,6,028A,,,2002,285,BTurf
TB_090926_028A.jpeg,2026-09-09,Turtle_Bay,6,028A,,,2121,753,BEA
TB_090926_028A.jpeg,2026-09-09,Turtle_Bay,6,028A,,,2179,929,BEA
TB_090926_028A.jpeg,2026-09-09,Turtle_Bay,6,028A,,,1967,720,BEA
TB_090926_028A.jpeg,2026-09-09,Turtle_Bay,6,028A,,,1809,662,BTurf
TB_090926_028A.jpeg,2026-09-09,Turtle_Bay,6,028A,,,2005,1157,BTurf
TB_090926_028A.jpeg,2026-09-09,Turtle_Bay,6,028A,,,2046,1474,BEA
TB_090926_028A.jpeg,2026-09-09,Turtle_Bay,6,028A,,,2110,1717,BTurf
TB_090926_028A.jpeg,2026-09-09,Turtle_Bay,6,028A,,,1869,1737,BTurf
TB_090926_028A.jpeg,2026-09-09,Turtle_Bay,6,028A,,,1976,1373,BTurf
TB_090926_028A.jpeg,2026-09-09,Turtle_Bay,6,028A,,,2157,1774,GEA
TB_090926_028A.jpeg,2026-09-09,Turtle_Bay,6,028A,,,1822,1969,BTurf
TB_090926_028A.jpeg,2026-09-09,Turtle_Bay,6,028A,,,2185,1854,CCA
TB_090926_028A.jpeg,2026-09-09,Turtle_Bay,6,028A,,,2003,2115,GEA
TB_090926_028B.jpeg,2026-09-09,Turtle_Bay,6,028B,,,166,168,BEA
TB_090926_028B.jpeg,2026-09-09,Turtle_Bay,6,028B,,,115,884,BEA
TB_090926_028B.jpeg,2026-09-09,Turtle_Bay,6,028B,,,473,670,BTurf
TB_090926_028B.jpeg,2026-09-09,Turtle_Bay,6,028B,,,183,701,BTurf
TB_090926_028B.jpeg,2026-09-09,Turtle_Bay,6,028B,,,334,1289,BEA
TB_090926_028B.jpeg,2026-09-09,Turtle_Bay,6,028B,,,177,1251,BTurf
TB_090926_028B.jpeg,2026-09-09,Turtle_Bay,6,028B,,,466,1607,BTurf
TB_090926_028B.jpeg,2026-09-09,Turtle_Bay,6,028B,,,204,1397,BTurf
TB_090926_028B.jpeg,2026-09-09,Turtle_Bay,6,028B,,,187,1617,BEA
TB_090926_028B.jpeg,2026-09-09,Turtle_Bay,6,028B,,,184,2144,BEA
TB_090926_028B.jpeg,2026-09-09,Turtle_Bay,6,028B,,,234,2140,BEA
TB_090926_028B.jpeg,2026-09-09,Turtle_Bay,6,028B,,,128,1832,BEA
TB_090926_028B.jpeg,2026-09-09,Turtle_Bay,6,028B,,,214,2050,BEA
TB_090926_028B.jpeg,2026-09-09,Turtle_Bay,6,028B,,,420,1843,BTurf
TB_090926_028B.jpeg,2026-09-09,Turtle_Bay,6,028B,,,338,1867,BEA
TB_090926_028B.jpeg,2026-09-09,Turtle_Bay,6,028B,,,888,457,BEA
TB_090926_028B.jpeg,2026-09-09,Turtle_Bay,6,028B,,,656,731,BTurf
TB_090926_028B.jpeg,2026-09-09,Turtle_Bay,6,028B,,,922,591,BTurf
TB_090926_028B.jpeg,2026-09-09,Turtle_Bay,6,028B,,,773,666,BTurf
TB_090926_028B.jpeg,2026-09-09,Turtle_Bay,6,028B,,,775,1204,BEA
TB_090926_028B.jpeg,2026-09-09,Turtle_Bay,6,028B,,,712,1273,BTurf
TB_090926_028B.jpeg,2026-09-09,Turtle_Bay,6,028B,,,706,1061,BTurf
TB_090926_028B.jpeg,2026-09-09,Turtle_Bay,6,028B,,,879,1126,BTurf
TB_090926_028B.jpeg,2026-09-09,Turtle_Bay,6,028B,,,793,1487,BEA
TB_090926_028B.jpeg,2026-09-09,Turtle_Bay,6,028B,,,622,1554,BTurf
TB_090926_028B.jpeg,2026-09-09,Turtle_Bay,6,028B,,,646,1720,BEA
TB_090926_028B.jpeg,2026-09-09,Turtle_Bay,6,028B,,,773,1487,BTurf
TB_090926_028B.jpeg,2026-09-09,Turtle_Bay,6,028B,,,841,1924,BTurf
TB_090926_028B.jpeg,2026-09-09,Turtle_Bay,6,028B,,,829,2042,BEA
TB_090926_028B.jpeg,2026-09-09,Turtle_Bay,6,028B,,,988,351,BEA
TB_090926_028B.jpeg,2026-09-09,Turtle_Bay,6,028B,,,1258,175,BTurf
TB_090926_028B.jpeg,2026-09-09,Turtle_Bay,6,028B,,,1201,230,BTurf
TB_090926_028B.jpeg,2026-09-09,Turtle_Bay,6,028B,,,1014,746,BEA
TB_090926_028B.jpeg,2026-09-09,Turtle_Bay,6,028B,,,1004,920,BTurf
TB_090926_028B.jpeg,2026-09-09,Turtle_Bay,6,028B,,,1111,574,BTurf
TB_090926_028B.jpeg,2026-09-09,Turtle_Bay,6,028B,,,977,711,BTurf
TB_090926_028B.jpeg,2026-09-09,Turtle_Bay,6,028B,,,1133,1359,BTurf
TB_090926_028B.jpeg,2026-09-09,Turtle_Bay,6,028B,,,1084,1333,BEA
TB_090926_028B.jpeg,2026-09-09,Turtle_Bay,6,028B,,,1106,1389,BEA
TB_090926_028B.jpeg,2026-09-09,Turtle_Bay,6,028B,,,1247,1418,BTurf
TB_090926_028B.jpeg,2026-09-09,Turtle_Bay,6,028B,,,1348,264,BEA
TB_090926_028B.jpeg,2026-09-09,Turtle_Bay,6,028B,,,1664,438,BEA
TB_090926_028B.jpeg,2026-09-09,Turtle_Bay,6,028B,,,1427,422,BEA
TB_090926_028B.jpeg,2026-09-09,Turtle_Bay,6,028B,,,1742,836,BEA
TB_090926_028B.jpeg,2026-09-09,Turtle_Bay,6,028B,,,1463,765,BEA
TB_090926_028B.jpeg,2026-09-09,Turtle_Bay,6,028B,,,1557,735,BEA
TB_090926_028B.jpeg,2026-09-09,Turtle_Bay,6,028B,,,1512,611,BTurf
TB_090926_028B.jpeg,2026-09-09,Turtle_Bay,6,028B,,,1433,974,BEA
TB_090926_028B.jpeg,2026-09-09,Turtle_Bay,6,028B,,,1513,1061,BTurf
TB_090926_028B.jpeg,2026-09-09,Turtle_Bay,6,028B,,,1514,1629,BTurf
TB_090926_028B.jpeg,2026-09-09,Turtle_Bay,6,028B,,,1627,1725,BEA
TB_090926_028B.jpeg,2026-09-09,Turtle_Bay,6,028B,,,1595,1716,BEA
TB_090926_028B.jpeg,2026-09-09,Turtle_Bay,6,028B,,,1590,1766,BEA
TB_090926_028B.jpeg,2026-09-09,Turtle_Bay,6,028B,,,1509,1778,BTurf
TB_090926_028B.jpeg,2026-09-09,Turtle_Bay,6,028B,,,1720,1882,BTurf
TB_090926_028B.jpeg,2026-09-09,Turtle_Bay,6,028B,,,1421,2021,BTurf
TB_090926_028B.jpeg,2026-09-09,Turtle_Bay,6,028B,,,2098,329,BEA
TB_090926_028B.jpeg,2026-09-09,Turtle_Bay,6,028B,,,2144,312,BEA
TB_090926_028B.jpeg,2026-09-09,Turtle_Bay,6,028B,,,2058,778,BEA
TB_090926_028B.jpeg,2026-09-09,Turtle_Bay,6,028B,,,1898,842,BTurf
TB_090926_028B.jpeg,2026-09-09,Turtle_Bay,6,028B,,,1942,742,BEA
TB_090926_028B.jpeg,2026-09-09,Turtle_Bay,6,028B,,,2072,934,BTurf
TB_090926_028B.jpeg,2026-09-09,Turtle_Bay,6,028B,,,2001,823,BTurf
TB_090926_028B.jpeg,2026-09-09,Turtle_Bay,6,028B,,,2130,569,BTurf
TB_090926_028B.jpeg,2026-09-09,Turtle_Bay,6,028B,,,1778,1008,BEA
TB_090926_028B.jpeg,2026-09-09,Turtle_Bay,6,028B,,,1842,1134,BTurf
TB_090926_028B.jpeg,2026-09-09,Turtle_Bay,6,028B,,,1974,1179,BTurf
TB_090926_028B.jpeg,2026-09-09,Turtle_Bay,6,028B,,,1982,979,BEA
TB_090926_028B.jpeg,2026-09-09,Turtle_Bay,6,028B,,,1813,987,BEA
TB_090926_028B.jpeg,2026-09-09,Turtle_Bay,6,028B,,,1924,1542,BEA
TB_090926_028B.jpeg,2026-09-09,Turtle_Bay,6,028B,,,1942,1552,BEA
TB_090926_028B.jpeg,2026-09-09,Turtle_Bay,6,028B,,,1854,1927,BEA
TB_090926_028B.jpeg,2026-09-09,Turtle_Bay,6,028B,,,1993,2050,BEA
TB_090926_028B.jpeg,2026-09-09,Turtle_Bay,6,028B,,,2010,1813,BTurf
TB_090926_028B.jpeg,2026-09-09,Turtle_Bay,6,028B,,,2025,1917,BTurf
TB_090926_029A.jpeg,2026-09-09,Turtle_Bay,6,029A,,,362,180,BEA
TB_090926_029A.jpeg,2026-09-09,Turtle_Bay,6,029A,,,323,278,BTurf
TB_090926_029A.jpeg,2026-09-09,Turtle_Bay,6,029A,,,161,384,BEA
TB_090926_029A.jpeg,2026-09-09,Turtle_Bay,6,029A,,,130,175,BEA
TB_090926_029A.jpeg,2026-09-09,Turtle_Bay,6,029A,,,225,623,BEA
TB_090926_029A.jpeg,2026-09-09,Turtle_Bay,6,029A,,,427,531,BEA
TB_090926_029A.jpeg,2026-09-09,Turtle_Bay,6,029A,,,329,876,BTurf
TB_090926_029A.jpeg,2026-09-09,Turtle_Bay,6,029A,,,146,853,BEA
TB_090926_029A.jpeg,2026-09-09,Turtle_Bay,6,029A,,,185,877,BEA
TB_090926_029A.jpeg,2026-09-09,Turtle_Bay,6,029A,,,211,714,BTurf
TB_090926_029A.jpeg,2026-09-09,Turtle_Bay,6,029A,,,238,875,BTurf
TB_090926_029A.jpeg,2026-09-09,Turtle_Bay,6,029A,,,301,1024,BTurf
TB_090926_029A.jpeg,2026-09-09,Turtle_Bay,6,029A,,,290,1182,BTurf
TB_090926_029A.jpeg,2026-09-09,Turtle_Bay,6,029A,,,399,1191,BTurf
TB_090926_029A.jpeg,2026-09-09,Turtle_Bay,6,029A,,,285,1094,BTurf
TB_090926_029A.jpeg,2026-09-09,Turtle_Bay,6,029A,,,375,1069,BEA
TB_090926_029A.jpeg,2026-09-09,Turtle_Bay,6,029A,,,134,1205,BTurf
TB_090926_029A.jpeg,2026-09-09,Turtle_Bay,6,029A,,,146,1513,BEA
TB_090926_029A.jpeg,2026-09-09,Turtle_Bay,6,029A,,,128,1620,BTurf
TB_090926_029A.jpeg,2026-09-09,Turtle_Bay,6,029A,,,355,1656,BEA
TB_090926_029A.jpeg,2026-09-09,Turtle_Bay,6,029A,,,331,1707,BEA
TB_090926_029A.jpeg,2026-09-09,Turtle_Bay,6,029A,,,486,1719,BTurf
TB_090926_029A.jpeg,2026-09-09,Turtle_Bay,6,029A,,,147,1833,BEA
TB_090926_029A.jpeg,2026-09-09,Turtle_Bay,6,029A,,,585,158,BTurf
TB_090926_029A.jpeg,2026-09-09,Turtle_Bay,6,029A,,,553,146,BTurf
TB_090926_029A.jpeg,2026-09-09,Turtle_Bay,6,029A,,,530,674,BTurf
TB_090926_029A.jpeg,2026-09-09,Turtle_Bay,6,029A,,,827,777,BTurf
TB_090926_029A.jpeg,2026-09-09,Turtle_Bay,6,029A,,,836,704,BEA
TB_090926_029A.jpeg,2026-09-09,Turtle_Bay,6,029A,,,806,1079,BEA
TB_090926_029A.jpeg,2026-09-09,Turtle_Bay,6,029A,,,655,1585,BEA
TB_090926_029A.jpeg,2026-09-09,Turtle_Bay,6,029A,,,712,1339,BTurf
TB_090926_029A.jpeg,2026-09-09,Turtle_Bay,6,029A,,,806,1542,BTurf
TB_090926_029A.jpeg,2026-09-09,Turtle_Bay,6,029A,,,785,1472,BTurf
TB_090926_029A.jpeg,2026-09-09,Turtle_Bay,6,029A,,,865,1310,BTurf
TB_090926_029A.jpeg,2026-09-09,Turtle_Bay,6,029A,,,815,1719,BTurf
TB_090926_029A.jpeg,2026-09-09,Turtle_Bay,6,029A,,,658,1757,BEA
TB_090926_029A.jpeg,2026-09-09,Turtle_Bay,6,029A,,,1248,571,BTurf
TB_090926_029A.jpeg,2026-09-09,Turtle_Bay,6,029A,,,959,681,BEA
TB_090926_029A.jpeg,2026-09-09,Turtle_Bay,6,029A,,,1103,890,BEA
TB_090926_029A.jpeg,2026-09-09,Turtle_Bay,6,029A,,,1230,593,BTurf
TB_090926_029A.jpeg,2026-09-09,Turtle_Bay,6,029A,,,1245,521,BTurf
TB_090926_029A.jpeg,2026-09-09,Turtle_Bay,6,029A,,,1288,730,BTurf
TB_090926_029A.jpeg,2026-09-09,Turtle_Bay,6,029A,,,1254,1204,BTurf
TB_090926_029A.jpeg,2026-09-09,Turtle_Bay,6,029A,,,1175,1352,BTurf
TB_090926_029A.jpeg,2026-09-09,Turtle_Bay,6,029A,,,997,1686,BTurf
TB_090926_029A.jpeg,2026-09-09,Turtle_Bay,6,029A,,,1200,1587,BTurf
TB_090926_029A.jpeg,2026-09-09,Turtle_Bay,6,029A,,,1245,1773,BTurf
TB_090926_029A.jpeg,2026-09-09,Turtle_Bay,6,029A,,,1160,1749,BTurf
TB_090926_029A.jpeg,2026-09-09,Turtle_Bay,6,029A,,,1077,1910,BTurf
TB_090926_029A.jpeg,2026-09-09,Turtle_Bay,6,029A,,,1112,2013,BTurf
TB_090926_029A.jpeg,2026-09-09,Turtle_Bay,6,029A,,,1485,166,BEA
TB_090926_029A.jpeg,2026-09-09,Turtle_Bay,6,029A,,,1555,420,BEA
TB_090926_029A.jpeg,2026-09-09,Turtle_Bay,6,029A,,,1662,345,BEA
TB_090926_029A.jpeg,2026-09-09,Turtle_Bay,6,029A,,,1404,774,BTurf
TB_090926_029A.jpeg,2026-09-09,Turtle_Bay,6,029A,,,1560,875,BTurf
TB_090926_029A.jpeg,2026-09-09,Turtle_Bay,6,029A,,,1327,925,BEA
TB_090926_029A.jpeg,2026-09-09,Turtle_Bay,6,029A,,,1672,1154,BEA
TB_090926_029A.jpeg,2026-09-09,Turtle_Bay,6,029A,,,1685,1460,BTurf
TB_090926_029A.jpeg,2026-09-09,Turtle_Bay,6,029A,,,1501,1489,BTurf
TB_090926_029A.jpeg,2026-09-09,Turtle_Bay,6,029A,,,1457,1561,BTurf
TB_090926_029A.jpeg,2026-09-09,Turtle_Bay,6,029A,,,1579,1620,BTurf
TB_090926_029A.jpeg,2026-09-09,Turtle_Bay,6,029A,,,1352,1414,BTurf
TB_090926_029A.jpeg,2026-09-09,Turtle_Bay,6,029A,,,1372,1462,BEA
TB_090926_029A.jpeg,2026-09-09,Turtle_Bay,6,029A,,,1510,1932,BEA
TB_090926_029A.jpeg,2026-09-09,Turtle_Bay,6,029A,,,1885,252,BEA
TB_090926_029A.jpeg,2026-09-09,Turtle_Bay,6,029A,,,2075,386,BEA
TB_090926_029A.jpeg,2026-09-09,Turtle_Bay,6,029A,,,1739,472,BEA
TB_090926_029A.jpeg,2026-09-09,Turtle_Bay,6,029A,,,1810,693,BEA
TB_090926_029A.jpeg,2026-09-09,Turtle_Bay,6,029A,,,2020,913,BEA
TB_090926_029A.jpeg,2026-09-09,Turtle_Bay,6,029A,,,2007,1153,BTurf
TB_090926_029A.jpeg,2026-09-09,Turtle_Bay,6,029A,,,1973,1433,BTurf
TB_090926_029A.jpeg,2026-09-09,Turtle_Bay,6,029A,,,2026,1576,BEA
TB_090926_029A.jpeg,2026-09-09,Turtle_Bay,6,029A,,,1895,1451,BEA
TB_090926_029A.jpeg,2026-09-09,Turtle_Bay,6,029A,,,2133,1982,Outside
TB_090926_029A.jpeg,2026-09-09,Turtle_Bay,6,029A,,,2089,1793,BEA
TB_090926_030B.jpeg,2026-09-09,Turtle_Bay,6,030B,,,200,155,GEA
TB_090926_030B.jpeg,2026-09-09,Turtle_Bay,6,030B,,,318,329,BTurf
TB_090926_030B.jpeg,2026-09-09,Turtle_Bay,6,030B,,,291,95,BEA
TB_090926_030B.jpeg,2026-09-09,Turtle_Bay,6,030B,,,136,532,BTurf
TB_090926_030B.jpeg,2026-09-09,Turtle_Bay,6,030B,,,138,510,BTurf
TB_090926_030B.jpeg,2026-09-09,Turtle_Bay,6,030B,,,106,426,BTurf
TB_090926_030B.jpeg,2026-09-09,Turtle_Bay,6,030B,,,260,589,GEA
TB_090926_030B.jpeg,2026-09-09,Turtle_Bay,6,030B,,,124,796,BTurf
TB_090926_030B.jpeg,2026-09-09,Turtle_Bay,6,030B,,,134,819,BTurf
TB_090926_030B.jpeg,2026-09-09,Turtle_Bay,6,030B,,,178,890,GEA
TB_090926_030B.jpeg,2026-09-09,Turtle_Bay,6,030B,,,73,836,BTurf
TB_090926_030B.jpeg,2026-09-09,Turtle_Bay,6,030B,,,190,650,BTurf
TB_090926_030B.jpeg,2026-09-09,Turtle_Bay,6,030B,,,248,857,GEA
TB_090926_030B.jpeg,2026-09-09,Turtle_Bay,6,030B,,,134,1149,GEA
TB_090926_030B.jpeg,2026-09-09,Turtle_Bay,6,030B,,,480,112,BEA
TB_090926_030B.jpeg,2026-09-09,Turtle_Bay,6,030B,,,492,297,GEA
TB_090926_030B.jpeg,2026-09-09,Turtle_Bay,6,030B,,,466,189,GEA
TB_090926_030B.jpeg,2026-09-09,Turtle_Bay,6,030B,,,498,186,BEA
TB_090926_030B.jpeg,2026-09-09,Turtle_Bay,6,030B,,,356,84,BEA
TB_090926_030B.jpeg,2026-09-09,Turtle_Bay,6,030B,,,336,317,BTurf
TB_090926_030B.jpeg,2026-09-09,Turtle_Bay,6,030B,,,513,395,GEA
TB_090926_030B.jpeg,2026-09-09,Turtle_Bay,6,030B,,,541,802,GEA
TB_090926_030B.jpeg,2026-09-09,Turtle_Bay,6,030B,,,492,889,BEA
TB_090926_030B.jpeg,2026-09-09,Turtle_Bay,6,030B,,,491,1154,GEA
TB_090926_030B.jpeg,2026-09-09,Turtle_Bay,6,030B,,,566,898,BEA
TB_090926_030B.jpeg,2026-09-09,Turtle_Bay,6,030B,,,453,1093,BEA
TB_090926_030B.jpeg,2026-09-09,Turtle_Bay,6,030B,,,508,1147,GEA
TB_090926_030B.jpeg,2026-09-09,Turtle_Bay,6,030B,,,473,949,GEA
TB_090926_030B.jpeg,2026-09-09,Turtle_Bay,6,030B,,,383,1074,BEA
TB_090926_030B.jpeg,2026-09-09,Turtle_Bay,6,030B,,,513,1272,BEA
TB_090926_030B.jpeg,2026-09-09,Turtle_Bay,6,030B,,,542,1436,BTurf
TB_090926_030B.jpeg,2026-09-09,Turtle_Bay,6,030B,,,406,1245,GEA
TB_090926_030B.jpeg,2026-09-09,Turtle_Bay,6,030B,,,691,126,BEA
TB_090926_030B.jpeg,2026-09-09,Turtle_Bay,6,030B,,,847,274,BEA
TB_090926_030B.jpeg,2026-09-09,Turtle_Bay,6,030B,,,853,567,BEA
TB_090926_030B.jpeg,2026-09-09,Turtle_Bay,6,030B,,,731,548,BTurf
TB_090926_030B.jpeg,2026-09-09,Turtle_Bay,6,030B,,,679,522,BTurf
TB_090926_030B.jpeg,2026-09-09,Turtle_Bay,6,030B,,,639,863,GEA
TB_090926_030B.jpeg,2026-09-09,Turtle_Bay,6,030B,,,780,886,GEA
TB_090926_030B.jpeg,2026-09-09,Turtle_Bay,6,030B,,,756,1010,GEA
TB_090926_030B.jpeg,2026-09-09,Turtle_Bay,6,030B,,,605,899,GEA
TB_090926_030B.jpeg,2026-09-09,Turtle_Bay,6,030B,,,718,993,BTurf
TB_090926_030B.jpeg,2026-09-09,Turtle_Bay,6,030B,,,808,1025,GEA
TB_090926_030B.jpeg,2026-09-09,Turtle_Bay,6,030B,,,623,1372,BEA
TB_090926_030B.jpeg,2026-09-09,Turtle_Bay,6,030B,,,646,1332,BEA
TB_090926_030B.jpeg,2026-09-09,Turtle_Bay,6,030B,,,898,247,BTurf
TB_090926_030B.jpeg,2026-09-09,Turtle_Bay,6,030B,,,985,254,BTurf
TB_090926_030B.jpeg,2026-09-09,Turtle_Bay,6,030B,,,1051,277,BTurf
TB_090926_030B.jpeg,2026-09-09,Turtle_Bay,6,030B,,,946,253,BTurf
TB_090926_030B.jpeg,2026-09-09,Turtle_Bay,6,030B,,,1095,83,BTurf
TB_090926_030B.jpeg,2026-09-09,Turtle_Bay,6,030B,,,1056,457,BEA
TB_090926_030B.jpeg,2026-09-09,Turtle_Bay,6,030B,,,1011,736,BTurf
TB_090926_030B.jpeg,2026-09-09,Turtle_Bay,6,030B,,,1040,749,BTurf
TB_090926_030B.jpeg,2026-09-09,Turtle_Bay,6,030B,,,1029,1094,BTurf
TB_090926_030B.jpeg,2026-09-09,Turtle_Bay,6,030B,,,996,953,BEA
TB_090926_030B.jpeg,2026-09-09,Turtle_Bay,6,030B,,,910,966,GEA
TB_090926_030B.jpeg,2026-09-09,Turtle_Bay,6,030B,,,924,1437,BEA
TB_090926_030B.jpeg,2026-09-09,Turtle_Bay,6,030B,,,990,1242,GEA
TB_090926_030B.jpeg,2026-09-09,Turtle_Bay,6,030B,,,1315,269,BEA
TB_090926_030B.jpeg,2026-09-09,Turtle_Bay,6,030B,,,1295,305,BTurf
TB_090926_030B.jpeg,2026-09-09,Turtle_Bay,6,030B,,,1263,107,BEA
TB_090926_030B.jpeg,2026-09-09,Turtle_Bay,6,030B,,,1307,380,BEA
TB_090926_030B.jpeg,2026-09-09,Turtle_Bay,6,030B,,,1208,450,BEA
TB_090926_030B.jpeg,2026-09-09,Turtle_Bay,6,030B,,,1188,594,BTurf
TB_090926_030B.jpeg,2026-09-09,Turtle_Bay,6,030B,,,1229,820,GEA
TB_090926_030B.jpeg,2026-09-09,Turtle_Bay,6,030B,,,1218,1055,BTurf
TB_090926_030B.jpeg,2026-09-09,Turtle_Bay,6,030B,,,1170,969,BEA
TB_090926_030B.jpeg,2026-09-09,Turtle_Bay,6,030B,,,1279,978,BEA
TB_090926_030B.jpeg,2026-09-09,Turtle_Bay,6,030B,,,1133,1211,BEA
TB_090926_030B.jpeg,2026-09-09,Turtle_Bay,6,030B,,,1187,1329,BEA
TB_090926_030B.jpeg,2026-09-09,Turtle_Bay,6,030B,,,1192,1201,BEA
TB_090926_030B.jpeg,2026-09-09,Turtle_Bay,6,030B,,,1199,1169,BEA
TB_090926_030B.jpeg,2026-09-09,Turtle_Bay,6,030B,,,1158,1267,BEA
TB_090926_030B.jpeg,2026-09-09,Turtle_Bay,6,030B,,,1254,1377,GEA
TB_090926_030B.jpeg,2026-09-09,Turtle_Bay,6,030B,,,1363,1390,BEA
